Disease,symptoms
Abdominal aortic aneurysm,abdominal aortic aneurysm no symptoms
Acanthosis nigricans,main symptom acanthosis nigricans patches skin darker thicker usual
Achalasia,achalasia symptoms
Acne,acne commonly
Acoustic neuroma (vestibular schwannoma),acoustic neuroma obvious symptoms
Acromegaly,symptoms acromegaly slowly they
Actinic keratoses (solar keratoses),actinic keratoses patches
Anaemia,tiredness dizziness light-headed cold hands feet headache shortness breath especially exertion pale mucous membranes pale skin fingernails rapid breathing heart rate dizziness when standing up bruising easily
Animal_Bite,pain swelling necrosis infection signs redness pus fever rabies symptoms agitation hydrophobia
Anxiety Disorders,excessive fear worry panic attacks trouble concentrating irritability nausea heart palpitations sweating trembling sleep disturbances sense impending doom
Asbestos,chronic cough chest pain difficulty breathing latent symptoms mesothelioma
Asthma,persistent cough wheezing shortness breath chest tightness worsening symptoms exercise cold
Autism,social interaction difficulties communication challenges repetitive behaviors sensory sensitivities co-occurring conditions epilepsy adhd
Bacterial Vaginosis,unusual vaginal discharge fishy odor vaginal itching burning urination
Bipolar Disorder,manic episodes euphoria sudden mood shifts irritability agitation highly inflated self-esteem rapid speech shifting ideas trouble concentrating decreased need sleep reckless behavior overspending risky sexual activity fixed grandiose persecutory beliefs depressive episodes sadness irritability emptiness loss interest activities poor concentration excessive guilt low self-worth hopelessness thoughts dying suicide disrupted sleep changes appetite weight fatigue low energy
Birth Defects,structural anomalies e g heart defects cleft lip palate functional anomalies e g metabolic disorders intellectual disability physical disabilities
Blindness And Visual Impairment,blurred vision loss vision difficulty low light blind spots eye pain cases
Blood Safety And Availability,applicable entry focuses blood transfusion systems disease
Botulism,fatigue weakness vertigo blurred vision dry mouth difficulty swallowing speaking vomiting diarrhea constipation abdominal swelling muscle weakness neck arms respiratory muscles respiratory failure
Breast Cancer,breast lump thickening painless changes breast size shape appearance dimpling redness pitting breast skin changes nipple appearance discharge bloody swelling lymph nodes underarm collarbone bone pain headaches metastasized
Brucellosis,fever weakness malaise weight loss joint pain swelling joints headache sweating
Burns,skin redness first-degree burns blisters second-degree burns white charred skin third-degree burns pain second-degree burns shock severe cases
Buruli Ulcer,painless swelling nodule large painless induration plaque diffuse swelling limbs face oedema ulceration 4 weeks bone deformities severe cases
Campylobacter,diarrhea bloody abdominal pain fever headache nausea vomiting
Cancer In Children,persistent fever unexplained weight loss fatigue lumps swelling e g abdomen neck bruising bleeding easily bone pain headaches vomiting eye vision changes
Cancer,lumps abnormal growths persistent cough hoarseness changes bowel bladder habits unexplained weight loss fatigue skin changes e g yellowing darkening difficulty swallowing unusual bleeding discharge
Candidiasis,vaginal itching redness vaginal yeast infection thick white vaginal discharge pain urination sex white patches mouth oral thrush pain difficulty swallowing esophageal candidiasis red shiny skin patches skin candidiasis
Cardiovascular Diseases,chest pain discomfort heart attack pain arms shoulder jaw back shortness breath nausea vomiting light-headedness sudden weakness numbness stroke confusion speech difficulty vision problems
Cervical Cancer,abnormal vaginal bleeding pelvic pain pain sex unusual vaginal discharge weight loss fatigue
Chagas Disease,fever acute phase swelling infection site chagoma romaña's sign swollen eyelid fatigue chronic phase irregular heartbeat digestive issues enlarged esophagus colon
Chikungunya,fever severe joint pain joint swelling muscle pain headache nausea fatigue rash
Child Maltreatment,physical emotional ill-treatment sexual abuse neglect commercial exploitation
Child Mortality Under 5 Years,preterm birth complications birth asphyxia trauma pneumonia diarrhoea malaria
Chlamydia,unusual urethral discharge vaginal discharge burning when urinating pain testicles bleeding periods abdominal pain
Cholera,severe acute watery diarrhoea dehydration vomiting rapid heart rate
Chronic Obstructive Pulmonary Disease (Copd),chronic cough shortness breath wheezing chest tightness fatigue
Colorectal Cancer,changes bowel habits blood stool abdominal pain unexplained weight loss fatigue
Coronavirus Disease (Covid 19),fever chills sore throat cough shortness breath fatigue loss taste smell
Crimean Congo Haemorrhagic Fever,fever muscle aches dizziness neck pain headache sore eyes nausea vomiting diarrhoea
Deafness And Hearing Loss,difficulty hearing conversational speech difficulty hearing loud sounds tinnitus ringing ears
Dementia,forgetting recent events losing misplacing getting lost when walking driving being confused familiar places losing track difficulties solving problems making decisions problems conversations trouble words difficulties performing familiar tasks misjudging distances objects visually anxious sad angry memory loss personality changes inappropriate behaviour withdrawal work social activities being interested s emotions
Dengue And Severe Dengue,high fever 40 c 104 f severe headache pain behind eyes muscle joint pains nausea vomiting swollen glands rash severe abdominal pain persistent vomiting rapid breathing bleeding gums nose fatigue restlessness blood vomit stool being thirsty pale cold skin weak
Depression,depressed mood sad irritable empty loss pleasure interest activities poor concentration feelings excessive guilt low self-worth hopelessness future thoughts dying suicide disrupted sleep changes appetite weight tired low energy
Diabetes,thirsty needing urinate usual blurred vision tired losing weight unintentionally
Diarrhoeal Disease,passage 3 loose liquid stools severe dehydration lethargy unconsciousness sunken eyes unable drink drink poorly skin pinch goes back slowly dehydration restlessness irritability sunken eyes drinks eagerly thirsty
Diphtheria,sore throat fever swollen neck glands weakness thick grey coating nose tonsils throat
Ebola Disease,fever fatigue malaise muscle pain headache sore throat vomiting diarrhoea abdominal pain rash impaired kidney liver functions internal external bleeding
E Coli,abdominal cramps diarrhoea bloody diarrhoea haemorrhagic colitis fever vomiting
Endometriosis,severe pain pelvis especially menstrual periods pain sex when bathroom trouble getting pregnant chronic pelvic pain heavy bleeding periods periods bloating nausea fatigue depression anxiety
Epilepsy,recurrent seizures loss awareness consciousness disturbances movement sensation mood cognitive functions higher rates psychological conditions anxiety depression physical problems fractures bruising
Hepatitis_A,fever malaise loss appetite diarrhoea nausea abdominal discomfort dark-coloured urine jaundice
Hepatitis_B,yellowing skin eyes jaundice dark urine tired nausea vomiting pain abdomen
Hepatitis C,fever tired loss appetite nausea vomiting abdominal pain dark urine yellowing skin eyes jaundice
Hepatitis D,fever fatigue loss appetite nausea vomiting dark urine yellow eyes jaundice fulminant hepatitis severe cases
Hepatitis E,fever reduced appetite anorexia nausea vomiting abdominal pain itching skin rash joint pain jaundice dark urine pale stools slightly enlarged tender liver hepatomegaly
Herpes Simplex Virus,painful blisters ulcers fever aches swollen lymph nodes tingling itching burning sores cold sores oral herpes genital sores genital herpes
Hiv Aids,fever headache rash sore throat swollen lymph nodes weight loss diarrhoea cough tuberculosis tb cryptococcal meningitis severe bacterial infections cancers lymphomas kaposi's sarcoma
Hypertension,no symptoms severe headaches chest pain dizziness difficulty breathing nausea vomiting blurred vision anxiety confusion buzzing ears nosebleeds abnormal heart rhythm
Influenza (Seasonal),sudden onset fever cough dry headache muscle joint pain severe malaise sore throat runny nose
Lassa Fever,fever general weakness headache malaise sore throat muscle pain chest pain nausea vomiting diarrhoea cough abdominal pain facial swelling severe cases fluid lung cavity severe cases bleeding mouth nose vagina gi tract severe cases
Leishmaniasis,visceral leishmaniasis irregular bouts fever weight loss enlargement spleen liver anaemia cutaneous leishmaniasis skin lesions mainly ulcers exposed parts life-long scars serious disability stigma mucocutaneous leishmaniasis partial total destruction mucous membranes nose mouth throat
Leprosy,affects skin peripheral nerves progressive permanent disabilities left untreated
Listeriosis,noninvasive listeriosis diarrhoea fever headache muscle pain invasive listeriosis fever muscle pain septicemia meningitis
Low Back Pain,dull ache sharp pain lower edge ribs buttock pain radiate into legs restrict movement affect sleep mood quality life
Lung Cancer,cough go chest pain shortness breath coughing up blood fatigue weight loss no known lung infections keep coming back
Lymphatic Filariasis,asymptomatic infections hidden damage lymphatic system chronic conditions lymphoedema elephantiasis hydrocele acute episodes local inflammation involving skin lymph nodes lymphatic vessels
Malaria,fever headache chills extreme tiredness fatigue impaired consciousness multiple convulsions difficulty breathing dark bloody urine jaundice abnormal bleeding
Malnutrition,undernutrition wasting low weight-for-height stunting low height-for-age underweight low weight-for-age micronutrient deficiencies lack important vitamins minerals overweight obesity abnormal excessive fat accumulation
Marburg Virus Disease,high fever severe headache severe malaise muscle aches pains severe watery diarrhoea abdominal pain cramping nausea vomiting non-itchy rash haemorrhagic manifestations fresh blood vomitus faeces bleeding nose gums vagina
Measles,high fever cough runny nose red watery eyes small white spots cheeks rash starting face upper neck spreading hands feet
Meningitis,fever neck stiffness confusion altered mental status headache sensitivity light nausea vomiting seizures coma severe cases
Mpox,rash fever sore throat headache muscle aches back pain low energy swollen lymph nodes
Palliative Care,pain difficulty breathing
Parkinson Disease,slow movement tremor involuntary movement rigidity trouble walking imbalance cognitive impairment mental disorders dementia sleep disorders pain sensory disturbances
Patient Safety,medication errors surgical errors care-associated infections sepsis diagnostic errors falls venous thromboembolism pressure ulcers unsafe transfusion practices misidentification unsafe injection practices
Pesticide Residues In Food,acute poisoning chronic effects e g cancer adverse reproductive effects
Physical Activity,increased risk noncommunicable diseases e g cardiovascular diseases cancer diabetes symptoms depression anxiety
Plague,sudden onset fever chills head aches weakness vomiting nausea painful swollen lymph nodes buboes open sores filled pus advanced stages
Pneumonia,fever cough difficulty breathing fast breathing lower chest wall indrawing wheezing common viral infections
Podoconiosis (Non Filarial Lymphoedema),burning sensation itching back feet skin thickening papillomatous growths feet heel foot lower leg swelling oedema nodules maceration toes
Poliomyelitis,fever fatigue headache vomiting stiffness neck pain limbs irreversible paralysis legs
Polycystic Ovary Syndrome,irregular periods infertility acne oily skin excessive hair face male-pattern baldness hair thinning weight gain especially belly
Post Covid 19 Condition (Long Covid),fatigue aches pains muscles joints breathlessness headaches difficulty thinking concentrating alterations taste impaired sleep depression anxiety
Post Traumatic Stress Disorder,re-experiencing traumatic event e g intrusive memories nightmares flashbacks avoidance reminders event heightened sense danger hypervigilance easily startled depression anxiety substance disorders
Pre Eclampsia,persistent high blood pressure proteinuria severe headaches visual disturbances e g blurred vision spots upper abdominal pain nausea vomiting trimester swelling hands face
Preterm Birth,premature birth 37 weeks gestation complications newborns e g respiratory distress infections
Rabies,fever pain tingling burning wound site hyperactivity excitable behaviour hallucinations lack coordination hydrophobia fear water aerophobia fear drafts muscle paralysis paralytic rabies
Refugee And Migrant Health,worse outcomes barriers e g language discrimination higher risk noncommunicable diseases poor mental e g anxiety depression ptsd
Refugee And Migrant Mental Health,depression anxiety post-traumatic stress disorder ptsd suicide psychoses
Rehabilitation,difficulty thinking hearing communicating eating moving
Respiratory Syncytial Virus (Rsv),runny nose sore throat headache fatigue fever cough shortness breath fast breathing bronchospasm wheezing
Rheumatic Heart Disease,fever painful joints fatigue jerky uncontrollable movements chorea painless nodules skin rash heart murmur chest pain discomfort shortness breath swelling stomach hands feet rapid irregular heartbeat
Rheumatoid Arthritis,chronic pain stiffness tenderness heat swelling joints fatigue fever poor sleep quality loss appetite depressive symptoms
Rift Valley Fever,flu-like fever muscle joint pain headache neck stiffness sensitivity light loss appetite vomiting blurred decreased vision intense headache memory loss hallucinations confusion disorientation vertigo convulsions lethargy coma vomiting blood blood faeces purpuric rash bleeding nose gums menorrhagia
Ringworm (Tinea),itching redness ring-shaped rash hair loss scalp ringworm scaling skin foot ringworm thick discoloured brittle nails nail ringworm
Road Traffic Injuries,injuries crashes disability death
Rubella,mild fever rash muscle joint pain headache swollen lymph glands
Salmonella (Non Typhoidal),fever abdominal pain diarrhoea nausea vomiting
Sand And Dust Storms,respiratory issues cardiovascular problems
Scabies,severe itch itchy lines linear burrows bumps papules enflamed bumps male genitalia female breasts rash infants small
Schistosomiasis,abdominal pain diarrhoea blood stool liver enlargement haematuria blood urine kidney damage fibrosis bladder ureter genital lesions vaginal bleeding pain sexual intercourse nodules vulva
Schizophrenia,persistent delusions persistent hallucinations disorganized thinking highly disorganized behaviour limited speech restricted emotions social withdrawal cognitive impairments
Sepsis,fever low temperature shivering confusion difficulty breathing clammy sweaty skin extreme pain high heart rate weak pulse low blood pressure low urine output fast breathing convulsions pale skin lethargy
Sexually Transmitted Infections (Stis),persistent delusions persistent hallucinations disorganized thinking highly disorganized behaviour limited speech restricted emotions social withdrawal cognitive impairments
Shingles (Herpes Zoster),painful rash itching tingling numbness fever headache chills fatigue
Snakebite Envenoming,paralysis prevent breathing bleeding disorders fatal haemorrhage irreversible kidney failure tissue damage causing permanent disability limb amputation
Social Determinants Of Health,lower life expectancy poor outcomes higher mortality rates
Sodium Reduction,raised blood pressure increased risk cardiovascular diseases gastric cancer obesity osteoporosis meniere s disease kidney disease
Soil Transmitted Helminth Infections,intestinal manifestations diarrhoea abdominal pain malnutrition general malaise weakness impaired growth physical development intestinal obstruction severe cases
Spinal Cord Injury,partial complete loss sensory motor functions bowel bladder sexual dysfunction dysregulation blood pressure heart rate temperature spasticity chronic pain urinary tract infections pressure ulcers respiratory complications autonomic dysreflexia deep vein thrombosis osteoporosis depression
Sporotrichosis,nodules plaques exposed skin sites ulceration nodules plaques lymphocutaneous spread sporotrichoid pattern erythema multiforme cat-related infections arthritis respiratory infection meningitis rare deep forms
Substandard And Falsified Medical Products,ineffective treatment illness harmful effects contaminants toxic substances increased risk antimicrobial resistance
Sugars And Dental Caries,tooth decay dental cavities pain infection tooth extraction
Suicide,mental disorders depression alcohol disorders previous suicide attempt breakdown ability deal life stresses conflict disaster violence abuse loss sense isolation
Syphilis,primary stage painless chancre secondary stage non-itchy rash lesions latent stage asymptomatic tertiary stage brain cardiovascular diseases congenital syphilis rashes inflammation anaemia developmental delays
Taeniasis Cysticercosis,abdominal pain nausea diarrhoea constipation neurocysticercosis severe headache blindness convulsions epileptic seizures
Tetanus,jaw cramping inability open mouth muscle spasms trouble swallowing seizures headache fever sweating changes blood pressure heart rate
Trachoma,inflammation eye scarring eyelid eyelashes rubbing eyeball trichiasis constant pain light intolerance scarring cornea visual impairment blindness
Trichomoniasis,vaginal discharge itch pain when urinating pain intercourse urethral discharge pain when urinating
Trypanosomiasis Human African (Sleeping Sickness),stage bouts fever headache enlarged lymph nodes joint pains itching stage behavior changes confusion sensory disturbances poor coordination sleep cycle disturbance
Tuberculosis,prolonged cough blood chest pain weakness fatigue weight loss fever night sweats
Tungiasis,pain itching difficulty walking lesions feet whitish disc dark center abscesses bacterial superinfection
Typhoid,prolonged fever fatigue headache nausea abdominal pain constipation diarrhoea rash
Ultraviolet Radiation,sunburn premature skin aging skin cancer melanoma squamous cell carcinoma basal cell carcinoma eye damage cataracts pterygium
West Nile Virus,fever headache aches rash severe cases neurological symptoms e g encephalitis
Zika Virus,rash fever conjunctivitis muscle joint pain headache
Broken bone,symptoms broken bone visibly out-of-place misshapen limb joint swelling bruising bleeding intense pain numbness tingling broken skin bone protruding limited mobility inability move limb put weight leg
Allergic reactions,few hives especially neck face itching nasal congestion rashes watery red eyes abdominal pain abnormal high-pitched breathing sounds anxiety chest discomfort tightness cough diarrhea difficulty breathing wheezing difficulty swallowing dizziness lightheadedness flushing redness face hives nauseaâ vomiting palpitations swelling face eyes tongue unconsciousness
Traumatic amputation,bleeding minimal severe depending location nature injury pain degree pain related severity injury amount bleeding crushed tissue badly mangled partially attached muscle bone tendon skin
Breathing difficulties - first aid,having breathing difficulty uncomfortable they they might symptoms allergy causing breathing problem they might rash swelling face tongue throat injury causing breathing difficulty they might bleeding visible wound breathing rapidly unable breathe lying down need sit up breathe anxious agitated sleepy confused dizziness lightheadedness pain fever cough nausea vomiting bluish lips fingers fingernails chest moving unusual gurgling wheezing making whistling sounds muffled voice difficulty speaking coughing up blood rapid irregular heartbeat sweating
Tailbone trauma,symptoms bruising lower spine pain when sitting putting pressure tailbone
CPR - infant,no breathing no pulse unconsciousness
CPR - young child (age 1 year to onset of puberty),no breathing no pulse unconsciousness
CPR - adult and child after onset of puberty,no breathing difficulty breathing gasping no pulse unconsciousness
Dislocation,dislocated joint nursemaid's elbow pulled elbow partial dislocation common toddlers main symptom pain doesn't want arm dislocation easily treated your provider's office accompanied numbness tingling joint painful especially you try joint put weight limited movement swollen bruised visibly out discolored misshapen
Drug use first aid,drug overdose symptoms vary widely depending specific drug drug withdrawal symptoms vary widely depending specific drug abnormal pupil size pupils don't change size when light shined into them agitation seizures tremors delusional paranoid behavior hallucinations difficulty breathing drowsiness coma nausea vomiting staggering unsteady gait ataxia sweating extremely dry hot skin blisters rash violent aggressive behavior death abdominal cramping agitation restlessness cold sweat delusions hallucinations depression nausea vomiting diarrhea seizures death
Smashed fingers,symptoms difficulty moving tip finger discoloration bruising finger fingernail finger pain loss fingernail swelling
Broken or dislocated jaw,symptoms broken jaw symptoms dislocated jaw pain face jaw located front ear affected â worse movement bruising swelling face bleeding mouth difficulty chewing misaligned teeth jaw jaw stiffness difficulty opening mouth widely problem closing mouth jaw moving when opening jaw tenderness pain worse biting chewing loose damaged teeth lump abnormal appearance cheek jaw numbness face particularly lower lip ear pain pain face jaw located front ear affected worse movement bite off crooked problems talking inability mouth drooling because inability mouth locked jaw jaw protrudes forward teeth line up properly
Unconsciousness - first aid,unresponsive respond activity touch sound stimulation symptoms been unconscious unconscious choking symptoms being asleep being unconscious sleeping respond loud noises gentle shaking unconscious amnesia remembering events period unconsciousness confusion drowsiness headache inability speak move parts stroke symptoms lightheadedness loss bowel bladder control incontinence rapid heartbeat palpitations slow heartbeat stupor severe confusion weakness inability speak difficulty breathing noisy breathing high-pitched sounds inhaling weak ineffective coughing bluish skin color
Radiation sickness,symptoms radiation sickness your advise you how best treat these symptoms medicines prescribed help reduce nausea vomiting pain blood transfusions anemiaâ low counts healthy red blood cells antibiotics prevent fight infections weakness fatigue fainting confusion bleeding nose mouth gums rectum bruising skin burns open sores skin sloughing skin dehydration diarrhea bloody stool fever hair loss inflammation exposed areas redness tenderness swelling bleeding nausea vomiting vomiting blood ulcers sores mouth esophagus food pipe stomach intestines
Poison ivy - oak - sumac rash,symptoms reaction vary mild severe rare cases rash needs treated hospital worst symptoms days 4 7 coming contact plant rash last 1 3 weeks extreme itching red streaky patchy rash where plant touched skin red bumps large weeping blisters
Head injury - first aid,head injuries bleeding brain tissue layers surround brain subarachnoid hemorrhage subdural hematoma epidural hematoma symptoms head injury right slowly several hours days skull fractured brain hit skull bruised head fine problems bleeding swelling skull spinal cord likely injured falls significant height ejection vehicle head injuries changes brain function called traumatic brain injury concussion traumatic brain injury symptoms concussion range mild severe
Spinal injury,symptoms spinal cord injury head unusual position numbness tingling spreads down arm leg weakness difficulty walking paralysis loss movement arms legs loss bladder bowel control shock pale clammy skin bluish lips fingernails acting dazed semiconscious lack alertness unconsciousness stiff neck headache neck pain
Burns,burn symptoms you airway burn you blisters intact unbroken â ruptured leaking fluid pain how pain you unrelated level burn serious burns painless peeling skin shockâ watch pale clammy skin weakness blue lips fingernails decrease alertness swelling red white charred skin burns head face neck eyebrows nose hairs burned lips mouth coughing difficulty breathing dark black-stained mucus voice changes wheezing
Snake bites,symptoms depend snake rattlesnake bites painful when they symptoms begin right cottonmouth copperhead bites painful right when they symptoms begin right coral snake bites painless major symptoms hours mistake thinking you fine bite good you lot pain untreated coral snake bites deadly symptoms bleeding wound blurred vision burning skin seizures convulsions diarrhea dizziness excessive sweating fainting fang marks skin fever increased thirst loss muscle coordination nausea vomiting numbness tingling rapid pulse tissue death severe pain skin discoloration swelling site bite weakness bleeding breathing difficulty blurred vision eyelid drooping low blood pressure nausea vomiting numbness pain site bite paralysis rapid pulse skin color changes swelling tingling tissue damage thirst tiredness weakness weak pulse bleeding breathing difficulty low blood pressure nausea vomiting numbness tingling pain site bite shock skin color changes swelling thirst tiredness tissue damage weakness weak pulse blurred vision breathing difficulty convulsions drowsiness eyelid drooping headache low blood pressure mouth watering excessive salivation nausea vomiting numbness pain swelling site bite paralysis shock slurred speech swallowing difficulty swelling tongue throat weakness skin color changes skin tissue damage stomach abdominal pain weak pulse
Marine animal stings or bites,there pain burning swelling redness bleeding bite sting symptoms affect entire cramps diarrhea difficulty breathing groin pain armpit pain fever nausea vomiting paralysis sweating unconsciousness sudden death heart rhythm irregularities weakness faintness dizziness
Insect bites and stings,symptoms depend bite sting they severe life-threatening allergic reactions bee stings insect bites called anaphylactic shock condition quickly rapid death treated quickly symptoms anaphylaxis quickly affect whole they pain redness swelling itching burning numbness tingling abdominal pain vomiting chest pain difficulty swallowing difficulty breathing face mouth swelling fainting lightheadedness rash skin flushing
Foreign object - swallowed,symptoms only minor symptoms object forgotten symptoms inflammation infection choking coughing wheezing noisy breathing no breathing breathing trouble respiratory distress chest throat neck pain turning blue red white face difficulty swallowing saliva
Foreign body in the nose,symptoms your foreign his her nose difficulty breathing affected nostril nose foul-smelling bloody nasal discharge irritability particularly infants irritation pain nose
Hypothermia,hypothermia they slowly lose ability think move fact they unaware they need emergency treatment hypothermia likely frostbite symptoms lethargy weakness sleepiness cardiac arrest shock coma set prompt treatment hypothermia fatal confusion drowsiness pale cold skin slowed breathing heart rate shivering cannot controlled extremely low temperatures shivering stop weakness loss coordination
Shock,shock extremely low blood pressure depending specific shock symptoms anxiety agitation restlessness bluish lips fingernails chest pain confusion dizziness lightheadedness faintness pale cool clammy skin low no urine output profuse sweating moist skin rapid weak pulse shallow breathing being unconscious unresponsive
Sprains,joint pain muscle pain swelling joint stiffness discoloration skin especially bruising
Strains,symptoms strain pain difficulty moving injured muscle discolored bruised skin swelling
Cuts and puncture wounds,symptoms infection cuts puncture wounds likely infected bleeding problems function movement numbness tingling below wound site pain bites punctures crush injuries dirty wounds wounds feet wounds promptly treated
Genital injury,symptoms abdominal pain bleeding bruising change shape affected faintness foul-smelling vaginal urethral discharge object embedded opening groin pain genital pain extreme swelling urine drainage vomiting urination painful inability urinate open wound
Bleeding,you symptoms bleeding shock symptoms symptoms internal bleeding those above shock well blood coming natural opening sign internal bleeding these symptoms blood coming open wound bruising confusion decreasing alertness clammy skin dizziness light headedness injury low blood pressure paleness pallor rapid pulse increased heart rate shortness breath weakness abdominal pain swelling chest pain skin color changes blood stool black maroon bright red blood urine red pink tea-colored blood vomit bright red brown coffee-grounds vaginal bleeding heavier usual menopause
Non-fatal drowning,symptoms vary swollen belly abdominal distention bluish skin face especially lips chest pain cold skin pale appearance confusion cough pink frothy sputum irritability lethargy no breathing restlessness shallow gasping respirations unconsciousness lack responsiveness vomiting
Choking - infant under 1 year,danger signs choking bluish skin color cyanosis difficulty breathing ribs chest pull inward loss consciousness unresponsiveness blockage cleared inability cry sound weak ineffective coughing soft high-pitched sounds inhaling
Choking - adult or child over 1 year,when older choking they grab their throat hand these danger signs inability speak difficulty breathing noisy breathing high-pitched sounds inhaling weak ineffective coughing bluish skin color cyanosis loss consciousness unresponsiveness blockage cleared
Choking - unconscious adult or child over 1 year,symptoms choking when unconscious bluish color lips nails cyanosis inability breathe
Ear emergencies,symptoms bleeding ear bruising redness clear liquid coming out ear brain fluid called cerebrospinal fluid dizziness earache loss hearing nausea vomiting noises ear sensations object ear swelling visible object ear fever hearing loss
Electrical injury,symptoms depend symptoms strength voltage how long you contact electricity how electricity moved your your overall changes alertness consciousness broken bones heart attack chest arm neck jaw back pain headache problems swallowing vision hearing irregular heartbeat muscle spasms pain numbness tingling breathing problems lung failure seizures skin burns
Eye emergencies,depending injury symptoms bleeding discharge eye bruising decreased vision double vision eye pain headache itchy eyes loss vision total partial eye bothâ pupils unequal size redness bloodshot appearance sensation eye sensitivity light stinging burning eye
Fishhook removal,fishhook stuck skin pain localized swelling bleeding
Heat emergencies,muscle cramps stage heat illness heat exposure continues these symptoms treated they heat exhaustion then heat stroke heat stroke when no longer able regulate its temperature keeps rising heat stroke shock brain damage organ failure death early symptoms heat illness later symptoms heat exhaustion symptoms heatstroke those heat exhaustion combination high temperature significant neurologic symptoms call 911 local emergency number right muscle cramps pains legs abdomen multiple factors exercising heat fatigue thirst heavy sweating cool moist skin dark urine dizziness lightheadedness headache nausea vomiting weakness rapid shallow breathing rapid weak pulse fever temperature above 104â f 40â c extreme confusion altered level consciousness irrational behavior seizures unconsciousness loss responsiveness
Frostbite,symptoms frostbite severe frostbite frostbite affect hands feet nose ears places prone frostbite pins needles followed numbness hard pale cold skin been exposed cold too long aching throbbing lack affected red extremely painful skin muscle thaws blisters gangrene blackened dead tissue damage tendons muscles nerves bone frostbite affect your blood vessels complete recovery possible frostbite affected blood vessels damage permanent gangrene require removal affected amputation
Chemical burn or reaction,depending exposure symptoms abdominal pain breathing difficulty bright red bluish skin lips convulsions seizures dizziness eye pain burning watering headache hives itching swelling weakness allergic reaction irritability nausea andâ vomiting pain where skin come contact toxic substance rash blisters burns skin unconsciousness states altered level consciousness
Skull fracture,symptoms cases only symptom bump head bump bruise up 24 hours bleeding wound ears nose eyes bruising behind ears eyes changes pupils sizes unequal reactive light confusion convulsions seizures difficulties balance drainage clear bloody fluid ears nose drowsiness headache loss consciousness unresponsiveness nausea vomiting restlessness irritability slurred speech stiff neck swelling visual disturbances
Nose fracture,symptoms bruised appearance disappears 2 weeks blood coming nose bruising eyes difficulty breathing nose misshapen appearance apparent swelling goes down pain swelling
Heart attack first aid,symptoms heart attack vary they mild severe older diabetes likely subtle unusual symptoms symptoms changes mental status especially older chest pain pressure squeezing fullness pain center chest jaw shoulder arms back stomach last few minutes come go cold sweat lightheadedness nausea common indigestion vomiting numbness aching tingling arm left arm right arm affected alone left shortness breath weakness fatigue especially older
Sleep disorders in older adults,symptoms difficulty falling asleep difficulty telling difference night early morning awakening waking up night nocturia
Atelectasis,symptoms there no symptoms atelectasis mild breathing difficulty chest pain cough
Blockage of upper airway,symptoms vary depending symptoms common types airway blockage these agitation fidgeting bluish color skin cyanosis changes consciousness choking confusion difficulty breathing gasping air panic unconsciousness lack responsiveness wheezing crowing whistling unusual breathing noises indicating breathing difficulty
Histiocytosis,langerhans cell histiocytosis erdheim-chester disease affect whole systemic disorder symptoms vary they symptoms tumors weight-bearing bones legs spine bones fracture obvious reason symptoms note 5 years only bone involvement symptoms abdominal pain bone pain delayed puberty dizziness ear drainage continues long-term eyes stick out irritability failure thrive fever frequent urination headache jaundice limping mental decline rash seborrheic dermatitis scalp seizures short stature swollen lymph glands thirst increased drinking fluids vomiting weight loss bone pain chest pain cough fever general discomfort uneasiness ill increased amount urine rash shortness breath thirst increased drinking fluids weight loss
Idiopathic pulmonary fibrosis,when you ipf your lungs scarred stiffened hard you breathe ipf worse quickly months few years others ipf worsens longer symptoms chest pain cough dry able active shortness breath activity symptom lasts months years when rest faint gradual weight loss
Solitary pulmonary nodule,solitary pulmonary nodule itself rarely symptoms
Industrial bronchitis,symptoms cough brings up mucus sputum shortness breath wheezing
Viral pneumonia,symptoms viral pneumonia begin slowly severe common symptoms pneumonia symptoms cough pneumonias you cough up mucus bloody mucus fever shaking chills shortness breath only when you exert yourself confusion older excessive sweating clammy skin headache loss appetite low energy fatigue sharp stabbing chest pain worse when you breathe deeply cough fatigue
Pulmonary actinomycosis,infection comes slowly weeks months diagnosis confirmed symptoms chest pain when taking deep breath cough phlegm sputum fever shortness breath unintentional weight loss lethargy night sweats uncommon
Pulmonary veno-occlusive disease,symptoms shortness breath dry cough fatigue exertion fainting coughing up blood difficulty breathing lying flat
Sarcoidosis,there no symptoms when symptoms they involve almost organ system almost affected sarcoidosis lung chest symptoms symptoms general discomfort skin symptoms nervous system symptoms eye symptoms symptoms disease chest pain behind breast bone dry cough shortness breath coughing up blood rare serious fatigue fever joint ache pain arthralgia weight loss hair loss raised red firm skin sores erythema nodosum almost front lower legs rash scars raised inflamed headache seizures weakness face burning itching discharge eye dry eyes pain vision loss dry mouth fainting spells heart involved nosebleed swelling upper abdomen liver disease swelling legs heart lungs involved abnormal heart rhythm heart involved
Pulmonary tuberculosis,primary stage tb symptoms when symptoms pulmonary tb they breathing difficulty chest pain cough mucus coughing up blood excessive sweating particularly night fatigue fever weight loss wheezing
Primary alveolar hypoventilation,symptoms worse sleep episodes stopped breathing apnea sleeping there no shortness breath symptoms disease sensitive small doses sedatives narcotics these drugs their breathing problem worse bluish coloration skin lack oxygen cyanosis daytime drowsiness fatigue morning headaches swelling ankles waking up sleep unrested waking up times night
Atypical pneumonia,pneumonia mycoplasma chlamydophila bacteria mild pneumonia legionella worse 4 6 days then improves 4 5 days common symptoms pneumonia symptoms common symptoms chills cough legionella pneumonia you cough up bloody mucus fever mild high shortness breath only when you exert yourself chest pain worse when you breathe deeply cough confusion older those legionella pneumonia headache loss appetite low energy fatigue muscle aches joint stiffness sweating clammy skin diarrhea legionella pneumonia ear pain mycoplasma pneumonia eye pain soreness mycoplasma pneumonia neck lump mycoplasma pneumonia rash mycoplasma pneumonia sore throat mycoplasma pneumonia
Flu,flu symptoms start quickly you start sick 1 7 days you come contact virus symptoms 2 3 days symptom fever 100â f 37 8â c 104â f 40â c comes suddenly lower fever flu fever common symptoms fever goes 3 4 days last up 8 days symptoms better 7 14 days cough tired last weeks fever comes back eating flu asthma breathing problems long-term chronic illnesses conditions worse aches chills headache lack energy cough runny stuffy nose sneezing sore throat nausea vomiting diarrhea common
Mediastinitis,symptoms signs mediastinitis who recent surgery chest pain chills fever general discomfort shortness breath chest wall tenderness wound drainage unstable chest wall
Mycoplasma pneumonia,symptoms mild 1 3 weeks they severe common symptoms common symptoms chest pain chills cough dry bloody excessive sweating fever high headache sore throat ear pain eye pain soreness muscle aches joint stiffness neck lump rapid breathing skin lesions rash
Pulmonary nocardiosis,pulmonary nocardiosis mainly affects lungs nocardiosis spread organs common symptoms entire gastrointestinal system lungs airways muscles joints nervous system skin fever comes goes general ill malaise night sweats nausea liver spleen swelling hepatosplenomegaly loss appetite unintentional weight loss vomiting breathing difficulty chest pain heart problems coughing up blood mucus rapid breathing shortness breath joint pain change mental state confusion dizziness headache seizures changes vision skin rashes lumps skin sores abscesses swollen lymph nodes
Pneumomediastinum,there no symptoms condition chest pain behind breastbone spread neck arms pain worse when you breath swallow
Obesity hypoventilation syndrome (OHS),main symptoms ohs lack sleep symptoms low blood oxygen level chronic hypoxia high carbon dioxide symptoms shortness breath tired little effort poor sleep quality sleep apnea daytime sleepiness depression headaches tiredness
Pleural effusion,symptoms there no symptoms chest pain sharp pain worse cough deep breaths cough fever chills hiccups rapid breathing shortness breath
Collapsed lung (pneumothorax),common symptoms collapsed lung larger pneumothorax severe symptoms sharp chest shoulder pain worse deep breath cough shortness breath nasal flaring shortness breath bluish color skin lack oxygen chest tightness lightheadedness fainting easy fatigue abnormal breathing patterns increased effort breathing rapid heart rate shock collapse
Psittacosis,incubation period psittacosis 5 15 days incubation period symptoms being exposed bacteria symptoms blood-tinged sputum dry cough fatigue fever chills headache joint aches muscle aches head neck shortness breath diarrhea swelling back throat pharyngitis swelling liver confusion
Chronic obstructive pulmonary disease (COPD),symptoms because symptoms slowly know they copd cough mucus fatigue frequent respiratory infections shortness breath dyspnea worse mild activity trouble catching one's breath wheezing
Respiratory acidosis,symptoms confusion anxiety easy fatigue lethargy shortness breath sleepiness tremors shaking warm flushed skin sweating
Pneumonia - weakened immune system,symptoms symptoms cough dry produce mucus-like greenish pus-like sputum chills shaking fatigue fever general discomfort uneasiness ill malaise headache loss appetite nausea vomiting sharp stabbing chest pain worse deep breathing coughing shortness breath heavy sweating night sweats stiff joints rare stiff muscles rare
Lung metastases,symptoms bloody sputum chest pain cough shortness breath weakness weight loss
Histoplasmosis - acute (primary) pulmonary,acute pulmonary histoplasmosis no symptoms only mild symptoms common symptoms acute pulmonary histoplasmosis serious illness young older weakened immune system those who symptoms these chest pain chills cough fever joint pain stiffness muscle aches stiffness rash small sores lower legs shortness breath hiv aids bone marrow solid organ transplants medicines suppress their immune system inflammation heart called pericarditis serious lung infections severe joint pain
Blastomycosis,lung infection symptoms symptoms infection spreads symptoms skin symptoms when infection spreads you papules pustules nodules exposed areas pustules joint pain chest pain cough produce brown bloody mucus fatigue fever night sweats general discomfort uneasiness ill malaise muscle pain unintentional weight loss warts ulcers painless vary color gray violet nose mouth bleed easily ulcers
Acute respiratory distress syndrome,symptoms 24 48 hours injury illness ards sick they cannot report symptoms symptoms shortness breath fast heartbeat low blood pressure organ failure rapid breathing
Drug-induced pulmonary disease,symptoms bloody sputum chest pain cough fever shortness breath wheezing
Simple pulmonary eosinophilia,symptoms symptoms range none severe they go treatment chest pain dry cough fever general ill rapid breathing rash shortness breath wheezing
Cystic fibrosis,symptoms newborns symptoms related bowel function symptoms related lungs sinuses symptoms noticed later life delayed growth failure gain weight normally childhood no bowel movements 24 48 hours life salty-tasting skin belly pain severe constipation increased gas bloating belly swollen distended nausea loss appetite stools pale clay-colored foul smelling mucus float weight loss history rectal prolapse coughing increased mucus sinuses lungs fatigue nasal congestion nasal polyps repeated episodes pneumonia symptoms pneumonia cystic fibrosis fever increased coughing shortness breath increased mucus loss appetite sinus pain pressure infection polyps infertility repeated inflammation pancreas pancreatitis respiratory symptoms clubbed fingers
Hypersensitivity pneumonitis,symptoms 4 8 hours you left where triggering substance hard figure out what disease your symptoms better you go back where you exposed substance chronic phase condition symptoms constant affected exposure substance symptoms acute exposure symptoms chronic hypersensitivity pneumonitis chills cough fever malaise ill shortness breath breathlessness especially activity cough dry loss appetite unintentional weight loss
Occupational asthma,symptoms toâ narrowing airways tightening spasms muscles lining airways reduces amount air pass wheezing sounds symptoms shortly you exposed substance they improve go when you leave work symptoms 12 hours being exposed trigger symptoms worse end work go weekends vacations symptoms coughing shortness breath tight chest wheezing
Respiratory alkalosis,symptoms dizziness lightheadedness numbness hands feet breathlessness confusion chest discomfort
Pulmonary hypertension,shortness breath lightheadedness activity symptom fast heart rate palpitations symptoms lighter activity rest symptoms pulmonary hypertension symptoms come go they report good days bad days ankle leg swelling bluish color lips skin cyanosis chest pain pressure front chest dizziness fainting spells fatigue increased abdominal size fluid buildup weakness
Rheumatoid lung disease,chest pain cough fever shortness breath joint pain stiffness swelling skin nodules
Pulmonary alveolar proteinosis (PAP),there no symptoms shortness breath cough fatigue fever there lung infection bluish skin cyanosis severe cases weight loss
Malignant mesothelioma,symptoms 20 40 years longer exposure asbestos abdominal bloating abdominal pain chest pain especially when taking deep breath cough fatigue shortness breath weight loss fever sweating
Solitary fibrous tumor,half tumor symptoms tumor grows large size pushes lung symptoms chest pain chronic cough shortness breath clubbed appearance fingers
Metastatic pleural tumor,chest pain especially when taking deep breath cough wheezing coughing up blood hemoptysis general discomfort uneasiness ill malaise shortness breath weight loss loss appetite
Asbestosis,possible symptoms chest pain cough shortness breath activity slowly worse tightness chest clubbing fingers nail abnormalities
Alpha-1 antitrypsin deficiency,shortness breath exertion symptoms copd symptoms liver failure loss weight trying wheezing coughing
Aspiration pneumonia,chest pain coughing up foul-smelling greenish dark phlegm sputum phlegm contains pus blood fatigue fever shortness breath wheezing breath odor excessive sweating problems swallowing confusion food tube feed material being fed artificially your sputum
Lung cancer - small cell,symptoms sclc symptoms disease especially late stages bloody sputum phlegm chest pain cough loss appetite shortness breath weight loss wheezing facial swelling fever hoarseness changing voice swallowing difficulty weakness
Empyema,symptoms empyema chest pain worsens when you breathe deeply pleurisy dry cough excessive sweating especially night sweats fever chills general discomfort uneasiness ill malaise shortness breath weight loss unintentional
Hemothorax,symptoms shortness breath rapid shallow breathing chest pain low blood pressure shock pale cool clammy skin rapid heart rate restlessness anxiety
Pulmonary aspergilloma,you symptoms when symptoms they chest pain cough coughing up blood life-threatening sign fatigue fever unintentional weight loss
Interstitial lung disease,shortness breath main symptom ild you breathe faster need deep breaths condition dry cough dry cough means you cough up mucus sputum weight loss fatigue muscle joint pain advanced ild shortness breath severe only noticed exercise climbing stairs activities strenuous activity bathing dressing disease worsens eating talking abnormal enlargement curving base fingernails clubbing blue color lips skin fingernails low blood oxygen levels cyanosis symptoms diseases arthritis trouble swallowing scleroderma associated ild
Cor pulmonale,shortness breath lightheadedness activity symptom cor pulmonale you fast heartbeat your heart pounding symptoms lighter activity you rest symptoms you fainting spells activity chest discomfort front chest chest pain swelling feet ankles symptoms lung disorders wheezing coughing phlegm production bluish lips fingers cyanosis
Coal worker's pneumoconiosis,symptoms cwp cough shortness breath coughing up black sputum
Pulmonary embolus,main symptoms pulmonary embolism chest pain symptoms breastbone sharp stabbing burning aching dull heavy sensation worse deep breathing you bend hold your chest response pain dizziness lightheadedness fainting low oxygen level blood hypoxemia fast breathing wheezing fast heart rate anxious leg pain redness swelling low blood pressure sudden cough possibly coughing up blood bloody mucus shortness breath starts suddenly sleep exertion low grade fever bluish skin cyanosis common
Acute mountain sickness,your symptoms depend speed your climb how hard you push exert yourself symptoms range mild life-threatening they affect nervous system lungs muscles heart cases symptoms mild symptoms mild moderate acute mountain sickness symptoms severe acute mountain sickness progress high altitude pulmonary edema high altitude cerebral edema difficulty sleeping dizziness lightheadedness fatigue headache loss appetite nausea vomiting rapid pulse heart rate shortness breath exertion blue color skin cyanosis chest tightness congestion confusion cough coughing up blood decreased consciousness withdrawal social interaction gray pale complexion inability walk straight line walk shortness breath rest
Silicosis,cough shortness breath weight loss
Granulomatosis with polyangiitis,frequent sinusitis bloody noses common symptoms early symptoms fever no clear night sweats fatigue general ill malaise common symptoms common symptoms chronic ear infections pain sores opening nose cough blood sputum chest pain shortness breath disease progresses loss appetite weight loss skin changes bruises ulcers skin kidney problems bloody urine eye problems ranging mild conjunctivitis severe swelling eye joint pain weakness abdominal pain
Rheumatoid pneumoconiosis,cough joint swelling pain lumps skin rheumatoid nodules shortness breath wheezing
Parapneumonic pleural effusion,chest pain sharp pain worse cough deep breaths cough sputum fever rapid breathing shortness breath
Pulmonary edema,coughing up blood bloody froth difficulty breathing when lying down orthopnea air hunger drowning called paroxysmal nocturnal dyspnea you wake up 1 2 hours falling asleep struggle catch your breath grunting gurgling wheezing sounds breathing problems speaking full sentences because shortness breath anxiety restlessness decrease level alertness leg abdominal swelling pale skin sweating excessive
Asthma,asthma symptoms vary you symptoms mostly physical activity asthma attacks separated symptom-free periods long-term shortness breath episodes increased shortness breath wheezing cough main symptom asthma attacks last minutes days asthma attack start suddenly slowly several hours days dangerous airflow severely blocked symptoms asthma emergency symptoms need prompt medical help cough sputum phlegm production pulling skin ribs when breathing intercostal retractions shortness breath worse exercise activity whistling sound wheezing you breathe pain tightness chest difficulty sleeping abnormal breathing pattern breathing out long breathing bluish color lips face cyanosis decreased level alertness severe drowsiness confusion asthma attack extreme difficulty breathing rapid pulse severe anxiety shortness breath sweating difficulty speaking breathing temporarily stops
Anti-glomerular basement membrane disease,symptoms slowly months years they quickly days weeks loss appetite fatigue weakness common early symptoms lung symptoms kidney symptoms coughing up blood dry cough shortness breath bloody urine burning sensation when urinating nausea vomiting pale skin swelling edema especially legs
Chemical pneumonitis,acute symptoms chronic symptoms air hunger you cannot enough air breathing soundsâ wet gurgling abnormal lung sounds cough difficulty breathing unusual sensation possibly burning chest cough progressive disability related shortness breath rapid breathing tachypnea shortness breath only mild exercise
Bronchiectasis,symptoms they months years event bronchiectasis long-term chronic cough large amounts foul smelling sputum main symptom bronchiectasis symptoms breath odor coughing up blood common fatigue paleness shortness breath worse exercise weight loss wheezing low grade fever night sweats clubbing fingers rare depends
Community-acquired pneumonia in adults,common symptoms pneumonia symptoms cough pneumonias you cough up greenish yellow mucus bloody mucus fever mild high shaking chills shortness breath only when you climb stairs exert yourself confusion especially older excess sweating clammy skin headache loss appetite low energy fatigue malaise well sharp stabbing chest pain worse when you breathe deeply cough white nail syndrome leukonychia
Hospital-acquired pneumonia,older sign hospital-acquired pneumonia mental changes confusion symptoms cough greenish pus-like phlegm sputum fever chills general discomfort uneasiness ill malaise loss appetite nausea vomiting sharp chest pain worse deep breathing coughing shortness breath decreased blood pressure fast heart rate increased respiratory rate
Cystic hygroma,common symptom neck growth birth discovered later infant upper respiratory tract infection cold
Myocarditis,there no symptoms symptoms similar flu symptoms they symptoms disease chest pain resemble heart attack fatigue listlessness fever signs infection headache muscle aches sore throat diarrhea rashes joint pain swelling leg swelling pale cool hands feet sign poor circulation rapid breathing rapid heart rate shortness breath fainting related irregular heart rhythms low urine output
Klippel-Trenaunay syndrome,port wine stains blood vessel problems dark spots skin varicose veins early infancy likely later childhood adolescence unstable gait limb-length difference involved limb longer bone vein nerve pain bleeding rectum blood urine
Wolff-Parkinson-White syndrome (WPW),how rapid heart rate varies depending wpw syndrome only few episodes rapid heart rate others rapid heart rate there no symptoms condition when heart test done another reason syndrome chest pain chest tightness dizziness lightheadedness fainting palpitations sensation your heart beating quickly irregularly shortness breath
Deep vein thrombosis,dvt mainly affects large veins lower leg thigh clot block blood flow redness skin skin warm touch swelling edema leg arm pain tenderness leg arm
Atrial septal defect (ASD),no heart defect small defect 5 millimeters symptoms symptoms middle age later symptoms begin birth childhood they difficulty breathing dyspnea frequent respiratory infections heart beat palpitations shortness breath activity
Heart failure,symptoms heart failure begin slowly they only when you active you notice breathing problems symptoms when you resting symptoms suddenly heart damaged heart attack problem common symptoms cough fatigue weakness faintness loss appetite need urinate night pulse fast irregular sensation heartbeat palpitations shortness breath when you active you lie down swollen enlarged liver abdomen swollen feet ankles waking up sleep couple hours shortness breath weight gain
Coronary artery spasm,spasm silent symptoms chest pain angina spasm lasts long enough heart attack main symptom chest pain called angina typically chest pain tightness heavy pressure squeezing crushing spread say pain gas indigestion severe pain spread neck jaw shoulder arm pain coronary artery spasm lose consciousness chest pain shortness breath coronary artery spasm exercise unlike angina hardening coronary arteries arm left back jaw neck shoulder rest midnight 8 00 m lasts 5 30 minutes
Sick sinus syndrome,there no symptoms symptoms mimic those disorders symptoms chest pain angina confusion changes mental status fainting near-fainting fatigue dizziness lightheadedness sensation heart beat palpitations shortness breath possibly only physical activity walking
Abdominal aortic aneurysm,aneurysms slowly years no symptoms symptoms come quickly aneurysm expands rapidly tears open leaks blood wall vessel aortic dissection symptoms rupture pain abdomen back pain severe sudden persistent constant spread groin buttocks legs passing out clammy skin dizziness nausea vomiting rapid heart rate shock
Costochondritis,common symptoms costochondritis pain tenderness chest you sharp pain front your chest wall move your back stomach increased pain when you deep breath cough tenderness when you press where rib joins breastbone pain when you stop moving breathe quietly
Digitalis toxicity,these symptoms digitalis toxicity symptoms confusion irregular pulse loss appetite nausea vomiting diarrhea fast heartbeat vision changes unusual blind spots blurred vision changes how colors spots decreased consciousness decreased urine output difficulty breathing when lying down excessive nighttime urination overall swelling
Pericarditis - after heart attack,symptoms anxiety chest pain swollen pericardium rubbing heart pain sharp tight crushing move neck shoulder abdomen pain worse when you breathe go when you lean forward stand sit up trouble breathing dry cough fast heart rate tachycardia fatigue fever common pericarditis malaise general ill splinting ribs bending holding chest deep breathing
Hypovolemic shock,symptoms greater rapid blood loss severe symptoms shock anxiety agitation cool clammy skin confusion decreased no urine output generalized weakness pale skin color pallor rapid breathing sweating moist skin unconsciousness lack responsiveness
Dilated cardiomyopathy,symptoms heart failure common they slowly symptoms start suddenly severe common symptoms chest pain pressure likely exercise cough fatigue weakness faintness irregular rapid pulse loss appetite shortness breath activity lying down being asleep swelling feet ankles
Tricuspid regurgitation,mild tricuspid regurgitation symptoms symptoms heart failure active pulsing neck veins decreased urine output fatigue tiredness general swelling swelling abdomen swelling feet ankles weakness
Peripheral artery disease - legs,main symptoms pad pain achiness fatigue burning discomfort muscles your feet calves thighs these symptoms walking exercise go several minutes rest when pad severe you these symptoms only when you walk uphill walk faster walk longer distances these symptoms quickly exercise your legs feet numb when you rest legs cool touch skin pale erectile dysfunction pain cramps night pain tingling feet toes severe weight clothes bed sheets painful pain worse when you elevate your legs improves when you dangle your legs bed skin dark blue sores heal
Atherosclerosis,atherosclerosis symptoms blood flow slowed blocked arteries supplying heart narrow blood flow slow down stop chest pain stable angina shortness breath symptoms narrowed blocked arteries problems intestines kidneys legs brain
Thromboangiitis obliterans,symptoms affect 2 limbs fingers toes pale red bluish cold touch sudden severe pain hands feet pain burning tingling sensation pain hands feet when rest pain worse when hands feet cold emotional stress pain legs ankles feet when walking intermittent claudication pain located arch foot skin changes small painful ulcers fingers toes occasionally arthritis wrists knees blood vessels blocked
Mitral stenosis,no symptoms symptoms worse exercise activity raises heart rate symptoms ages 20 50 symptoms begin episode atrial fibrillation especially fast heart rate symptoms triggered pregnancy stress infection heart lungs heart disorders symptoms infants symptoms birth congenital they almost 2 years life symptoms chest discomfort increases activity extends arm neck jaw areas rare cough possibly bloody phlegm difficulty breathing exercise common symptom waking up breathing problems when lying flat position fatigue frequent respiratory infections bronchitis pounding heart beat palpitations swelling feet ankles cough poor feeding sweating when feeding poor growth shortness breath
Mitral valve regurgitation,symptoms begin suddenly there no symptoms when symptoms they gradually heart attack damages muscles mitral valve cords attach muscle valve break infection valve destroys valve cough fatigue exhaustion lightheadedness rapid breathing sensation heart beat palpitations rapid heartbeat shortness breath increases activity when lying down waking up hour falling asleep because trouble breathing urination excessive night
Aortic stenosis,aortic stenosis symptoms disease advanced diagnosis been when heard heart murmur performed tests symptoms symptoms aortic stenosis infants symptoms mild moderate aortic stenosis worse they older they risk heart infection called bacterial endocarditis chest discomfort chest pain worse activity reach into arm neck jaw chest tight squeezed cough possibly bloody breathing problems when exercising becoming easily tired heartbeat palpitations fainting weakness dizziness activity becoming easily tired exertion mild cases failure gain weight poor feeding serious breathing problems days weeks birth severe cases
Aortic regurgitation,condition no symptoms years symptoms come slowly suddenly they bounding pulse chest pain similar angina rare fainting fatigue palpitations sensation heart beating shortness breath activity when lying down waking up short breath falling asleep swelling feet legs abdomen uneven rapid racing pounding fluttering pulse weakness likely activity
Mitral valve prolapse,mitral valve prolapse symptoms group symptoms mitral valve prolapse been called mitral valve prolapse syndrome exact relationship these symptoms valve problem clear findings coincidental when mitral regurgitation symptoms related leaking particularly when severe chest pain coronary artery disease heart attack dizziness fatigue panic attacks sensation heart beat palpitations shortness breath activity when lying flat orthopnea
Aortic dissection,cases symptoms begin suddenly severe chest pain pain heart attack symptoms decrease blood flowing rest symptoms pain described sharp stabbing tearing ripping below breast bone then moves shoulder blades back pain move shoulder neck arm jaw abdomen hips pain changes position moving arms legs aortic dissection worse anxiety doom fainting dizziness heavy sweating clammy skin nausea vomiting pale skin pallor rapid weak pulse shortness breath trouble breathing when lying flat orthopnea pain abdomen stroke symptoms swallowing difficulties pressure esophagus
Pericarditis,chest pain almost pain you fever chills sweating condition infection symptoms neck shoulder back abdomen increases deep breathing lying flat increase coughing swallowing sharp stabbing relieved sitting up leaning bending forward ankle feet leg swelling anxiety breathing difficulty when lying down dry cough fatigue
Paroxysmal supraventricular tachycardia (PSVT),symptoms start stop suddenly they last few minutes several hours symptoms symptoms condition anxiety chest tightness palpitations sensation heartbeat irregular fast rate racing rapid pulse shortness breath dizziness fainting
Atrial fibrillation and atrial flutter,you aware your heart beating normal pattern when symptoms they pulse rapid racing pounding thumping fluttering irregular too slow sensation heart beat palpitations confusion dizziness lightheadedness fainting fatigue weakness loss ability exercise shortness breath anxiety sweating chest pain pressure sign heart attack call 911 local emergency number right you chest pain pressure
Cardiogenic shock,symptoms chest pain pressure coma decreased urination fast breathing fast pulse heavy sweating moist skin lightheadedness loss alertness ability concentrate restlessness agitation confusion shortness breath skin cool touch pale skin color blotchy skin weak thready pulse
Multifocal atrial tachycardia,no symptoms when symptoms they symptoms disease chest tightness fainting lightheadedness sensation heart beating irregularly too fast palpitations shortness breath weight loss failure thrive infants breathing difficulty when lying down dizziness
Ventricular tachycardia,you symptoms heart rate vt episode fast lasts longer few seconds symptoms symptoms start stop suddenly cases there no symptoms chest discomfort angina fainting syncope lightheadedness dizziness sensation heart beat palpitations shortness breath
Restrictive cardiomyopathy,symptoms heart failure common these symptoms slowly symptoms start suddenly severe common symptoms symptoms cough breathing problems night activity when lying flat fatigue inability exercise loss appetite swelling abdomen swelling feet ankles uneven rapid pulse chest pain inability concentrate low urine output need urinate night
Coarctation of the aorta,symptoms depend how blood flow artery heart defects play role half newborns problem symptoms few days life these breathing fast problems eating increased irritability increased sleepiness becoming poorly responsive severe cases infant heart failure shock milder cases symptoms reached adolescence symptoms there no symptoms chest pain cold feet legs dizziness fainting decreased ability exercise failure thrive leg cramps exercise nosebleed poor growth pounding headache shortness breath
Hypertrophic cardiomyopathy,condition no symptoms they out they problem routine medical exam young symptom hypertrophic cardiomyopathy sudden collapse possible death highly abnormal heart rhythms arrhythmias blockage prevents outflow blood heart rest common symptoms chest pain dizziness fainting especially exercise fatigue lightheadedness especially activity exercise sensation heart beat fast irregularly palpitations shortness breath activity lying down being asleep
Cardiac amyloidosis,no symptoms when symptoms excessive urination night fatigue reduced exercise ability palpitations sensation heartbeat shortness breath activity swelling abdomen legs ankles trouble breathing lying down
Cardiac tamponade,symptoms symptoms disorder anxiety restlessness breathing problems sharp chest pain neck shoulder back abdomen chest pain worse deep breathing coughing problems breathing discomfort relieved sitting upright leaning forward fainting lightheadedness pale gray blue skin palpitations rapid breathing swelling legs abdomen jaundice dizziness drowsiness weak absent pulse
Heart attack,heart attack medical emergency you symptoms heart attack call 911 your local emergency number right chest pain common symptom heart attack pain severe mild pain lasts longer 20 minutes rest medicine relax blood vessels called nitroglycerin completely relieve pain heart attack symptoms go come back symptoms heart attack older diabetes little no chest pain they atypical symptoms shortness breath fatigue weakness silent heart attack heart attack no symptoms try drive yourself hospital wait you greatest risk sudden death early hours heart attack you pain only your pain move your chest your arms shoulder neck teeth jaw belly back tight band chest bad indigestion heavy sitting your chest squeezing heavy pressure anxiety cough fainting lightheadedness dizziness nausea vomiting palpitations your heart beating too fast irregularly shortness breath sweating heavy
Stable angina,symptoms stable angina predictable means amount exercise activity your angina your angina improve go when you stop slow down exercise common symptom chest pain behind breastbone slightly left pain stable angina begins slowly worse next few minutes going typically chest pain tightness heavy pressure squeezing crushing spread say pain gas indigestion common symptoms angina pain stable angina angina attacks they 6 m noon arm left back jaw neck shoulder fatigue shortness breath weakness dizziness lightheadedness nausea vomiting sweating palpitations comes activity stress lasts average 1 15 minutes relieved rest medicine called nitroglycerin
Superficial thrombophlebitis,symptoms skin redness inflammation tenderness pain vein below skin warmth limb pain hardening vein
Phlegmasia cerulea dolens,severe pain rapid swelling bluish-skin coloring affect below blocked vein
Unstable angina,symptoms angina stable angina chest pain symptoms only certain amount activity stress pain worse unstable angina chest pain sudden worse short period you unstable angina your chest pain unstable angina warning sign heart attack happen soon needs treated right contact your you chest pain chest pain you shoulder arm jaw neck back discomfort tightness squeezing crushing burning choking aching discomfort rest easily go when you medicine shortness breath sweating starts severe comes activity you rest lasts longer 15 20 minutes you asleep sitting quietly respond well medicine called nitroglycerin especially medicine worked relieve chest pain drop blood pressure shortness breath
Myocardial contusion,severe myocardial contusion signs symptoms heart attack symptoms pain front ribs breastbone your heart racing lightheadedness nausea vomiting shortness breath weakness
Venous insufficiency,pain symptoms skin changes legs dull aching heaviness cramping legs itching tingling pain worse when standing pain better when legs raised swelling legs irritated cracked skin you scratch red swollen crusted weepy skin stasis dermatitis varicose veins surface thickening hardening skin legs ankles lipodermatosclerosis wound ulcer slow heal legs ankles
Renovascular hypertension,renovascular hypertension history high blood pressure hard bring down medicines symptoms renovascular hypertension you dangerous high blood pressure called malignant hypertension symptomsâ canâ high blood pressure young age high blood pressure suddenly worse hard control kidneys working well start suddenly narrowing arteries legs brain eyes elsewhere sudden buildup fluid air sacs lungs pulmonary edema bad headache nausea vomiting confusion changes vision nosebleeds
Peptic ulcer,small ulcers symptoms heal treatment ulcers serious bleeding abdominal pain upper mid-abdomen common symptom pain differ no pain pain symptoms upper abdomen night wakes you up when you empty stomach 1 3 hours meal fullness problems drinking fluid usual nausea vomiting bloody dark tarry stools chest pain fatigue vomiting possibly bloody weight loss ongoing heartburn
Esophageal stricture - benign,symptoms trouble swallowing pain swallowing unintentional weight loss regurgitation food
Lower esophageal ring,lower esophageal ring symptoms common symptom food especially solid food stuck lower neck breastbone sternum
Whipple disease,symptoms start slowly joint pain common early symptom symptoms gastrointestinal gi infection several years later symptoms abdominal pain diarrhea fever darkening skin light-exposed areas joint pain ankles knees elbows fingers areas memory loss mental changes weight loss
Jaundice,jaundice suddenly slowly symptoms jaundice commonly note your skin yellow whites your eyes yellow you jaundice your skin turn yellow-to-orange color you eat lot beta carotene orange pigment carrots symptoms depend disorder causing jaundice yellow skin white eyes sclera when jaundice severe these areas brown yellow color mouth dark brown-colored urine pale clay-colored stools itching pruritis jaundice cancers produce no symptoms there fatigue weight loss symptoms hepatitis produce nausea vomiting fatigue symptoms
Amebic liver abscess,there no symptoms intestinal infection amebic liver abscess symptoms abdominal pain right upper abdomen pain intense continuous stabbing cough fever chills diarrhea non-bloody only one-third amebic liver abscess general discomfort uneasiness ill malaise hiccups stop rare jaundice yellowing skin mucous membranes eyes loss appetite sweating weight loss
Abscess - abdomen or pelvis,pain discomfort belly go common symptom pain depending where abscess located you symptoms abdominal abscess lot symptoms having flu you only your belly your belly sharp dull worse pain your back pain your chest shoulder swollen belly diarrhea fever chills lack appetite possible weight loss nausea vomiting weakness cough
Hepatic ischemia,altered mental status reduced blood flow brain symptoms damage liver cells symptoms affects liver function blood clots liver's main artery abdominal pain loss appetite general discomfort discomfort right upper quadrant your abdomen jaundice
Cholestasis,symptoms clay-colored pale stools dark urine inability digest certain foods itching nausea vomiting pain right upper abdomen yellow skin eyes
Hepatitis D (Delta agent),hepatitis d symptoms hepatitis b worse symptoms abdominal pain dark-colored urine fatigue jaundice joint pain loss appetite nausea vomiting
Chronic cholecystitis,acute cholecystitis painful condition chronic cholecystitis clear chronic cholecystitis symptoms symptoms acute cholecystitis sharp cramping dull pain upper right upper middle your belly steady pain lasting 30 minutes pain spreads your back below your right shoulder blade clay-colored stools fever nausea vomiting yellowing skin whites eyes jaundice
Bile duct stricture,symptoms abdominal pain upper right belly chills fever itching general discomfort loss appetite jaundice nausea vomiting pale clay-colored stools
Chronic pancreatitis,symptoms abdominal pain digestive problems greatest upper abdomen last hours days worse eating worse drinking alcohol back boring abdomen chronic weight loss when eating habits amounts normal diarrhea nausea vomiting foul-smelling fatty oily stools pale orange-colored stools chronic pancreatitis pancreatic cancer
Small bowel bacterial overgrowth,common symptoms symptoms abdominal fullness abdominal pain cramps bloating diarrhea watery gassiness fatty stool weight loss
Stomach cancer,symptoms stomach cancer abdominal fullness pain small meal dark stools difficulty swallowing worse excessive belching general decline loss appetite nausea vomiting blood weakness fatigue weight loss
Campylobacter infection,symptoms start 2â 4 days being exposed bacteria they last cramping abdominal pain fever nausea vomiting watery diarrhea bloody
Drug-induced liver injury,symptoms abdominal pain dark urine diarrhea fatigue fever headache jaundice loss appetite nausea vomiting rash white clay-colored stools
VIPoma,symptoms vipoma abdominal pain cramping diarrhea watery large amounts dehydration flushing redness face muscle cramps low blood potassium hypokalemia nausea weight loss
Fecal impaction,common symptoms possible symptoms abdominal cramping bloating leakage liquid sudden episodes watery diarrhea who chronic long-term constipation rectal bleeding small semi-formed stools straining when trying pass stools bladder pressure loss bladder control lower back pain rapid heartbeat lightheadedness straining pass stool
Esophageal perforation,main symptom pain when problem perforation middle lower esophagus swallowing problems chest pain breathing problems
Celiac disease â?? sprue,symptoms celiac disease diagnosis difficult constipation diarrhea no problem stools gastrointestinal symptoms problems because intestines absorb key nutrients celiac disease abdominal pain bloating gas indigestion constipation decreased appetite increased unchanged diarrhea constant off lactose intolerance common when diagnosed goes treatment nausea vomiting stools foul smelling oily stick toilet when flushed unexplained weight loss overweight normal weight easy bruising depression anxiety fatigue growth delay hair loss itchy skin rash dermatitis herpetiformis missed menstrual periods mouth ulcers muscle cramps joint pain nosebleeds seizures tingling numbness hands feet unexplained short height defects tooth enamel changes tooth color delayed puberty muscle wasting diarrhea constipation fatty foul-smelling stools nausea vomiting irritable fussy behavior poor weight gain slowed growth shorter normal height their age
Meckel diverticulum,symptoms symptoms few years life they start adulthood pain abdomen mild severe blood stool nausea vomiting
Gastrointestinal perforation,perforation intestine organs contents leak into abdomen severe infection called peritonitis symptoms severe abdominal pain chills fever nausea vomiting shock
Pancreatic cancer,tumor cancer pancreas grow symptoms means cancer advanced when symptoms pancreatic cancer diarrhea dark urine clay-colored stools fatigue weakness sudden increase blood sugar level diabetes jaundice yellow color skin mucous membranes white eyes itching skin loss appetite weight loss nausea vomiting pain discomfort upper belly abdomen
Short bowel syndrome,symptoms diarrhea fatigue pale greasy stools swelling edema especially legs foul-smelling stools weight loss dehydration
Angiodysplasia of the colon,symptoms vary older symptoms they noticeable bleeding directly colon bouts mild severe bleeding bright red black blood comes rectum there no pain associated angiodysplasia weakness fatigue shortness breath anemia
Hepatic vein obstruction (Budd-Chiari),symptoms abdominal swelling stretching fluid abdomen pain right upper abdomen vomiting blood yellowing skin jaundice
Dubin-Johnson syndrome,mild jaundice puberty adulthood only symptom djs
Hepatic hemangioma,hemangiomas bleeding interfere organ function produce symptoms rare cases hemangioma rupture
Peutz-Jeghers syndrome,symptoms pjs brownish bluish-gray spots lips gums inner lining mouth skin clubbed fingers toes cramping pain belly dark freckles lips blood stool naked eye vomiting
Autoimmune hepatitis,symptoms absence menstruation amenorrhea symptom fatigue general discomfort uneasiness ill malaise itching loss appetite nausea vomiting joint pain pale clay-colored stools dark urine abdominal distention
Irritable bowel syndrome,ibs symptoms vary range mild severe mild symptoms you said ibs when symptoms least 3 days period 3 months main symptoms pain symptoms reduced go bowel movement symptoms flare up when there change frequency your bowel movements ibs go back forth having constipation diarrhea mostly symptoms worse few weeks then decrease cases symptoms you lose your appetite you ibs blood stools unintentional weight loss ibs abdominal pain cramps gas fullness bloating change bowel habits you canâ diarrhea ibs-d constipation ibs-c you ibs diarrhea you frequent loose watery stools you urgent need bowel movement hard control you ibs constipation you hard passing stool well fewer bowel movements you need strain bowel movement cramps only small amount no stool pass
Pancreas divisum,symptoms you pancreatitis symptoms abdominal pain upper abdomen back abdominal swelling distention nausea vomiting
Toxic megacolon,rapid widening colon symptoms short period painful distended abdomen fever sepsis diarrhea bloody
Crohn disease,symptoms depend digestive tract involved symptoms range mild severe come go periods flare-ups main symptoms crohn disease symptoms crampy pain abdomen belly fever fatigue loss appetite weight loss you need pass stools your bowels empty tenesmus involve straining pain cramping watery diarrhea bloody constipation sores swelling eyes draining pus mucus stools rectum anus called fistula joint pain swelling mouth ulcers rectal bleeding bloody stools swollen gums tender red bumps nodules skin turn into skin ulcers
Ulcerative colitis,symptoms severe they start slowly suddenly half only mild symptoms others severe attacks factors attacks symptoms children's growth slow symptoms ulcerative colitis pain abdomen belly cramping gurgling splashing sound heard intestine blood possibly pus stools diarrhea only few episodes fever you need pass stools your bowels empty tenesmus involve straining pain cramping weight loss eye irritation joint pain swelling nausea vomiting skin lumps ulcers
Viral gastroenteritis (stomach flu),symptoms 4 48 hours contact virus common symptoms symptoms abdominal pain diarrhea nausea vomiting chills clammy skin sweating fever joint stiffness muscle pain â â â poor feeding weight loss
Intestinal pseudo-obstruction,symptoms abdominal pain bloating constipation nausea vomiting swollen abdomen abdominal distention weight loss
Bacterial gastroenteritis,symptoms depend bacteria sickness types food poisoning diarrhea symptoms abdominal cramps abdominal pain bloody stools loss appetite nausea vomiting fever
Cirrhosis,there no symptoms symptoms come slowly depending how well liver working discovered chance when abdominal ultrasound exam done blood drawn another reason early symptoms liver function worsens symptoms fatigue loss energy poor appetite weight loss nausea belly pain small red spider-like blood vessels skin fluid buildup legs edema abdomen ascites yellow color skin mucous membranes eyes jaundice redness palms hands impotence shrinking testicles breast swelling easy bruising abnormal bleeding swollen veins digestive tract confusion problems thinking pale clay-colored stools bleeding upper lower gastrointestinal tract
Appendicitis,symptoms appendicitis vary hard detect appendicitis young older childbearing age symptom pain belly button mid upper abdomen pain minor sharp severe you loss appetite nausea vomiting low-grade fever pain tends move into right lower your belly pain tends focus spot directly above appendix called mcburney point 12 24 hours illness starts your pain worse when you walk cough sudden movements later symptoms chills shaking hard stools diarrhea fever nausea vomiting
Diverticulitis,diverticulosis no symptoms they bloating cramping lower belly rarely they notice blood their stool toilet paper symptoms diverticulitis severe start suddenly they worse few days they pain discomfort left lower abdomen bloating gas fever chills nausea vomiting hungry eating
Pseudomembranous colitis,abdominal cramps mild severe bloody stools fever urge bowel movement watery diarrhea 5 10 times
Intestinal obstruction and Ileus,abdominal swelling distention abdominal fullness gas abdominal pain cramping breath odor constipation diarrhea inability pass gas nausea vomiting
Pyogenic liver abscess,symptoms liver abscess pain right upper abdomen common throughout abdomen common clay-colored stools dark urine fever chills night sweats loss appetite nausea vomiting unintentional weight loss weakness yellow skin jaundice right shoulder pain referred pain chest pain lower right
Colorectal cancer,cases colon cancer no symptoms there symptoms indicate colon cancer abdominal pain tenderness lower abdomen blood stool diarrhea constipation change bowel habits narrow stools weight loss no known reason
Bile duct obstruction,abdominal pain upper right dark urine fever itching jaundice yellow skin color nausea vomiting clay-colored pale stools
Acute cholecystitis,pain upper right upper middle your belly lasts least 30 minutes you symptoms sharp cramping dull pain steady pain pain spreads your back below your right shoulder blade clay-colored stools fever nausea vomiting yellowing skin whites eyes jaundice
Gastroesophageal reflux disease,common symptoms gerd common symptoms symptoms worse when you bend lie down you eat symptoms worse night food stuck behind breastbone heartburn burning pain chest nausea eating bringing food back up regurgitation cough wheezing difficulty swallowing hiccups hoarseness change voice sore throat
Colorectal polyps,polyps symptoms when symptoms blood stools change bowel habit fatigue losing blood
Achalasia,backflow regurgitation food chest pain increase eating pain back neck arms cough difficulty swallowing liquids solids heartburn unintentional weight loss
Bleeding esophageal varices,chronic liver disease esophageal varices no symptoms there only small amount bleeding only symptom dark black streaks stools larger amounts bleeding symptoms black tarry stools bloody stools lightheadedness paleness symptoms chronic liver disease vomiting blood
Mallory-Weiss tear,bloody stools vomiting blood bright red
Pancreatic abscess,abdominal mass abdominal pain chills fever inability eat nausea vomiting
Pancreatic pseudocyst,symptoms days months attack pancreatitis they bloating abdomen constant pain deep ache abdomen back nausea vomiting loss appetite difficulty eating digesting food
Gallstones,gallstones symptoms these routine x-ray abdominal surgery medical procedure large stone blocks tube duct drains gallbladder you cramping pain middle right upper abdomen known biliary colic pain goes stone passes into small intestine symptoms symptoms pain right upper middle upper abdomen least 30 minutes pain constant cramping sharp dull fever yellowing skin whites eyes jaundice clay-colored stools nausea vomiting
Choledocholithiasis,there no symptoms stone blocks common bile duct symptoms pain right upper middle upper abdomen least 30 minutes pain constant intense mild severe fever yellowing skin whites eyes jaundice loss appetite nausea vomiting clay-colored stools
Tropical sprue,symptoms up 10 years leaving tropics abdominal cramps diarrhea worse high-fat diet excess gas flatus fatigue fever leg swelling weight loss
Lactose intolerance,symptoms 30 minutes 2 hours having milk products symptoms worse when you consume large amounts symptoms abdominal bloating abdominal cramps diarrhea gas flatulence nausea
Liver metastases,cases there no symptoms when symptoms they decreased appetite confusion fever sweating jaundice yellowing skin whites eyes nausea pain upper right abdomen weight loss
Hepatitis A,symptoms up 2 6 weeks being exposed hepatitis virus they mild last up several months especially symptoms dark urine fatigue itching loss appetite low-grade fever nausea vomiting pale clay-colored stools yellow skin jaundice
Hepatitis B,you infected hbv symptoms hepatitis b up 6 months infection early symptoms symptoms go few weeks months your able fight off infection rid hbv called chronic hepatitis b chronic hepatitis symptoms know they infected they symptoms liver damage cirrhosis liver you spread hbv you no symptoms you no symptoms you sick period days weeks you ill quickly called fulminant hepatitis appetite loss fatigue low fever muscle joint aches nausea vomiting yellow skin dark urine
Liver cancer - hepatocellular carcinoma,abdominal pain tenderness especially upper-right easy bruising bleeding enlarged abdomen fluid abdomen ascites yellow skin eyes jaundice unexplained weight loss
Alcoholic liver disease,there no symptoms symptoms come slowly depends how well liver working symptoms tend worse period heavy drinking early symptoms liver function worsens symptoms loss energy poor appetite weight loss nausea belly pain small red spider-like blood vessels skin fluid buildup legs edema abdomen ascites yellow color skin mucous membranes eyes jaundice redness palms hands impotence shrinking testicles breast swelling easy bruising abnormal bleeding confusion problems thinking pale clay-colored stools bleeding gastrointestinal tract
Primary biliary cholangitis,half no symptoms diagnosis symptoms oftenâ begin slowly early symptoms liver function worsens symptoms nausea belly pain fatigue loss energy fatty deposits skin fatty stools itching pruritus poor appetite weight loss fluid buildup legs edema abdomen ascites yellow color skin mucous membranes eyes jaundice redness palms hands impotence shrinking testicles breast swelling easy bruising abnormal bleeding swollen veins digestive tract confusion problems thinking pale clay-colored stools
Esophageal cancer,backward movement food esophagus possibly mouth regurgitation chest pain related eating difficulty swallowing solids liquids heartburn vomiting blood weight loss
Hepatitis C,who recently infected hcv symptoms yellowing skin jaundice chronic infection no symptoms fatigue depression problems persons who long-term chronic infection no symptoms their liver scarred cirrhosis condition ill problems symptoms hcv infection pain right upper abdomen abdominal swelling fluid ascites clay-colored pale stools dark urine fatigue fever itching jaundice loss appetite nausea vomiting
Sclerosing cholangitis,symptoms no symptoms symptoms fatigue itching yellowing skin eyes jaundice enlarged liver enlarged spleen loss appetite weight loss repeat episodes cholangitis infection bile duct fever jaundice pain right upper abdomen
Ascites,symptoms slowly suddenly depending ascites you no symptoms there only small amount fluid belly fluid collects you abdominal pain bloating large amounts fluid shortness breath happens because fluid pushes up diaphragm turn compresses lower lungs symptoms liver failure
Acute pancreatitis,main symptom pancreatitis pain upper left middle abdomen pain acute pancreatitis ill fever nausea vomiting sweating symptoms disease worse minutes eating drinking commonly foods high fat content constant severe lasting several days worse when lying flat back spread radiate back below left shoulder blade clay-colored stools bloating fullness hiccups indigestion mild yellowing skin whites eyes jaundice swollen abdomen
Giardia infection,becoming infected symptoms 7 14 days non-bloody diarrhea main symptom symptoms who giardia infection long continue having symptoms infection gone abdominal gas bloating headache loss appetite low-grade fever nausea weight loss loss fluids
Esophageal spasm,symptoms hard tell spasm angina pectoris symptom heart disease pain spread neck jaw arms back problems swallowing pain swallowing pain chest upper abdomen
Cholangitis,symptoms pain upper right upper middle abdomen back below right shoulder blade pain come go sharp cramp-like dull fever chills dark urine clay-colored pale stools nausea vomiting yellowing skin jaundice come go
Cholangiocarcinoma,symptoms cca feverâ chills clay-colored stools dark urine itching loss appetite pain upper right abdomen radiate back weight loss yellowing skin jaundice
Hemorrhoids,hemorrhoids painful blood clot forms they painful common symptoms painless bright red blood rectum anal itching anal ache pain especially sitting pain bowel movements hard tender lumps anus
Salmonella enterocolitis,getting infected having symptoms 8 72 hours symptoms abdominal pain cramping tenderness chills diarrhea fever muscle pain nausea vomiting
Shigellosis,symptoms 1 7 days average 3 days coming into contact bacteria symptoms acute sudden abdominal pain cramping acute fever blood mucus pus stool crampy rectal pain nausea vomiting watery bloody diarrhea
E coli enteritis,symptoms when e coli bacteria enter intestine symptoms 24 72 hours being infected common symptom sudden severe diarrhea bloody symptoms symptoms rare severe e coli infection fever gas loss appetite stomach cramping vomiting rare bruises happen easily pale skin red bloody urine reduced amount urine kidney failure
Gastroparesis,symptoms abdominal distention abdominal pain hypoglycemia diabetes nausea premature abdominal fullness meals weight loss trying vomiting
Amebiasis,infection symptoms symptoms they 7 28 days being exposed parasite mild symptoms severe symptoms abdominal cramps diarrhea passage 3 8 semiformed stools passage soft stools mucus occasional blood fatigue excessive gas rectal pain having bowel movement tenesmus unintentional weight loss abdominal tenderness bloody stools passage liquid stools streaks blood passage 10 20 stools fever vomiting
Malabsorption,current weight rate weight gain lower similar age sex called failure thrive grow normally failure thrive weight loss muscle wasting weakness problems thinking changes stools changes stools bloating cramping gas bulky stools chronic diarrhea fatty stools steatorrhea
Radiation enteritis,symptoms vary depending intestines received radiation symptoms worse symptoms shortly long radiation treatment changes bowel movements symptoms these symptoms better 2 3 months radiation treatment ends condition months years radiation therapy when symptoms long-term chronic problems you chemotherapy radiation you receive stronger doses radiation larger your intestines receives radiation bleeding mucus rectum diarrhea watery stools need bowel movement pain rectal especially bowel movements loss appetite nausea vomiting abdominal pain bloody diarrhea greasy fatty stools weight loss
Gilbert syndrome,symptoms gilbert syndrome jaundice times exertion stress infection when they eat fatigue yellowing skin whites eyes mild jaundice
Loss of brain function - liver disease,symptoms he graded scale grades 1 4 they begin slowly worsen early symptoms mild severe symptoms he unconscious unresponsive possibly enter into coma able themselves because these symptoms breath musty sweet odor changes sleep patterns changes thinking mild confusion forgetfulness personality mood changes poor concentration judgment worsening handwriting loss small hand movements abnormal movements shaking hands arms agitation excitement seizures rarely disorientation drowsiness confusion behavior personality changes slurred speech slowed sluggish movement
Cholera,symptoms cholera mild severe they abdominal cramps dry mucous membranes orâ dry mouth dry skin excessive thirst glassy sunken eyes lack tears lethargy low urine output nausea rapid dehydration rapid pulse heart rate sunken soft spots fontanelles infants unusual sleepiness tiredness vomiting watery diarrhea starts suddenly fishy odor
Diabetic hyperglycemic hyperosmolar syndrome,symptoms symptoms worse days weeks symptoms disease increased thirst urination beginning syndrome weak nausea weight loss dry mouth dry tongue fever seizures confusion coma loss function muscles problems movement speech impairment
Type 1 diabetes,high blood sugar symptoms signs 1 diabetes they when blood sugar high these serious warning symptoms signs 1 diabetes they happen when blood sugar high diabetic ketoacidosis low blood sugar low blood sugar hypoglycemia quickly diabetes who taking insulin symptoms when person's blood sugar level falls below 70 milligrams deciliter mg dl 3 9 millimoles liter mmol l watch years diabetes serious problems symptoms being thirsty hungry tired having blurry eyesight numbness tingling your feet losing weight increased appetite urinating urinating night bedwetting who dry overnight deep rapid breathing dry skin mouth flushed face fruity breath odor nausea vomiting inability keep down fluids stomach pain headache hunger nervousness irritability rapid heartbeat palpitations shaking sweating weakness
Hypophosphatemia,symptoms bone pain confusion muscle weakness seizures
Bartter syndrome,disease childhood symptoms constipation weight gain similar age sex growth failure frequent urination urinary frequency low blood pressure kidney stones muscle cramping weakness
Factitious hyperthyroidism,symptoms factitious hyperthyroidism those hyperthyroidism thyroid gland disorder there no goiter thyroid gland small eyes bulge they graves disease common hyperthyroidism skin shins thicken who graves disease
Hypokalemic periodic paralysis,symptoms attacks muscle weakness loss muscle movement paralysis come go there normal muscle strength attacks attacks begin teen years they age 10 how attacks varies attacks others them attacks remains alert weakness paralysis another symptom eyelid myotonia condition opening closing eyes they cannot opened short commonly shoulders hips affect arms legs muscles eyes muscles help breathing swallowing off commonly awakening sleep rest rare exercise triggered resting exercise triggered high-carbohydrate high-salt meals stress pregnancy heavy exercise cold attack lasts several hours up
Type 2 diabetes,2 diabetes no symptoms they symptoms years who 2 diabetes slowly eye kidney nerve damage when they diagnosed early symptoms diabetes high blood sugar level years diabetes serious problems complications bladder kidney skin infections frequent heal slowly fatigue hunger increased thirst increased urination blurred vision
Syndrome of inappropriate antidiuretic hormone secretion,siadh urine concentrated enough water excreted there too water blood dilutes substances blood sodium low blood sodium level common symptoms too adh common clue siadh there no symptoms mildly low sodium level symptoms lower level sodium when symptoms they nausea vomiting headache problems balance falls mental changes confusion memory problems strange behavior seizures coma severe cases
Magnesium deficiency,common symptoms abnormal eye movements nystagmus convulsions fatigue muscle spasms cramps muscle weakness numbness
Hyperkalemic periodic paralysis,symptoms attacks muscle weakness loss muscle movement paralysis come go there normal muscle strength attacks attacks begin childhood how attacks varies several attacks they severe enough need therapy associated myotonia they cannot immediately relax their muscles weakness paralysis triggers commonly shoulders back hips involve arms legs affect muscles eyes muscles help breathing swallowing commonly resting activity exercise awakening off lasts 15 minutes 1 hour last up entire eating high carbohydrate meal rest exercise exposure cold skipping meals eating potassium-rich foods taking medicines contain potassium stress
Toxic nodular goiter,symptoms older symptoms specific these toxic nodular goiter bulging eyes graves disease graves disease autoimmune disorder overactive thyroid gland hyperthyroidism fatigue frequent bowel movements heat intolerance increased appetite increased sweating irregular menstrual period muscle cramps nervousness restlessness weight loss weakness fatigue palpitations chest pain pressure changes memory mood
Thyrotoxic periodic paralysis,symptoms involve attacks muscle weakness paralysis attacks normal muscle function returns attacks begin symptoms hyperthyroidism hyperthyroid symptoms subtle attacks daily yearly episodes muscle weakness paralysis rare symptoms attacks you alert answer questions normal strength returns attacks repeated attacks you muscle weakness symptoms hyperthyroidism come go last few hours up several days rare legs arms common shoulders hips triggered heavy high-carbohydrate high-salt meals triggered rest exercise trouble breathing speech problems trouble swallowing vision changes excessive sweating fast heart rate fatigue headache heat intolerance increased appetite insomnia having bowel movements strong heartbeat palpitations tremors hand warm moist skin weight loss
Diabetic ketoacidosis,common symptoms dka decreased alertness deep rapid breathing dehydration dry skin mouth flushed face frequent urination thirst lasts fruity-smelling breath headache muscle stiffness aches nausea vomiting stomach pain
Acromegaly,symptoms acromegaly symptoms disease odor blood stool carpal tunnel syndrome decreased muscle strength weakness decreased peripheral vision dental problems gaps teeth easy fatigue enlarged tongue excessive height when excessâ gh production begins childhood excessive sweating headache heart enlargement fainting shortness breath hoarseness jaw pain joint pain limited joint movement swelling bony areas joint large bones face large jaw tongue widely spaced teeth large feet change shoe size large hands change ring glove size large glands skin sebaceous glands causing oily skin thickening skin skin tags growths sleep apnea widened fingers toes swelling redness pain colon polyps excess hair growth females hirsutism high blood pressure 2 diabetes thyroid enlargement weight gain
Alcoholic ketoacidosis,symptoms alcoholic ketoacidosis nausea vomiting abdominal pain agitation confusion changed level alertness coma fatigue slow movements deep labored rapid breathing loss appetite symptoms dehydration dizziness lightheadedness thirst
Zollinger-Ellison syndrome,symptoms signs ulcers stomach small intestine abdominal pain diarrhea vomiting blood severe esophageal reflux gerd symptoms
Glucagonoma,symptoms glucagonoma cases cancer spread liver when diagnosed glucose intolerance problem breaking down sugars high blood sugar hyperglycemia diarrhea excessive thirst high blood sugar frequent urination high blood sugar increased appetite inflamed mouth tongue nighttime nocturnal urination skin rash face abdomen buttocks feet comes goes moves weight loss
Hemochromatosis,symptoms abdominal pain fatigue lack energy weakness generalized darkening skin color referred bronzing joint pain loss hair loss sexual desire weight loss
Type V glycogen storage disease,symptoms commonly start early childhood difficult separate these symptoms those normal childhood diagnosis 20 30 years burgundy-colored urine myoglobinuria fatigue exercise intolerance poor stamina muscle cramps muscle pain muscle stiffness muscle weakness
Primary and secondary hyperaldosteronism,primary secondary hyperaldosteronism common symptoms high blood pressure low level potassium blood tired headache muscle weakness numbness
Thyroid cancer - papillary carcinoma,thyroid cancer begins small lump nodule thyroid gland small lumps cancer 90 thyroid nodules harmless cancerous there no symptoms
Milk-alkali syndrome,beginning condition no symptoms asymptomatic when symptoms they back middle low back pain kidney related kidney stones confusion strange behavior constipation depression excessive urination fatigue irregular heartbeat arrhythmia nausea vomiting symptoms kidney failure
Fanconi syndrome,symptoms passing large amounts urine dehydration excessive thirst severe bone pain fractures bone weakness muscle weakness
Fanconi anemia,fanconi anemia lower-than-normal numbers white blood cells red blood cells platelets cells help blood clot too few white blood cells infections lack red blood cells fatigue anemia lower-than-normal amount platelets excess bleeding fanconi anemia these symptoms possible symptoms abnormal heart lungs digestive tract bone problems especially hips spine ribs curved spine scoliosis changes color skin darkened areas skin called cafã au lait spots vitiligo deafness abnormal ears eye eyelid problems kidneys correctly problems arms hands missing extra misshapen thumbs problems hands bone lower arm small missing bone forearm short height small head small testicles genital changes failure thrive learning disability low birth weight intellectual disability
Metabolic acidosis,symptoms underlying disease condition causing metabolic acidosis metabolic acidosis itself rapid deep breathing your tries compensate confusion lethargy severe metabolic acidosis shock death situations metabolic acidosis mild ongoing chronic condition
Prolactinoma,symptoms pressure larger tumor there no symptoms especially older abnormal milk flow breast who pregnant nursing galactorrhea breast tenderness decreased sexual interest libido decreased peripheral vision headache infertility stopping menstruation related menopause irregular menstruation vision changes decreased sexual interest libido decreased peripheral vision enlargement breast tissue gynecomastia headache erection problems impotence infertility vision changes headache lethargy nasal drainage nausea vomiting problems sense smell sinus pain pressure vision changes double vision drooping eyelids visual field loss
von Gierke disease,these symptoms von gierke disease constant hunger need eat easy bruising nosebleeds fatigue irritability puffy cheeks thin chest limbs swollen belly
Beriberi,symptoms dry beriberi symptoms wet beriberi difficulty walking loss sensation hands feet loss muscle function paralysis lower legs mental confusion pain speech difficulties strange eye movements nystagmus tingling vomiting awakening night short breath increased heart rate shortness breath activity swelling lower legs
Pheochromocytoma,tumor attacks set symptoms happen when tumor releases hormones attacks last few minutes hours set symptoms tumor grows attacks increase frequency length severity symptoms headaches heart palpitations sweating high blood pressure abdominal chest pain irritability nervousness pallor weight loss nausea vomiting shortness breath seizures problems sleeping
Bulimia,bulimia eating binges several times months eats large amounts high-calorie foods secret these episodes lack control eating binges self-disgust purging prevent weight gain purging purging brings sense relief bulimia normal weight they themselves being overweight because person's weight normal notice eating disorder symptoms forcing oneself vomit excessive exercise laxatives enemas diuretics water pills spending lot exercising suddenly eating large amounts food buying large amounts food disappear right regularly going bathroom right meals throwing packages laxatives diet pills emetics medicines vomiting diuretics
Pellagra,symptoms pellagra delusions mental confusion diarrhea weakness loss appetite pain abdomen inflamed mucous membrane scaly skin sores especially sun-exposed areas skin
Hypopituitarism,symptoms hypopituitarism multiple symptoms common symptoms slowly vary greatly depending symptoms condition abdominal pain decreased appetite lack sex drive libido dizziness fainting erection problems excessive urination thirst frequent urination night failure release milk fatigue weakness headache infertility irregular absent menstrual periods loss armpit pubic hair loss facial hair low blood pressure low blood sugar sensitivity cold short height 5 feet 1 5 meters onset childhood growth period slowed growth sexual development vision problems weight loss number hormones missing organs they affect severity disorder face swelling hair loss hoarseness changing voice joint stiffness weight gain
Rickets,symptoms rickets bone pain tenderness arms legs pelvis spine decreased muscle tone loss muscle strength weakness worse dental deformities delayed tooth formation defects tooth structure holes enamel increased cavities dental caries impaired growth increased bone fractures muscle cramps short stature 5 feet 1 52 meters tall skeletal deformities odd-shaped skull bowlegs bumps ribcage rachitic rosary breastbone pushed forward pigeon chest pelvic deformities spine deformities spine curves abnormally scoliosis kyphosis
Craniopharyngioma,craniopharyngioma symptoms increased pressure brain damage pituitary gland hormone imbalances excessive thirst urination slow growth when optic nerve damaged tumor vision problems these defects permanent they worse surgery remove tumor behavioral learning problems increasing pressure brain hydrocephalus disrupting hormone production hypothalamus pituitary gland pressure damage optic nerve headache nausea vomiting especially morning change appetite weight confusion drowsiness
Cystinuria,symptoms blood urine flank pain pain back pain rarely sides pain severe worse days you pain pelvis groin genitals upper abdomen back
Carcinoid syndrome,carcinoid syndrome up four main symptoms symptoms brought physical exertion eating drinking blue cheese chocolate red wine flushing face neck upper chest widened blood vessels skin telangiectasias difficulty breathing wheezing diarrhea heart problems leaking heart valves slow heartbeat low high blood pressure
Cushing disease,symptoms cushing disease skin changes muscle bone changes symptoms problems upper obesity above waist thin arms legs round red full face moon face slow growth rate acne skin infections purple stretch marks 1 2 inch 1 centimeter wide called striae skin abdomen thighs upper arms breasts thin skin easy bruising commonly arms hands backache routine activities bone pain tenderness collection fat shoulders buffalo hump weakening bones rib spine fractures weak muscles causing exercise intolerance excess hair growth face neck chest abdomen thighs menstrual cycle irregular stops decreased no desire sex low libido erection problems mental changes depression anxiety changes behavior fatigue frequent infections headache increased thirst urination high blood pressure diabetes high blood sugar
Empty sella syndrome,there no symptoms loss pituitary function there symptoms they erection problems headaches irregular absent menstruation decreased orâ no desire sex low libido fatigue low energy nipple discharge
Hypervitaminosis A,symptoms abnormal softening skull bone infants blurred vision bone pain swelling bulging soft spot infant's skull fontanelle changes alertness consciousness decreased appetite dizziness double vision young drowsiness hair changes hair loss oily hair headache irritability liver damage nausea vomiting poor weight gain infants skin changes cracking corners mouth higher sensitivity sunlight oily skin peeling itching yellow color skin vision changes
Idiopathic intracranial hypertension,symptoms headaches worse physical activity especially when you tighten stomach muscles coughing straining headaches throbbing daily irregular worse morning neck pain blurred vision buzzing sound ears tinnitus dizziness double vision diplopia nausea vomiting vision problems flashing lights loss vision low back pain radiating legs
Anaplastic thyroid cancer,symptoms cough coughing up blood difficulty swallowing hoarseness changing voice loud breathing lower neck lump grows quickly pain neck vocal cord paralysis overactive thyroid hyperthyroidism
Hypothyroidism,early symptoms late symptoms untreated hard stools constipation cold wearing sweater when others wearing t-shirt fatigue slowed down heavier irregular menstrual periods joint muscle pain paleness dry skin sadness depression thin brittle hair fingernails weakness weight gain decreased taste smell hoarseness puffy face hands feet slow speech thickening skin thinning eyebrows low temperature slow heart rate
Folate deficiency,folic acid deficiency fatigue irritability diarrhea poor growth smooth tender tongue
Hyperthyroidism,common symptoms symptoms condition anxiety difficulty concentrating fatigue frequent bowel movements goiter visibly enlarged thyroid gland thyroid nodules hair loss hand tremor heat intolerance increased appetite increased sweating irregular menstrual periods nail changes thickness flaking nervousness pounding racing heart beat palpitations restlessness sleep problems weight loss weight gain cases breast development clammy skin diarrhea faint when you raise your hands high blood pressure itchy irritated eyes itchy skin nausea vomiting protruding eyes exophthalmos skin blushing flushing skin rash shins weakness hips shoulders
Acute adrenal crisis,symptoms signs adrenal crisis abdominal pain flank pain confusion loss consciousness coma dehydration dizziness lightheadedness fatigue severe weakness headache high fever loss appetite low blood pressure low blood sugar nausea vomiting rapid heart rate rapid respiratory rate slow sluggish movement unusual excessive sweating face palms
Graves disease,younger these symptoms graves disease problems their eyes older these symptoms anxiety nervousness well problems sleeping breast enlargement possible problems concentrating fatigue frequent bowel movements hair loss heat intolerance increased sweating increased appetite having weight loss irregular menstrual periods muscle weakness hips shoulders moodiness irritability anger palpitations sensation strong unusual heartbeat rapid irregular heartbeat shortness breath activity shaking hands tremors weight loss eyeballs bulging out painful eyes irritated itchy tear frequently double vision decreased vision damage cornea severe cases rapid irregular heartbeat chest pain memory loss decreased concentration weakness fatigue
Hereditary fructose intolerance,symptoms baby starts eating food formula early symptoms fructose intolerance similar those galactosemia inability sugar galactose later symptoms relate liver disease symptoms convulsions excessive sleepiness irritability yellow skin whites eyes jaundice poor feeding growth baby failure thrive problems eating fruits foods contain fructose sucrose vomiting
Osteoporosis,there no symptoms early stages osteoporosis times fracture learning they disease fractures bones spine pain almost anywhere spine these called compression fractures they injury pain suddenly slowly there loss height 6 inches 15 centimeters stooped posture condition called dowager's hump
Anorexia,anorexia anorexia severely limit amount food they eat they eat then themselves throw up behaviors symptoms anorexia intense fear gaining weight becoming fat when underweight refuses keep their weight what considered normal their age height 15 below normal weight image distorted focused weight shape refuse admit danger weight loss cutting food into small pieces moving them plate eating exercising when weather bad they hurt their schedule busy going bathroom right meals refusing eat pills themselves urinate water pills diuretics bowel movement enemas laxatives decrease their appetite diet pills blotchy yellow skin dry covered fine hair confused slow thinking poor memory judgment depression dry mouth extreme sensitivity cold wearing several layers clothing stay warm thinning bones osteoporosis wasting muscle loss fat
Familial Mediterranean fever,symptoms begin ages 5 15 inflammation lining abdominal cavity chest cavity skin joints high fevers peak 12 24 hours attacks vary severity symptoms symptom-free attacks symptoms repeated episodes abdominal pain chest pain sharp worse when taking breath fever alternating chills fever joint pain skin sores lesions red swollen range 5 20 centimeters cm diameter
Pseudohypoparathyroidism,symptoms related aâ low level calcium albright hereditary osteodystrophy symptoms cataracts dental problems numbness seizures tetany collection symptoms muscle twitches hand foot cramps muscle spasms calcium deposits skin dimples replace knuckles affected fingers round face short neck short hand bones especially bone below 4th finger short height
Hypercalcemia,condition diagnosed early stage routine blood tests no symptoms symptoms high calcium level vary depending how long problemâ beenâ they digestive symptoms nausea vomiting poor appetite constipation increased thirst frequent urination changes kidneys muscle weakness twitches changes how your brain works tired fatigued confused bone pain fragile bones break easily
Galactosemia,infants galactosemia symptoms few days life they eat formula breast milk contains lactose they serious blood infection bacteria e coli symptoms galactosemia convulsions irritability lethargy poor feeding baby refuses eat formula containing milk poor weight gain yellow skin whites eyes jaundice vomiting
Polycystic ovary syndrome,symptoms pcos changes menstrual cycle symptoms pcos development male characteristics typical pcos indicate another problem changes indicate another problem apart pcos getting period you normal ones puberty secondary amenorrhea irregular periods come go light heavy extra hair grows chest belly face nipples acne face chest back skin changes dark thick skin markings creases armpits groin neck breasts thinning hair head temples called male pattern baldness enlargement clitoris deepening voice decrease breast size
Chronic thyroiditis (Hashimoto disease),symptoms hashimoto disease constipation difficulty concentrating thinking dry skin enlarged neck presence aâ goiter only early symptom fatigue hair loss heavy irregular menstrual periods intolerance cold mild weight gain mood changes small shrunken thyroid gland late disease
Hereditary urea cycle abnormality,typically affected baby begins nursing well normal baby poor feeding vomiting sleepiness deep baby difficult awaken birth symptoms confusion decreased food intake dislike foods contain proteinâ increased sleepiness difficulty waking up nausea vomiting
Maple syrup urine disease,symptoms disorder coma feeding difficulties lethargy seizures urine smells maple syrup vomiting
Thyroid cancer - medullary carcinoma,mtc begins small lump nodule thyroid gland there lymph node swelling neck symptoms swelling neck hoarseness breathing problems narrowing airways cough cough blood diarrhea high calcitonin level
Subacute thyroiditis,obvious symptom subacute thyroiditis pain neck swollen inflamed thyroid gland pain spread radiate jaw ears thyroid gland painful swollen weeks rare cases months symptoms inflamed thyroid gland release too thyroid hormone causing symptoms hyperthyroidism thyroid gland heals release too little hormone causing symptoms hypothyroidism thyroid gland function returns normal few months you need treatment your underactive thyroid rare cases hypothyroidism permanent tenderness when gentle pressure applied thyroid gland difficulty painful swallowing hoarseness fatigue weak fever frequent bowel movements hair loss heat intolerance irregular light menstrual periods mood changes nervousness shaking hands tremors palpitations sweating weight loss increased appetite cold intolerance constipation fatigue irregular heavy menstrual periods weight gain dry skin mood changes
Osteomalacia,symptoms symptoms low calcium level these bone fractures happen significant injury muscle weakness widespread bone pain especially hips numbness mouth numbness tingling arms legs spasms cramps hands feet
Diabetes insipidus,symptoms di excessive thirst intense uncontrollable need drink large amounts water craving ice water excessive urine volume excessive urination needing urinate hour throughout night dilute pale urine
Addison disease,symptoms addison disease symptoms these symptoms when they infection stress times they no symptoms abdominal pain chronic diarrhea nausea vomiting darkening skin dehydration dizziness when standing up low-grade fever low blood sugar low blood pressure â especially change position extreme weakness fatigue slow sluggish movement darker skin cheeks lips buccal mucosa salt craving eating food lot added salt weight loss reduced appetite
Turner syndrome,possible findings head neck findings turner syndrome shorter who age sex called short stature problem noticed age 11 puberty absent complete puberty begins normal age age puberty treated female hormones these findings diagnosis turner syndrome adulthood discovered because light no menstrual periods problems becoming pregnant ears low-set neck wide web-like roof mouth narrow high palate hairline back head lower lower jaw lower fade recede drooping eyelids dry eyes fingers toes short hands feet swollen infants nails narrow turn upward chest broad flat nipples widely spaced height birth smaller average pubic hair normal breast development menstrual periods absent light vaginal dryness pain intercourse common infertility
Prostate cancer,early prostate cancer there no symptoms psa blood test done screen prostate cancer psa level rises there symptoms symptoms below prostate cancer grows larger prostate these symptoms prostate problems when cancer spread there bone pain tenderness lower back pelvic bones delayed slowed start urinary stream dribbling leakage urine urinating slow urinary stream straining when urinating being able empty urine blood urine semen
Enlarged prostate,half bph symptoms disease symptoms dribbling end urinating inability urinate urinary retention incomplete emptying your bladder incontinence needing urinate 2 times night pain urination bloody urine these indicate infection slowed delayed start urinary stream straining urinate strong sudden urge urinate weak urine stream
Klinefelter syndrome,symptoms vary widely males having few only mild signs know they condition only discover when they fertility problems others delayed growth development childhood symptoms urethra underside penis hypospadias testicles moved into scrotum being slow sit up walk crawl speak delayed puberty small firm testicles language learning disorders dyslexia affects reading abnormal proportions long legs short trunk shoulder equal hip size enlarged breasts gynecomastia normal amount pubic armpit facial hair tall height small penis size infertility sexual problems social emotional behavioral problems mental conditions depression anxiety
Hypoparathyroidism,onset disease gradual symptoms mild diagnosed hypoparathyroidism symptoms years they diagnosed symptoms mild diagnosis screening blood test low calcium symptoms tingling lips fingers toes common muscle cramps common muscle spasms called tetany affect larynx causing breathing difficulties abdominal pain abnormal heart rhythm brittle nails cataracts calcium deposits tissuesâ decreased consciousness dry hair dry scaly skin pain face legs feet painful menstruation seizures teeth grow weakened tooth enamel
Low blood sugar,symptoms you when your blood sugar too low diabetes low blood sugar nearly symptoms happens everybody low blood sugar symptoms symptoms hunger sweating when blood sugar only slightly low severe symptoms unclear thinking seizure when blood sugar lower 54 mg dl 3 0 mmol l you symptoms your blood sugar too low called hypoglycemic unawareness you know you low blood sugar you faint seizure go into coma you diabetes ask your wearing continuous glucose monitor help you detect when your blood sugar getting too low help prevent medical emergency continuous glucose monitors alert you you designate when your blood sugar decreases below set level you diabetes keeping good control your blood sugar help prevent low blood sugar talk your you're sure symptoms low blood sugar double vision blurry vision fast pounding heartbeat cranky acting aggressive nervous headache hunger seizures shaking trembling sweating tingling numbness skin tiredness weakness trouble sleeping unclear thinking
Insulinoma,symptoms common when you fasting skip delay meal symptoms anxiety behavior changes confusion clouded vision loss consciousness coma convulsions tremor dizziness headache hunger meals weight gain common fast heart rate palpitations sweating
Silent thyroiditis,earliest symptoms overactive thyroid gland hyperthyroidism these symptoms last up 3 months symptoms mild later symptoms underactive thyroid hypothyroidism these symptoms persist thyroid recovers normal function recovery thyroid months only notice hypothyroid symptoms symptoms hyperthyroidism begin fatigue weak frequent bowel movements heat intolerance increased appetite increased sweating irregular menstrual periods mood changes irritability muscle cramps nervousness restlessness palpitations weight loss fatigue constipation dry skin irregular heavy menstrual periods mood changes weight gain cold intolerance
Exogenous Cushing syndrome,cushing syndrome skin changes muscle bone changes body-wide systemic problems cushing syndrome symptoms round red full face moon face slow growth rate weight gain fat accumulation trunk fat loss arms legs buttocks central obesity skin infections purple stretch marks 1 2 inch 1 centimeter wide called striae skin abdomen thighs upper arms breasts thin skin easy bruising backache routine activities bone pain tenderness collection fat shoulders above collar bone rib spine fractures thinning bones weak muscles especially hips shoulders 2 diabetes high blood pressure high cholesterol triglycerides excess hair growth face neck chest abdomen thighs periods irregular stop decreased no desire sex low libido erection problems mental changes depression anxiety changes behavior fatigue headache increased thirst urination
Hypogonadotropic hypogonadism,lack growth sexual development standard age puberty development late incomplete lack breast development menstrual periods no development sex characteristics enlargement testes penis deepening voice facial hair inability smell cases short stature cases loss interest sex libido loss menstrual periods amenorrhea decreased energy interest activities loss muscle mass weight gain mood changes infertility
Lactic acidosis,symptoms nausea vomiting weakness
Familial hypercholesterolemia,early years there no symptoms symptoms fatty skin deposits called xanthomas parts hands elbows knees ankles cornea eye cholesterol deposits eyelids xanthelasmas chest pain angina signs coronary artery disease young age cramping calves when walking sores toes heal sudden stroke-like symptoms trouble speaking drooping face weakness arm leg loss balance
Pancreatic neuroendocrine tumors,symptoms depend hormone tumor insulinomas produce insulin lowers blood sugar level symptoms your blood sugar level too low you faint seizure go into coma gastrinomas hormone gastrin tells stomach acid symptoms glucagonomas hormone glucagon helps raise blood sugar level symptoms somatostatinomas hormone somatostatin symptoms vipomas hormone vasoactive intestinal peptide vip involved maintaining balance sodium potassium minerals gi tract vipomas tired weak shaking sweating headache hunger nervousness anxiety irritable unclear thinking uneasy double blurry vision fast pounding heartbeat abdominal pain diarrhea ulcers stomach small bowel vomiting blood occasionally diabetes red blistery rash groin buttocks weight loss frequent urination thirst high blood sugar gallstones yellowish appearance skin eyes weight loss diarrhea foul smelling stools severe diarrhea dehydration low blood potassium levels high calcium levels abdominal cramps weight loss
Low blood sodium,common symptoms confusion irritability restlessness convulsions fatigue headache loss appetite muscle weakness spasms cramps nausea vomiting
Testicular failure,symptoms depend age when testicular failure puberty symptoms notice they need shave decrease height enlarged breasts gynecomastia infertility loss muscle mass lack sex drive libido loss armpit pubic hair slow development lack secondary male sex characteristics hair growth scrotum enlargement penis enlargement voice changes
Familial combined hyperlipidemia,early years there no symptoms when symptoms they impaired blood flow parts condition high cholesterol triglyceride levels teenagers condition diagnosed when their 20s 30s levels remain high life those familial combined hyperlipidemia increased risk early coronary artery disease heart attacks they higher rates obesity likely glucose intolerance chest pain angina signs coronary artery disease young age cramping calves when walking sores toes heal sudden stroke-like symptoms trouble speaking drooping face weakness arm leg loss balance
Familial hypertriglyceridemia,you notice symptoms condition coronary artery disease early age
Multiple endocrine neoplasia (MEN) I,symptoms vary depend gland involved they abdominal pain anxiety black tarry stools bloated meals burning aching hunger discomfort upper abdomen lower chest relieved antacids milk food decreased sexual interest fatigue headache lack menstrual periods loss appetite loss facial hair mental changes confusion muscle pain nausea vomiting sensitivity cold unintentional weight loss vision problems weakness
Multiple endocrine neoplasia (MEN) II,symptoms vary they similar those medullary carcinoma thyroid pheochromocytoma parathyroid adenoma parathyroid hyperplasia
Thyroid storm,symptoms severe agitation change alertness consciousness confusion diarrhea increased temperature pounding heart tachycardia restlessness shaking sweating bulging eyeballs
Familial dysbetalipoproteinemia,symptoms age 20 older yellow deposits fatty material skin called xanthomas eyelids palms hands soles feet tendons ankles knees elbows symptoms chest pain angina signs coronary artery disease young age cramping calves when walking sores toes heal sudden stroke-like symptoms trouble speaking drooping face weakness arm leg loss balance
Malnutrition,symptoms malnutrition vary depend its general symptoms fatigue dizziness weight loss
Chylomicronemia syndrome,symptoms start infancy abdominal pain pancreatitis inflammation pancreas symptoms nerve damage loss feet legs memory loss yellow deposits fatty material skin called xanthomas these growths back buttocks soles feet ankles knees elbows
Ectopic Cushing syndrome,ectopic cushing syndrome lot symptoms symptoms others only few cushing syndrome skin changes muscle bone changes body-wide systemic problems symptoms round red full face moon face slow growth rate weight gain fat accumulation trunk fat loss arms legs buttocks central obesity skin infections thick purple stretch marks 1 2 inch 1 centimeter wide called striae skin abdomen thighs upper arms breasts thin skin easy bruising backache routine activities bone pain tenderness collection fat shoulders above collar bone rib spine fractures thinning bones weak muscles especially hips shoulders 2 diabetes mellitus high blood pressure high cholesterol triglycerides excess hair growth face neck chest abdomen thighs periods irregular stop decreased no desire sex impotence mental changes depression anxiety changes behavior fatigue headache increased thirst urination
Cushing syndrome due to adrenal tumor,cushing syndrome skin changes muscle bone changes body-wide systemic changes symptoms round red full face moon face slow growth rate weight gain fat accumulation trunk fat loss arms legs buttocks central obesity skin infections purple stretch marks 1 2 inch 1 centimeter wide called striae skin abdomen thighs upper arms breasts thin skin easy bruising backache routine activities bone pain tenderness collection fat shoulders above collar bone rib spine fractures thinning bones weak muscles especially hips shoulders 2 diabetes mellitus high blood pressure increased cholesterol triglycerides excess hair growth face neck chest abdomen thighs common types cushing syndrome periods irregular stop decreased no desire sex low libido erection problems mental changes depression anxiety changes behavior fatigue headache increased thirst urination
Familial lipoprotein lipase deficiency,symptoms abdominal pain colic infants loss appetite nausea vomiting pain muscles bones enlarged liver spleen failure thrive infants fatty deposits skin xanthomas high triglyceride levels blood pale retinas white-colored blood vessels retinas chronic inflammation pancreas yellowing eyes skin jaundice
Leydig cell testicular tumor,there no symptoms when symptoms they symptoms parts lungs abdomen pelvis back brain cancer spread discomfort pain testicle enlargement testicle change excess growth breast tissue gynecomastia normally adolescent who testicular cancer heaviness scrotum lump swelling testicle pain lower abdomen back able father infertility
Cushing syndrome,cushing syndrome symptoms symptoms others hardly symptoms symptoms worse cushing syndrome skin changes muscle bone changes body-wide systemic changes cushing syndrome symptoms disease round red full face moon face slow growth rate weight gain fat accumulation trunk fat loss arms legs buttocks central obesity skin infections purple stretch marks 1 2 inch 1 centimeter wide called striae skin abdomen upper arms thighs breasts thin skin easy bruising especially arms hands backache routine activities bone pain tenderness collection fat shoulders above collar bones rib spine fractures thinning bones weak muscles especially hips shoulders 2 diabetes mellitus high blood pressure hypertension increased cholesterol triglycerides hyperlipidemia excess hair growth face neck chest abdomen thighs periods irregular stop decreased no desire sex low libido erection problems mental changes depression anxiety changes behavior fatigue headache increased thirst urination
Congenital adrenal hyperplasia,symptoms vary depending cah their age when disorder diagnosed classic salt-wasting cah several adrenal symptoms 2 3 weeks birth they females nonclassic cah normal female reproductive organs ovaries uterus fallopian tubes they changes males nonclassic cah normal birth they enter puberty early symptoms males females grow rapidly childhood shorter normal females classic cah ambiguous genitalia birth diagnosed symptoms males typical male genitalia birth they severe poor feeding vomiting diarrhea dehydration electrolyte changes abnormal levels sodium potassium blood abnormal heart rhythm low blood glucose too acid blood metabolic acidosis weight loss shock abnormal menstrual periods failure menstruate early appearance pubic armpit hair severe acne excessive hair growth facial hair enlargement clitoris deepening voice severe acne early appearance pubic armpit hair enlarged penis normal testes well-developed muscles
Raynaud phenomenon,exposure cold strong emotions bring changes raynaud disease problems fingers sides pain skin arms legs bluish blotches goes when skin warmed up secondary raynaud phenomenon likely pain tingling fingers painful ulcers affected fingers attacks severe affected areas white then turn blue fingers commonly involved toes ears lips nose change color well when blood flow returns red then later returns normal color attacks last minutes hours
Psoriatic arthritis,arthritis mild involve only few joints joints end fingers toes affected psoriatic arthritis arthritis only disease severe affect joints spine symptoms spine stiffness pain they lower spine sacrum psoriatic arthritis inflammation eyes psoriatic arthritis skin nail changes psoriasis skin worse arthritis tendons inflamed psoriatic arthritis achilles tendon plantar fascia tendon sheath hand
Paget disease of the bone,condition no symptoms paget disease diagnosed when x-ray done another reason discovered when trying high blood calcium levels they symptoms bone pain joint pain stiffness neck pain pain severe bowing legs visible deformities enlarged head skull deformities fracture headache hearing loss reduced height warm skin affected bone
Polymyalgia rheumatica,common symptom pain stiffness shoulder regions neck pain stiffness worse morning pain progresses hip regions fatigue condition increasingly hard out bed move symptoms appetite loss weight loss depression fever
Viral arthritis,main symptoms joint pain swelling joints
Marfan syndrome,marfan syndrome tall long thin arms legs spider-like fingers called arachnodactyly length arms greater height when arms stretched out symptoms marfan syndrome suffer chronic muscle joint pain chest sinks sticks out called funnel chest pectus excavatum pigeon breast pectus carinatum flat feet highly arched palate crowded teeth hypotoniaâ muscles low muscle tone joints too flexible elbows flexible learning disability movement lens eye its normal position dislocation nearsightedness small lower jaw micrognathia spine curves scoliosis thin narrow face
Bursitis,symptoms bursitis joint pain tenderness when you press joint stiffness aching when you move affected joint swelling warmth redness joint pain movement rest pain spread nearby areas
Ankylosing spondylitis,starts lower back pain comes goes condition progresses parts your affected fatigue common symptom common symptoms conditions pain stiffness worse night morning when you active discomfort wake you sleep pain better activity exercise back pain begin joint pelvis spine sacroiliac joints involve spine your lower spine flexible you stand hunched forward position joints shoulders knees ankles swollen painful joints your ribs breastbone you cannot expand your chest fully eye swelling redness called uveitis slight fever psoriasis ulcerative colitis crohn disease recurring chronic eye inflammation iritis uveitis
Calcium pyrophosphate arthritis,cases cppd deposits symptoms x-rays affected joints knees characteristic deposits calcium chronic cppd deposits large joints symptoms attacks joint pain last months there no symptoms attacks cppd arthritis severe damage joint cppd arthritis upper lower spine pressure spinal nerves pain arms legs because symptoms similar cppd arthritis confused pain swelling warmth redness gouty arthritis gout osteoarthritis rheumatoid arthritis
Gout,symptoms acute gout pain swelling go attack another attack next 6 12 months chronic gout called gouty arthritis condition joint damage loss motion joints chronic gout joint pain symptoms deposits uric acid lumps below skin joints places elbows fingertips ears lump called tophus latin meaning stone tophi multiple lumps gout years these lumps drain chalky material cases only few joints affected big toe knee ankle joints affected joints swollen painful pain starts suddenly night pain severe described throbbing crushing excruciating joint warm red tender swollen hurts put sheet blanket there fever attack go few days return additional attacks last longer
Osteoarthritis,symptoms oa middle age almost symptoms oa age 70 pain stiffness joints common symptoms pain worse oa your joints stiffer harder move you notice rubbing grating crackling sound when you move joint morning stiffness refers pain stiffness you when you wake up morning stiffness oa lasts 30 minutes last 30 minutes there inflammation joint improves activity allowing joint warm up pain worse when you active better when you resting oa worse you pain when you resting wake you up night might symptoms x-rays physical changes oa exercise when you put weight pressure joint when you joint
IgA vasculitis - Henoch-Schonlein purpura,symptoms features iga vasculitis purple spots skin purpura nearly condition buttocks lower legs elbows abdominal pain joint pain abnormal urine no symptoms diarrhea bloody hives angioedema nausea vomiting swelling pain scrotum headache
Dry eye syndrome,symptoms blurred vision burning itching redness eye gritty scratchy eye sensitivity light
Fibromyalgia,widespread pain main symptom fibromyalgia fibromyalgia end range chronic widespread pain 10 15 general population fibromyalgia falls end pain severity chronicity scale 1 5 general population central feature fibromyalgia chronic pain multiple sites these sites head arm chest abdomen leg upper back spine lower back spine buttocks pain mild severe fibromyalgia tend wake up pain stiffness pain improves worse night pain long pain worse fibromyalgia least these symptoms fatigue depressed mood sleep problems say they cannot sleep stay asleep they tired when they wake up called non-restorative sleep symptoms fibromyalgia deep ache stabbing burning pain coming joints joints affected damaged normal physical activity cold damp weather anxiety stress symptoms irritable bowel syndrome ibs gastroesophageal reflux disease gerd memory concentration problems numbness tingling hands feet reduced ability exercise tension migraine headaches
Polymyositis - adult,polymyositis systemic disease means affects whole muscle weakness tenderness signs polymyositis rash sign related condition dermatomyositis common symptoms you muscle weakness shoulders hips hard raise arms head up sitting position climb stairs difficulty swallowing muscle pain problems voice weak throat muscles shortness breath fatigue fever joint pain loss appetite morning stiffness weight loss skin rash back fingers eyelids face
Scleroderma,types scleroderma affect only skin others affect whole skin signs scleroderma bone muscle symptoms breathing problems scarring lungs digestive tract problems heart problems kidney genitourinary problems localized scleroderma called morphea affects only skin chest abdomen limb hands face morphea slowly rarely spreads serious problems internal organ damage systemic scleroderma sclerosis affect large areas skin organs heart lungs kidneys there main types limited disease crest syndrome diffuse disease fingers toes turn blue white response cold temperatures raynaud phenomenon stiffness tightness skin fingers hands forearm face hair loss skin darker lighter normal small white lumps calcium beneath skin ooze white substance toothpaste sores ulcers fingertips toes tight mask-like skin face telangiectasias small widened blood vessels visible beneath surface face base fingernails joint pain stiffness swelling loss motion hands involved fibrosis tissue tendons numbness pain feet dry cough shortness breath wheezing increased risk lung cancer difficulty swallowing esophageal reflux heartburn bloating meals constipation diarrhea problems controlling stools abnormal heart rhythm fluid heart fibrosis heart muscle decreasing heart function development kidney failure erectile dysfunction vaginal dryness
Septic arthritis,symptoms come quickly there fever joint swelling joint there intense joint pain worse movement symptoms newborns infants symptoms chills uncommon crying when infected joint moved diaper changes fever able move limb infected joint pseudoparalysis fussiness able move limb infected joint pseudoparalysis severe joint pain joint swelling joint redness fever
Rheumatoid arthritis,ra affects joints sides equally fingers wrists knees feet elbows ankles hips shoulders commonly affected lower spine affected ra disease begins slowly early symptoms joint symptoms symptoms diagnosis ra when diagnosis ra conditions shown above arthritis typical ra minor joint pain stiffness fatigue morning stiffness lasts 1 hour common joints warm tender stiff when hour joint pain joint sides joints swollen joints lose their range motion deformed chest pain when taking breath pleurisy dry eyes mouth sjã gren syndrome eye burning itching discharge nodules skin sign severe disease numbness tingling burning hands feet sleep difficulties you pain swelling 3 joints arthritis been longer 6 weeks you positive test rheumatoid factor anti-cyclic citrullinated peptide anti-ccp antibody you elevated erythrocyte sedimentation rate esr c-reactive protein crp levels types arthritis been ruled out
Necrotizing vasculitis,fever chills fatigue arthritis weight loss only symptoms symptoms almost skin muscles joints brain nervous system lungs respiratory tract symptoms red purple colored bumps legs hands parts bluish color fingers toes signs tissue death lack oxygen pain redness ulcers heal joint pain leg pain muscle weakness pain numbness tingling arm leg weakness arm leg pupils sizes eyelid drooping swallowing difficulty speech impairment movement difficulty cough shortness breath sinus congestion pain coughing up blood bleeding nose abdominal pain blood urine stools hoarseness changing voice chest pain damage arteries supply heart coronary arteries
Carpal tunnel syndrome,symptoms â clumsiness hand when gripping objects numbness tingling tingling thumb next fingers hands numbness tingling palm hand pain extends elbow pain wrist hand hands problems fine finger movements coordination hands wasting muscle thumb advanced long-term cases weak grip difficulty carrying bags common complaint weakness hands
Psoriasis,psoriasis suddenly slowly times goes then comes back main symptom condition irritated red flaky plaques skin plaques elbows knees middle they anywhere scalp palms soles feet genitals skin symptoms â there five main types psoriasis itchy dry covered silver flaky skin scales pink-red color raised thick joint tendon pain aching nail changes thick nails yellow-brown nails small pits nail lifting nail skin underneath severe dandruff scalp erythrodermic skin redness intense covers large guttate small pink-red spots skin linked strep infections especially inverse skin redness irritation armpits groin overlapping skin rather common areas elbows knees plaque thick red patches skin covered flaky silver-white scales common psoriasis pustular yellow pus-filled blisters pustules surrounded red irritated skin
Systemic lupus erythematosus,symptoms vary come go sle joint pain swelling arthritis sle affects joints fingers hands wrists knees common symptoms symptoms signs depend affected only skin symptoms called discoid lupus chest pain when taking deep breath fatigue fever no general discomfort uneasiness ill malaise hair loss weight loss mouth sores sensitivity sunlight skin rash butterfly rash half sle rash mostly cheeks bridge nose widespread worse sunlight swollen lymph nodes brain nervous system headaches weakness numbness tingling seizures vision problems memory personality changes digestive tract abdominal pain nausea vomiting heart valve problems inflammation heart muscle sac heart pericardium lung buildup fluid pleural space difficulty breathing coughing up blood skin sores mouth kidney swelling legs circulation clots veins arteries inflammation blood vessels constriction arteries response cold raynaud phenomenon blood abnormalities anemia low white blood cell platelet count
Cervical spondylosis,symptoms slowly they start worse suddenly pain mild deep severe you unable move you pain shoulder blade spread upper arm forearm fingers rare cases pain worse you weakness certain muscles you notice your examines you cases you notice you hard lifting your arm squeezing tightly your hands clumsiness your hand problems common symptoms common symptoms standing sitting night when you sneeze cough laugh when you bend neck backward twist your neck walk few yards meters neck stiffness worse numbness abnormal sensations shoulders arms headaches especially back head pain shoulder blade shoulder pain loss balance pain numbness legs loss control bladder bowels there pressure spinal cord
Osteomyelitis,symptoms osteomyelitis specific vary age main symptoms bone pain excessive sweating fever chills general discomfort uneasiness ill malaise local swelling redness warmth open wound pus pain site infection
Rotator cuff problems,tendinitis early pain mild overhead activities lifting your arm activities brushing your hair reaching objects shelves playing overhead sport pain likely front shoulder travel arm pain stops elbow pain goes down arm elbow hand indicate pinched nerve neck there pain when you lower shoulder raised position there pain rest night when lying affected shoulder you weakness loss motion when raising arm above your head your shoulder stiff lifting movement difficult arm behind your back rotator cuff tears pain sudden tear fall injury intense right injury you likely weakness shoulder arm hard move your shoulder raise your arm above shoulder you snapping when trying move arm chronic tear you notice when began because symptoms pain weakness stiffness loss motion worsen slowly rotator cuff tendon tears pain night pain wake you pain tolerable only hurts certain movements overhead reaching back symptoms worse relieved medicines rest exercise
Urethritis,blood urine semen burning pain urinating dysuria discharge penis fever rare frequent urgent urination itching tenderness swelling penis enlarged lymph nodes groin pain intercourse ejaculation abdominal pain burning pain urinating fever chills frequent urgent urination pelvic pain pain intercourse vaginal discharge
Reactive arthritis,urinary symptoms days weeks infection these symptoms low fever eye discharge burning redness conjunctivitis pink eye next several weeks infections intestine diarrhea abdominal pain diarrhea watery bloody joint pain stiffness begin period arthritis mild severe arthritis symptoms symptoms skin sores palms soles psoriasis there small painless ulcers mouth tongue penis burning when urinating fluid leaking urethra discharge problems starting continuing urine stream needing urinate normal heel pain pain achilles tendon pain hip knee ankle low back pain swelling affects joints
Spinal stenosis,symptoms worse slowly symptoms involve legs symptoms symptoms likely worse when you stand walk they lessen disappear when you sit down lean forward spinal stenosis cannot walk long period having significant pain serious symptoms numbness cramping pain back buttocks thighs calves neck shoulders arms weakness leg arm difficulty poor balance when walking problems controlling urine bowel movements
Herniated disk,pain symptoms vary depending site injury pain starts slowly worse you weakness certain muscles you notice your examines you cases you notice you hard lifting your leg arm standing your toes squeezing tightly your hands problems your bladder control lost pain numbness weakness goes improves lot weeks months herniated disk your lower back you sharp pain leg hip buttocks numbness parts you pain numbness back calf sole foot leg weak herniated disk your neck you pain when moving your neck deep pain shoulder blade pain moves upper arm forearm fingers you numbness your shoulder elbow forearm fingers standing sitting night when sneezing coughing laughing when bending backward walking few yards meters when straining holding your breath when having bowel movement
Compression fractures of the back,compression fractures suddenly severe back pain compression fractures osteoporosis no symptoms they discovered when x-rays spine done reasons symptoms pressure spinal cord hunched posture rare cases pain commonly middle lower spine sides front spine pain sharp knife-like pain disabling weeks months go back pain starts slowly worse walking when resting loss height 6 inches 15 centimeters stooped-over posture kyphosis called dowager's hump numbness tingling weakness difficulty walking loss control bowel bladder
Fungal arthritis,fungus affect bone joint tissue joints affected large weight-bearing joints knees symptoms fever joint pain joint stiffness joint swelling swelling ankles feet legs
Felty syndrome,symptoms general discomfort malaise fatigue weakness leg arm loss appetite unintentional weight loss ulcers skin joint swelling stiffness pain deformity recurrent infections red eye burning discharge
Drug-induced lupus erythematosus,symptoms fever general ill malaise joint pain joint swelling loss appetite pleuritic chest pain sharp pain worse breathing skin rash areas exposed sunlight
Eosinophilic fasciitis,symptoms tenderness swelling skin arms legs joints sides arthritis carpal tunnel syndrome muscle pain thickened skin puckered
Giant cell arteritis,common symptoms problem symptoms problems eyesight times begin suddenly these problems throbbing headache head back head tenderness when touching scalp jaw pain when chewing called jaw claudication pain arm muscle aches pain stiffness neck upper arms shoulder hips polymyalgia rheumatica weakness excessive tiredness fever general ill blurred vision double vision sudden reduced vision blindness eyes
Tennis elbow,symptoms elbow pain worse painâ radiatesâ elbow forearm back hand when grasping twisting weak grip
Adult Still disease,almost disease fever joint pain sore throat rash additional symptoms spleen liver swollen lung heart inflammation joint pain warmth swelling common several joints involved condition morning stiffness joints lasts least hour fever comes quickly commonly afternoon evening skin rash salmon-pink colored comes goes fever abdominal pain swelling pain when taking deep breath pleurisy sore throat swollen lymph nodes glands weight loss
Juvenile idiopathic arthritis,symptoms jia jia eye problems called uveitis iridocyclitis iritis there no eye symptoms when eye symptoms they swollen red warm joint limping problems limb sudden high fever come back rash trunk extremities comes goes fever stiffness pain limited movement joint low back pain go bodywide symptoms pale skin swollen lymph gland sick appearance red eyes eye pain worse when light photophobia vision changes
Anterior knee pain,anterior knee pain dull aching pain location common symptom grating grinding when knee flexed when ankle brought closer back thigh symptoms noticeable behind kneecap patella below kneecap sides kneecap deep knee bends going down stairs running downhill standing up squatting position sitting
Gonococcal arthritis,symptoms joint infection fever joint pain 1 4 days pain hands wrists tendon inflammation pain burning urination single joint pain skin rash sores slightly raised pink red later contain pus purple
Frozen shoulder,main symptoms frozen shoulder frozen shoulder start pain minor trauma pain severe prevent you moving your arm lack movement stiffness motion you able movements reaching your head behind you pain decreased motion shoulder stiffness
Sjogren syndrome,dry eyes dry mouth common symptoms syndrome eye symptoms mouth throat symptoms symptoms itching eyes burning sensation eyes eye difficulty swallowing eating dry foods loss sense taste problems speaking thick stringy saliva mouth sores pain teeth decay gum inflammation hoarseness fatigue fever change color hands feetâ cold exposure raynaud phenomenon joint pain joint swelling swollen glands skin rash numbness pain neuropathy cough shortness breath lung disease irregular heartbeatâ nausea heartburn vaginal dryness painful urination
Kidney stones,you symptoms stone moves down tube ureters urine empties into your bladder when happens stone block flow urine out kidneys causing pain main symptom severe pain starts stops suddenly symptoms pain belly back pain move groin groin pain testicles testicle pain labia vaginal pain abnormal urine color blood urine chills fever nausea vomiting
Reflux nephropathy,no symptoms reflux nephropathy problem when kidney tests done reasons symptoms they might similar those chronic kidney failure nephrotic syndrome urinary tract infection
Central diabetes insipidus,symptoms central diabetes insipidus increased urine production excessive thirst confusion changes alertness dehydration higher normal sodium level unable drink
Ureterocele,ureteroceles symptoms when symptoms they symptoms abdominal pain back pain only severe flank pain spasms reach groin genitals thigh blood urine burning pain urinating dysuria fever difficulty starting urine flow slowing urine flow urinary tract infection foul-smelling urine frequent urgent urination lump mass abdomen ureterocele tissue falls down prolapse female urethra into vagina urinary incontinence
Retroperitoneal fibrosis,early symptoms later symptoms dull pain abdomen flank increases pain change color legs decreased blood flow swelling leg decreased urine output no urine output anuria nausea vomiting changes mental status kidney failure build-up toxic chemicals blood severe abdominal pain blood stool death intestinal tissue
Interstitial nephritis,interstitial nephritis mild severe kidney problems acute kidney failure half cases decreased urine output signs acute kidney failure symptoms condition blood urine fever increased decreased urine output mental status changes drowsiness confusion coma nausea vomiting rash swelling weight gain retaining fluid
Autosomal dominant tubulointerstitial kidney disease,early disease depending adtkd symptoms disease worsens symptoms kidney failure excessive urination polyuria gout salt cravings urination night nocturia weakness easy bruising bleeding fatigue weakness frequent hiccups headache increased skin color skin yellow brown itching malaise general ill muscle twitching cramps nausea pale skin reduced sensation hands feet areas vomiting blood blood stool weight loss seizures confusion decreased alertness coma
IgA nephropathy,there no symptoms years when there symptoms they bloody urine starts soon respiratory infection repeated episodes dark bloody urine swelling hands feet symptoms chronic kidney disease
High blood pressure in adults â?? hypertension,there no symptoms high blood pressure when they visit their checked elsewhere because there no symptoms heart disease kidney problems knowing they high blood pressure malignant hypertension dangerous high blood pressure symptoms severe headache nausea vomiting confusion vision changes nosebleeds
Chronic kidney disease,early symptoms ckd illnesses these symptoms only sign problem early stages symptoms symptoms when kidney function gotten worse appetite loss general ill fatigue headaches itching pruritus dry skin nausea weight loss trying lose weight abnormally dark light skin bone pain drowsiness problems concentrating thinking numbnessâ hands feet muscle twitching cramps breath odor easy bruising blood stool excessive thirst frequent hiccups problems sexual function menstrual periods stop amenorrhea shortness breath sleep problems swelling hands feet vomiting
Membranous nephropathy,symptoms begin slowly edema swelling fatigue foamy appearance urine large amounts protein poor appetite urination excessive night weight gain
Rhabdomyolysis,symptoms symptoms disease dark red cola-colored urine decreased urine output general weakness muscle stiffness aching myalgia muscle tenderness weakness affected muscles fatigue joint pain seizures weight gain unintentional
Bilateral hydronephrosis,baby signs problem birth pregnancy ultrasound urinary tract infection newborn baby signal blockage kidney older who repeat urinary tract infections checked blockage higher normal number urinary tract infections only symptom problem common symptoms back pain nausea vomiting fever need urinate decreased urine output blood urine urinary incontinence
Membranoproliferative glomerulonephritis,symptoms blood urine changes mental status decreased alertness decreased concentration cloudy urine dark urine smoke cola tea colored decrease urine volume swelling
Interstitial cystitis,symptoms ic chronic symptoms tend come go periods lesser worse severity common symptoms who long-term ic conditions endometriosis fibromyalgia irritable bowel syndrome chronic pain syndromes anxiety depression bladder pressure discomfort mild severe urge urinate burning pain pelvic pain intercourse
Lupus nephritis,symptoms lupus nephritis blood urine foamy appearance urine swelling edema high blood pressure
Analgesic nephropathy,there no symptoms beginning kidneys injured medicine symptoms kidney disease fatigue weakness increased urinary frequency urgency blood urine flank pain back pain decreased urine output decreased alertness drowsiness confusion lethargy decreased sensation numbness especially legs nausea vomiting easy bruising bleeding swelling edema throughout
Catheter-related UTI,common symptoms symptoms uti abnormal urine color cloudy urine blood urine hematuria foul strong urine odor frequent strong urge urinate pressure pain spasms your back lower your belly chills fever flank pain mental changes confusion these only signs uti older
Glomerulonephritis,common symptoms glomerulonephritis symptoms symptoms chronic kidney disease chronic kidney failure symptoms gradually blood urine dark rust-colored brown urine foamy urine excess protein urine swelling edema face eyes ankles feet legs abdomen abdominal pain blood vomit stools cough shortness breath diarrhea excessive urination fever general ill fatigue loss appetite joint muscle aches nosebleed
Bladder cancer,symptoms bladder cancer diseases conditions similar symptoms important your check possible abdominal pain blood urine bone pain tenderness cancer spreads bone fatigue painful urination urinary frequency urgency urine leakage incontinence weight loss
Renal papillary necrosis,symptoms renal papillary necrosis symptoms disease back pain flank pain bloody cloudy dark urine tissue pieces urine fever chills painful urination needing urinate usual frequent urination sudden strong urge urinate urgency difficulty starting maintaining urine stream urinary hesitancy urinary incontinence urinating large amounts urinating night
Hepatorenal syndrome,symptoms abdominal swelling fluid called ascites symptom liver disease mental confusion muscle jerks dark-colored urineâ symptom liver disease decreased urine output nausea vomiting weight gain yellow skin jaundice symptom liver disease
Nephrotic syndrome,swelling edema common symptom symptoms face eyes facial swelling arms legs especially feet ankles belly swollen abdomen skin rash sores foamy appearance urine poor appetite weight gain unintentional fluid retention seizures
Malignant hypertension,symptoms malignant hypertension blurred vision change mental status anxiety confusion decreased alertness decreased ability concentrate fatigue restlessness sleepiness stupor chest pain crushing pressure cough headache nausea vomiting numbness arms legs face areas reduced urine output seizure shortness breath weakness arms legs face areas
Nephrocalcinosis,there no early symptoms nephrocalcinosis those condition causing problem who kidney stones later symptoms related nephrocalcinosis associated long-term chronic kidney failure blood urine fever chills nausea vomiting severe pain belly sides back flank groin testicles
Distal renal tubular acidosis,symptoms distal renal tubular acidosis symptoms confusion decreased alertness fatigue impaired growth increased breathing rate kidney stones nephrocalcinosis too calcium deposited kidneys osteomalacia softening bones muscle weakness bone pain decreased urine output increased heart rate irregular heartbeat muscle cramps pain back flank abdomen skeletal abnormalities
Diabetes and kidney disease,there no symptoms kidney damage starts slowly worse kidney damage begin 5 10 years symptoms start who severe long-term chronic kidney disease symptoms fatigue general ill headache irregular heartbeat nausea vomiting poor appetite swelling legs shortness breath itchy skin easily infections
Acute nephritic syndrome,common symptoms nephritic syndrome symptoms symptoms acute kidney failure long-term chronic kidney disease blood urine urine dark tea-colored cloudy decreased urine output little no urine produced swelling face eye socket legs arms hands feet abdomen areas high blood pressure blurred vision burst blood vessels retina eye cough containing mucus pink frothy material fluid buildup lungs shortness breath fluid buildup lungs general ill malaise drowsiness confusion aches pains headache
Minimal change disease,there symptoms nephrotic syndrome minimal change disease reduce amount urine produced rarely progresses kidney failure foamy appearance urine poor appetite swelling especially eyes feet ankles abdomen weight gain fluid retention
Proximal renal tubular acidosis,symptoms proximal renal tubular acidosis symptoms confusion decreased alertness dehydration fatigue increased breathing rate osteomalacia softening bones muscle pain weakness decreased urine output increased heart rate irregular heartbeat muscle cramps pain bones back flank abdomen skeletal deformities
End-stage kidney disease,common symptoms symptoms general ill fatigue itching pruritus dry skin headache weight loss trying loss appetite nausea abnormally dark light skin nail changes bone pain drowsiness confusion problems concentrating thinking numbness hands feet areas muscle twitching cramps breath odor easy bruising nosebleeds blood stool excessive thirst frequent hiccups problems sexual function menstrual periods stop amenorrhea sleep problems swelling feet hands edema vomiting morning
Acute kidney failure,symptoms acute kidney failure blood stools blood urine breath odor metallic taste mouth bruising easily changes mental status mood decreased appetite decreased sensation especially hands feet fatigue slow sluggish movements flank pain ribs hips hand tremor heart murmur high blood pressure nausea vomiting last days nosebleeds persistent hiccups prolonged bleeding seizures shortness breath swelling keeping fluid legs ankles feet urination changes little no urine excessive urination night urination stops completely
Polycystic kidney disease,symptoms pkd abdominal pain tenderness blood urine excessive urination night nocturia flank pain sides drowsiness joint pain nail abnormalities
Poststreptococcal glomerulonephritis (GN),symptoms decreased urine output rust-colored urine swelling edema general swelling swelling abdomen swelling face eyes swelling feet ankles hands visible blood urine joint pain joint stiffness swelling
Alport syndrome,main symptom alport syndrome blood urine visible only detected microscope young age disease progresses symptoms kidneys symptoms kidney problems ears alport syndrome hearing loss ears early teens common males xlas females hearing loss common happens when they're aras hearing loss childhood adas later life hearing loss kidney failure eyes alport syndrome eye problems those xlas aras eye problems uncommon adas abnormal urine color blood urine visible cold flu exercise flank pain high blood pressure swelling throughout edema fatigue poor appetite excessive thirst abnormal shape lens anterior lenticonus slow decline vision well cataracts corneal erosion there damage outer layer covering eyeball pain itching redness eye blurred vision abnormal coloring retina condition called dot-and-fleck retinopathy doesn't vision problems help diagnose alport syndrome macular hole there thinning break macula macula retina central vision sharper detailed macular hole blurred distorted central vision
Urinary tract infection - children,young utis fever poor appetite vomiting no symptoms utis only involve bladder spread kidneys symptoms bladder infection signs infection spread kidneys blood urine cloudy urine foul strong urine odor frequent urgent need urinate general ill malaise pain burning urination pressure pain lower pelvis lower back wetting problems been toilet trained chills shaking fever flushed warm reddened skin nausea vomiting pain flank back severe pain belly
Hydronephrosis of one kidney,common symptoms cases there no symptoms flank pain abdominal mass especially nausea vomiting urinary tract infection uti fever painful urination dysuria increased urinary frequency increased urinary urgency
Obstructive uropathy,symptoms depend problem starts slowly suddenly kidneys involved symptoms you problems passing urine mild severe pain flank pain sides fever nausea vomiting weight gain swelling edema kidney urge urinate decrease force urine stream difficulty urinating dribbling urine bladder emptied need urinate night decreased amount urine leakage urine urinary incontinence blood urine
Prerenal azotemia,prerenal azotemia no symptoms symptoms prerenal azotemia symptoms dehydration confusion decreased no urine production dry mouth thirst fast pulse fatigue pale skin color swelling
Hemolytic-uremic syndrome,stec-hus begins vomiting diarrhea bloody weak irritable condition urinate normal urine output almost stop red blood cell destruction symptoms anemia early symptoms later symptoms blood stools irritability fever lethargy vomiting diarrhea weakness bruising decreased consciousness low urine output no urine output pallor seizures rare skin rash fine red spots petechiae
Nephrogenic diabetes insipidus,you intense uncontrollable thirst crave ice water you produce large amounts urine 3 liters up 15 liters urine dilute almost water you need urinate hour night when you eating drinking you drink enough fluids dehydration symptoms symptoms lack fluids causing dehydration dry mucous membranes dry skin sunken appearance eyes sunken fontanelles soft spot infants changes memory balance fatigue weak headache irritability low temperature muscle pain rapid heart rate weight loss change alertness coma
Acute tubular necrosis,symptoms decreased consciousness coma delirium confusion drowsiness lethargy decreased urine output no urine output general swelling fluid retention nausea vomiting
Renal vein thrombosis,symptoms blood clot lung bloody urine decreased urine output flank pain low back pain
Cystitis - noninfectious,common symptoms symptoms pressure pain lower pelvis painful urination frequent need urinate urgent need urinate problems holding urine need urinate night abnormal urine color cloudy urine blood urine foul strong urine odor pain sexual intercourse scrotum penile vaginal pain fatigue
Renal cell carcinoma,symptoms cancer abdominal pain swelling back pain blood urine swelling veins testicle varicocele flank pain weight loss fever liver dysfunction elevated erythrocyte sedimentation rate esr excessive hair growth females pale skin vision problems
Testicular torsion,symptoms additional symptoms associated disease sudden severe pain testicle pain clear reason swelling scrotum scrotal swelling nausea vomiting testicle lump blood semen testicle pulled higher position scrotum normal high riding
Hydrocele,main symptom painless round-oval shaped swollen scrotum water balloon hydrocele sides right commonly involved
Prostatitis - bacterial,symptoms start quickly symptoms chronic prostatitis similar severe they begin slowly no symptoms episodes prostatitis urinary symptoms symptoms condition prostatitis infection testicles epididymitis orchitis you symptoms condition chills fever flushing skin lower stomach tenderness aches blood urine burning pain urination difficulty starting urinate emptying bladder foul-smelling urine weak urine stream pain aching abdomen above pubic bone lower back genitals anus testicles pain ejaculation blood semen pain bowel movements
Asymptomatic bacteriuria,there no symptoms problem you these symptoms you urinary tract infection you asymptomatic bacteriuria burning urination increased urgency urinate increased frequency urination
Urinary tract infection - adults,symptoms bladder infection infection spreads your kidneys symptoms cloudy bloody urine foul strong odor low grade fever pain burning urination pressure cramping lower abdomen back strong need urinate right bladder been emptied chills shaking night sweats fatigue general ill fever above 101â f 38 3â c pain back groin flushed warm reddened skin mental changes confusion older these symptoms only signs uti nausea vomiting severe abdominal pain
Prostatitis - nonbacterial,symptoms blood semen blood urine pain genital lower back pain bowel movements pain ejaculation problems urinating
Renal pelvis or ureter cancer,symptoms constant back pain blood urine burning pain discomfort urination fatigue flank pain unexplained weight lossâ loss appetite anemia urinary frequency urgency
Cystitis - acute,symptoms bladder infection older mental changes confusion only signs possible infection cloudy bloody urine strong foul-smelling urine low fever fever pain burning urination pressure cramping lower middle abdomen back strong need urinate right bladder been emptied
Sickle cell disease,symptoms age 4 months almost sickle cell disease painful episodes called crises these last hours days crises pain lower back leg joints chest episode few years others episodes crises severe enough require hospital stay when sickle cell disease severe symptoms younger sickle cell disease attacks abdominal pain symptoms because small blood vessels blocked abnormal cells spleen stops working sickle cell disease symptoms infections signs symptoms fatigue paleness rapid heart rate shortness breath yellowing eyes skin jaundice painful prolonged erection priapism poor eyesight blindness problems thinking confusion small strokes ulcers lower legs adolescents bone infection osteomyelitis gallbladder infection cholecystitis lung infection pneumonia urinary tract infection delayed growth puberty painful joints arthritis heart liver failure too iron blood transfusions
Glucose-6-phosphate dehydrogenase deficiency,condition display signs disease their red blood cells exposed certain chemicals food medicine symptoms common dark urine fever pain abdomen enlarged spleen liver fatigue pallor rapid heart rate shortness breath yellow skin color jaundice
Hereditary spherocytic anemia,infants yellowing skin eyes jaundice pale coloring pallor symptoms fatigue irritability shortness breath weakness
Myelofibrosis,symptoms abdominal fullness pain full finishing meal because ofâ enlarged spleen bone pain easy bleeding bruising fatigue increased likelihood getting infection pale skin shortness breath exercise weight loss night sweats low grade fever enlarged liver dry cough itchy skin
Chronic lymphocytic leukemia (CLL),symptoms slowly cll symptoms blood tests done reasons symptoms cll enlarged lymph nodes liver spleen excessive sweating night sweats fatigue fever infections keep coming back recur treatment loss appetite becoming full too quickly early satiety weight loss
Primary amyloidosis,symptoms depend organs affected disease affect organs tissues tongue intestines skeletal smooth muscles nerves skin ligaments heart liver spleen kidneys bladder symptoms symptoms disease abnormal heart rhythm fatigue numbness hands feet shortness breath skin changes swallowing problems swelling arms legs swollen tongue weak hand grip weight loss weight gain decreased urine output diarrhea hoarseness changing voice joint pain weakness
Paroxysmal nocturnal hemoglobinuria (PNH),symptoms abdominal pain back pain blood clots dark urine comes goes easy bruising bleeding headache shortness breath weakness fatigue pallor chest pain difficulty swallowing
Immune thrombocytopenic purpura (ITP),itp symptoms abnormally heavy periods bleeding into skin shins causing skin rash pinpoint red spots petechial rash easy bruising nosebleed bleeding mouth
Polycythemia - newborn,symptoms extreme sleepiness feeding problems seizures
Hemophilia,main symptom hemophilia bleeding hemophilia mild moderate severe mild cases detected later life excessive bleeding surgery injury precautions need engaging sports worst cases bleeding no reason internal bleeding anywhere bleeding into joints common
Hemophilia A,severity symptoms vary prolonged bleeding main symptom when infant circumcised bleeding problems up when infant starts crawling walking mild cases go unnoticed later life symptoms surgery injury internal bleeding anywhere symptoms bleeding into joints associated pain swelling blood urine stool bruising gastrointestinal tract urinary tract bleeding nosebleeds prolonged bleeding cuts tooth extraction surgery bleeding starts
Hemophilia B,severity symptoms vary prolonged bleeding main symptom when infant circumcised bleeding problems up when infant starts crawling walking mild cases go unnoticed later life symptoms surgery injury internal bleeding anywhere symptoms bleeding into joints associated pain swelling blood urine stool bruising gastrointestinal tract urinary tract bleeding nosebleeds prolonged bleeding cuts tooth extraction surgery bleeding starts
Cryoglobulinemia,symptoms vary depending disorder you organs involved symptoms breathing problems fatigue glomerulonephritis kidney inflammation joint pain muscle pain purpura raynaud phenomenon skin death skin ulcers
Acute lymphoblastic leukemia (ALL),likely bleed infections symptoms these symptoms conditions talk your meaning specific symptoms bone joint pain easy bruising bleeding bleeding gums skin bleeding nosebleeds abnormal periods weak tired fever loss appetite weight loss paleness pain fullness below ribs enlarged liver spleen pinpoint red spots skin petechiae swollen lymph nodes neck arms groin night sweats
Acute myeloid leukemia - adult,symptoms aml mainly effects blood elements symptoms aml bleeding nose bleeding swelling rare gums bruising bone pain tenderness fever fatigue heavy menstrual periods pale skin shortness breath worse exercise weight loss
Essential thrombocythemia,symptoms bleeding problem symptoms headache common tingling coldness blueness hands feet dizzy lightheaded vision problems mini-strokes transient ischemic attacks stroke easy bruising nosebleeds bleeding gastrointestinal tract â respiratoryâ system urinary tract skin bleeding gums prolonged bleeding surgical procedures tooth removal
Von Willebrand disease,symptoms note heavy prolonged menstrual bleeding von willebrand disease abnormal menstrual bleeding bleeding gums bruising nosebleeds skin rash
Factor XII (Hageman factor) deficiency,there no symptoms
Acquired platelet function defect,symptoms heavy menstrual periods prolonged bleeding 5 days period abnormal vaginal bleeding blood urine bleeding skin bruising easily pinpoint red spots skin gastrointestinal bleeding bloody dark black tarry bowel movements vomiting blood material coffee grounds nosebleeds
Antiphospholipid syndrome - APS,you symptoms you antibodies symptoms rare cases clots suddenly arteries period days called catastrophic anti-phospholipid syndrome caps stroke well clots kidney liver organs throughout gangrene limbs caps high mortality rate treatment blood clots legs arms lungs clots veins arteries recurrent miscarriages birth rash
Factor VII deficiency,symptoms bleeding mucus membranes bleeding into joints bleeding into muscles bruising easily heavy menstrual bleeding nosebleeds stop easily umbilical cord bleeding birth
Prothrombin deficiency,symptoms abnormal bleeding childbirth heavy menstrual bleeding bleeding surgery bleeding trauma bruising easily nosebleeds stop easily umbilical cord bleeding birth
Factor V deficiency,excessive bleeding menstrual periods childbirth symptoms bleeding into skin bleeding gums excessive bruising nosebleeds prolonged excessive loss blood surgery trauma umbilical stump bleeding
Folate-deficiency anemia,symptoms fatigue weakness headache pallor sore mouth tongue
Thrombotic thrombocytopenic purpura,symptoms bleeding into skin mucus membranes confusion fatigue weakness fever headache pale skin color yellowish skin color shortness breath fast heart rate 100 beats minute
Factor X deficiency,symptoms bleeding into joints bleeding into muscles bruising easily heavy menstrual bleeding mucus membrane bleeding nosebleeds stop easily umbilical cord bleeding birth
Aplastic anemia,symptoms underproduction red cells white cells platelets symptoms severe start gradually worsen disease progresses low red cell count anemia low white cell count leukopenia increased risk infection low platelet count thrombocytopenia bleeding symptoms fatigue pallor paleness rapid heart rate shortness breath exercise weakness lightheadedness standing bleeding gums easy bruising nose bleeds rash small pinpoint red marks skin petechiae frequent severe infections common
Drug-induced thrombocytopenia,decreased platelets abnormal bleeding bleeding when you brush your teeth easy bruising pinpoint red spots skin petechiae
Paroxysmal cold hemoglobinuria (PCH),symptoms chills fever back pain leg pain abdominal pain headache general discomfort uneasiness ill malaise blood urine red urine
Congenital antithrombin III deficiency,symptoms blood clot blood clots arms legs swelling redness pain when blood clot breaks off where formed travels another called thromboembolism symptoms depend where blood clot travels common lung where clot cough shortness breath pain taking deep breaths chest pain death blood clots travel brain stroke
Congenital protein C or S deficiency,you condition you likely blood clots especially younger age symptoms deep vein thrombosis pain tenderness affected redness swelling affected
Anemia,you no symptoms anemia mild problem slowly symptoms anemia worse symptoms weak tired usual exercise headaches problems concentrating thinking irritability loss appetite numbness tingling hands feet blue color whites eyes brittle nails desire eat ice non-food pica syndrome lightheadedness when you stand up pale skin color shortness breath mild activity rest sore inflamed tongue mouth ulcers abnormal increased menstrual bleeding
Methemoglobinemia,symptoms 1 methb symptoms 2 methb symptoms hemoglobin m disease symptoms acquired methb bluish coloring skin called cyanosis developmental delay failure thrive intellectual disability seizures bluish coloring skin bluish coloring skin headache giddiness altered mental state fatigue shortness breath lack energy
Hereditary elliptocytosis,symptoms fatigue shortness breath yellow skin eyes jaundice continue long newborn
Gaucher disease,bleeding because low platelet count common symptom gaucher disease symptoms bone pain fractures cognitive impairment decreased thinking ability easy bruising enlarged spleen enlarged liver fatigue heart valve problems lung disease rare seizures severe swellingâ birth skin changes
Anemia of chronic disease,anemia chronic disease mild you notice symptoms when symptoms they weak tired headache paleness shortness breath
Hereditary ovalocytosis,newborn infants hereditary ovalocytosis anemia jaundice symptoms
Cytomegalovirus (CMV) infection,exposed cmv early life realize because they no symptoms they mild symptoms resemble common cold flu these cmv infections parts symptoms vary depending affected areas infected cmv enlarged lymph nodes especially neck fever fatigue loss appetite malaise muscle aches rash sore throat lungs stomach intestine back eye retina baby womb congenital cmv
Pernicious anemia,symptoms symptoms mild they you low vitamin b12 level long you nervous system damage symptoms diarrhea constipation nausea vomiting fatigue lack energy lightheadedness when standing up exertion loss appetite pale skin mild jaundice shortness breath mostly exercise heartburn swollen red tongue bleeding gums confusion short-term memory loss depression loss balance numbness tingling hands feet problems concentrating irritability hallucinations delusions optic nerve atrophy
Chronic myelogenous leukemia (CML),chronic myelogenous leukemia grouped into phases chronic phase last months years disease few no symptoms diagnosed stage when they blood tests done reasons accelerated phase dangerous phase leukemia cells grow quickly common symptoms fever infection bone pain swollen spleen untreated cml blast crisis phase bleeding infection bone marrow failure possible symptoms blast crisis chronic accelerated blast crisis bruising excessive sweating night sweats fatigue fever pressure lower left ribs swollen spleen rash small pinpoint red marks skin petechiae weakness
Hemolytic anemia,you symptoms anemia mild problem slowly symptoms anemia worse symptoms weak tired usual exercise feelings your heart pounding racing headaches problems concentrating thinking lightheadedness when you stand up pale skin shortness breath sore tongue left upper abdominal pain enlarged spleen
Hemoglobin C disease,symptoms cases jaundice gallstones need treated
Disseminated intravascular coagulation (DIC),symptoms dic bleeding sites blood clots bruising drop blood pressure shortness breath confusion memory loss change behavior fever
Vitamin B12 deficiency anemia,you symptoms symptoms mild symptoms you low vitamin b12 level long nerve damage symptoms nerve damage diarrhea constipation fatigue lack energy lightheadedness when standing up exertion loss appetite pale skin irritable shortness breath mostly exercise swollen red tongue bleeding gums numbness tingling hands feet loss balance problems concentrating confusion change mental status dementia severe cases psychosis losing contact reality hallucinations
Immune hemolytic anemia,you symptoms anemia mild problem slowly symptoms anemia worse symptoms weak tired usual exercise headaches problems concentrating thinking lightheadedness when you stand up pale skin color pallor shortness breath sore tongue
Drug-induced immune hemolytic anemia,symptoms dark urine fatigue pale skin color rapid heart rate shortness breath yellow skin whites eyes jaundice
Hodgkin lymphoma,sign hodgkin lymphoma painless swollen lymph node known disease spread nearby lymph nodes later spread spleen liver bone marrow organs symptoms symptoms disease symptoms hodgkin lymphoma conditions talk your meaning your specific symptoms tired fever chills come go itching cannot explained loss appetite drenching night sweats painless swelling lymph nodes neck armpits groin swollen glands weight loss cannot explained coughing chest pains breathing problems there swollen lymph nodes chest excessive sweating pain fullness below ribs swollen spleen liver pain lymph nodes drinking alcohol skin blushing flushing
Non-Hodgkin lymphoma,symptoms depend what affected cancer how fast cancer growing symptoms night sweats fever chills come go itching swollen lymph nodes neck underarms groin areas weight loss coughing shortness breath cancer affects thymus gland lymph nodes chest putting pressure windpipe trachea its branches abdominal pain swelling loss appetite constipation nausea vomiting headache concentration problems personality changes seizures cancer affects brain
Congenital platelet function defects,symptoms excessive bleeding surgery bleeding gums easy bruising pinpoint red spots skin heavy menstrual periods nosebleeds prolonged bleeding small injuries
Multiple myeloma,multiple myeloma commonly cancer cells grow bone marrow you bone pain ribs back cancer cells weaken bones low red blood cell count anemia fatigue shortness breath low white blood cell count you likely infections low platelet count abnormal bleeding you broken bones bone fractures doing normal activities cancer grows spine bones press nerves numbness weakness arms legs frequent infections
Iron deficiency anemia,you no symptoms anemia mild symptoms mild slowly symptoms anemia worse symptoms symptoms conditions associated bleeding iron deficiency anemia weak tired usual exercise headaches dizziness palpitations problems concentrating thinking brittle nails blue color whites eye desire eat ice non-food pica lightheaded when you stand up pale skin color shortness breath sore inflamed tongue mouth ulcers uncontrolled movement legs sleep hair loss dark tar-colored stools blood stool heavy menstrual bleeding pain upper belly ulcers
Secondary systemic amyloidosis,symptoms secondary systemic amyloidosis depend tissue affected protein deposits these deposits damage normal tissues symptoms signs illness bleeding skin fatigue irregular heartbeat numbness hands feet rash shortness breath swallowing difficulties swollen arms legs swollen tongue weak hand grip weight loss
Thrombocytopenia,you symptoms you general symptoms symptoms depend bleeding mouth gums bruising nosebleeds rash
Thalassemia,severe alpha thalassemia major stillbirth death unborn baby birth late stages pregnancy born beta thalassemia major cooley anemia normal birth severe anemia life symptoms minor alpha beta thalassemia small red blood cells no symptoms bone deformities face fatigue growth failure shortness breath yellow skin jaundice
Waldenstrom macroglobulinemia,symptoms wm bleeding gums nosebleeds blurred decreased vision bluish skin fingers cold exposure dizziness confusion easy bruising skin fatigue diarrhea numbness tingling burning pain hands feet fingers toes ears nose rash swollen glands unintentional weight loss vision loss eye
Polycythemia vera,pv there too red blood cells blood thicker blood can't flow small blood vessels normally symptoms trouble breathing when lying down dizziness tired full left upper abdomen enlarged spleen headache itchiness especially warm bath red skin coloring especially face shortness breath symptoms blood clots veins skin surface phlebitis vision problems ringing ears tinnitus joint pain
Mononucleosis,mono begin slowly fatigue general ill headache sore throat sore throat slowly worse your tonsils swollen whitish-yellow covering lymph nodes neck swollen painful pink measles-like rash likely you medicine ampicillin amoxicillin throat infection antibiotics typically test you strep infection common symptoms mono common symptoms drowsiness fever general discomfort uneasiness ill loss appetite muscle aches stiffness rash sore throat swollen lymph nodes neck armpit chest pain cough fatigue headache hives jaundice yellow color skin whites eyes neck stiffness nosebleed rapid heart rate sensitivity light shortness breath
Hairy cell leukemia,symptoms hcl easy bruisingâ bleeding heavy sweating especially night fatigue weakness full eating only small amount recurrent infections fevers pain fullness upper left belly enlarged spleen swollen lymph glands weight loss
Peripheral neuropathy,symptoms depend nerve damaged damage affectsâ nerve several nerves whole pain numbness tingling burning arms legs early sign nerve damage these feelings start your toes feet you deep pain happens feet legs you lose your legs arms because you notice when you step sharp you notice when youâ touch too hot cold water bathtub you know when you small blister sore your feet numbness harder tell where your feet moving loss balance muscle problems damage nerves harder control muscles weakness you notice problems moving your you fall because your legs buckle you trip your toes doing tasks buttoning shirt harder you notice your muscles twitch cramp your muscles smaller problems organs nerve damage problems digesting food you full bloated heartburn eating only little food you vomit food been digested well you loose stools hard stools problems swallowing damage nerves your heart you lightheaded faint when you stand up angina warning chest pain heart diseases heart attack nerve damage hide warning sign you learn warning signs heart attack they sudden fatigue sweating shortness breath nausea vomiting symptoms nerve damage sexual problems problems erections trouble vaginal dryness orgasm able tell when their blood sugar too low bladder problems you leak urine you able tell when your bladder full able empty their bladder you sweat too little too problems controlling your temperature
Plague,there types plague bubonic septicemic pneumonic bubonic plague infection lymph nodes common plague united states flea bites bubonic plague symptoms suddenly 2 8 days exposure bacteria symptoms septicemic plague infection blood flea bite handling infected animal untreated bubonic plague septicemic plague death severe symptoms symptoms pneumonic plague infection lungs serious what epidemics inhaling respiratory droplets infected human animal cat only spreads humans untreated bubonic septicemic plague into pneumonic plague when bacteria spread lungs pneumonic plague symptoms suddenly typically 1 3 days exposure pneumonia rapidly symptoms human-to-human transmission plague united states 1925 fever chills general ill malaise headache muscle pain seizures smooth painful lymph gland swelling called buboes commonly groin armpits neck site infection flea bite animal scratch pain start swelling abdominal pain bleeding blood clotting problems diarrhea fever nausea vomiting extreme weakness shock bleeding into skin organs tissue death skin turns black dies fingers toes nose severe cough difficulty breathing pain chest when breathing deeply weakness fever chills headache frothy bloody sputum respiratory failure shock
Brucellosis,acute brucellosis begin mild flu-like symptoms symptoms high fever spikes afternoon name undulant fever describe disease because fever rises falls waves illness chronic last years abdominal pain back pain fever chills excessive sweating fatigue headache joint muscle pain loss appetite swollen glands weakness weight loss
Botulism,symptoms 8 36 hours you eat food contaminated toxin there no fever infection symptoms symptoms infants abdominal cramps breathing difficulty respiratory failure difficulty swallowing speaking double vision nausea vomiting weakness paralysis equal sides constipation drooling poor feeding weak sucking respiratory distress weak cry weakness loss muscle tone
Actinomycosis,symptoms draining sores skin especially chest wall lung infection actinomyces fever mild no pain swelling hard red reddish-purple lump face upper neck weight loss
Epiglottitis,epiglottitis begins high fever sore throat symptoms airways totally blocked cardiac arrest death abnormal breathing sounds stridor fever blue skin color cyanosis drooling difficulty breathing need sit upright lean slightly forward breathe difficulty swallowing voice changes hoarseness
Herpes - oral,mouth ulcers when they come into contact hsv-1 virus others no symptoms symptoms kids 1 5 years symptoms mild severe they 1 3 weeks you come into contact virus they last up 3 weeks warning symptoms blisters you blisters rash your when blisters called outbreak you symptoms triggered symptoms return later they milder cases itching lips skin mouth burning lips mouth tingling lips mouth sore throat fever swollen glands face neck painful swallowing gums lips mouth throat red blisters break open leak small blisters filled clear yellowish fluid several smaller blisters grow together into large blister yellow crusty blister heals eventually turns into pink skin menstruation hormone changes being out sun fever stress
Pneumococcal meningitis,symptoms come quickly symptoms disease pneumococcal meningitis important fever infants fever chills mental status changes nausea vomiting sensitivity light photophobia severe headache stiff neck agitation bulging fontanelles infants decreased consciousness poor feeding irritability rapid breathing unusual posture head neck arched backwards opisthotonos
Meningococcal meningitis,symptoms come quickly symptoms disease fever chills mental status changes nausea vomiting purple bruise-like areas purpura rash pinpoint red spots petechiae sensitivity light photophobia severe headache stiff neckâ agitation bulging fontanelles infants decreased consciousness poor feeding irritability rapid breathing unusual posture head neck arched backwards opisthotonus
Waterhouse-Friderichsen syndrome,symptoms suddenly they bacteria growing large numbers symptoms infection bacteria bleeding throughout bleeding into adrenal glands glands unable produce enough adrenal hormones called adrenal crisis symptoms fever chills joint muscle pain headache vomiting rash throughout disseminated intravascular coagulation small blood clots cut off blood supply organs septic shock dizziness weakness low blood pressure fast heart rate confusion coma
Gram-negative meningitis,symptoms come quickly symptoms disease fever chills mental status changes nausea vomiting sensitivity light photophobia severe headache stiff neck meningismus symptoms bladder kidney intestine lung infection agitation bulging fontanelles infants decreased consciousness poor feeding irritability rapid breathing unusual posture head neck arched backwards opisthotonos
Q fever,symptoms 2 3 weeks coming contact bacteria called incubation period no symptoms others moderate symptoms similar flu symptoms they last several weeks common symptoms symptoms dry cough nonproductive fever headache joint pain arthralgia muscle pains abdominal pain chest pain jaundice yellowing skin whites eyes rash
H influenzae meningitis,symptoms come quickly symptoms fever chills mental status changes nausea vomiting sensitivity light photophobia severe headache stiff neck meningismus agitation bulging fontanelles infants decreased consciousness poor feeding irritability rapid breathing unusual posture head neck arched backwards opisthotonos
Staphylococcal meningitis,symptoms come quickly symptoms disease fever chills mental status changes nausea vomiting sensitivity light photophobia severe headache stiff neck agitation bulging fontanelles infants decreased alertness poor feeding irritability rapid breathing unusual posture head neck arched backwards opisthotonos
Tetanus,tetanus begins mild spasms jaw muscles lockjaw spasms affect your chest neck back abdominal muscles back muscle spasms arching called opisthotonos spasms affect muscles help breathing breathing problems prolonged muscular action sudden powerful painful contractions muscle groups called tetany these episodes fractures muscle tears symptoms drooling excessive sweating fever hand foot spasms irritability swallowing difficulty uncontrolled urination defecation
Legionnaires disease,symptoms tend worse 4 6 days they improve another 4 5 days symptoms general discomfort loss energy ill malaise headache fever shaking chills joint pain muscle aches stiffness chest pain cough produce sputum mucus dry cough coughing up blood rare diarrhea nausea vomiting abdominal pain shortness breath
Cryptosporidium enteritis,symptoms infection abdominal cramping diarrhea watery non-bloody large-volume times general sick malaise malnutrition weight loss severe prolonged cases nausea
Erysipelas,infection legs arms face trunk symptoms erysipelas fever chillsâ skin sore sharp raised border infection spreads skin painful red swollen warm blisters skin
Ear infection - chronic,symptoms chronic ear infection severe symptoms acute infection problem go unnoticed untreated long symptoms symptoms continue come go they ears ear pain discomfort mild pressure ear fever low-grade fussiness infants pus-like drainage ear hearing loss
Gas gangrene,gas gangrene painful swelling skin turns pale brownish-red when swollen pressed gas sometimesâ heard â crackly sensation crepitus edges infected grow quickly changes minutes completely destroyed symptoms condition treated go into shock decreased blood pressure hypotension kidney failure coma finally death air skin subcutaneous emphysema blisters filled brown-red fluid drainage tissues foul-smelling brown-red bloody fluid serosanguineous discharge increased heart rate tachycardia moderate high fever moderate severe pain skin injury pale skin color later becoming dusky changing dark red purple swelling worsens skin injury sweating vesicle formation combining into large blisters yellow color skin jaundice
Malaria,symptoms anemia condition doesn't enough healthy red blood cells bloody stools chills fever sweating coma convulsions headache jaundice muscle pain nausea vomiting
Swimmer's ear,symptoms swimmer's ear drainage ear yellow yellow-green pus-like foul smelling ear pain worse when you pull outer ear hearing loss itching ear ear canal
Disseminated tuberculosis,disseminatedâ tuberculosis affect areas symptoms depend affected areas abdominal pain swelling chills cough shortness breath fatigue fever general discomfort uneasiness ill malaise joint pain pale skin anemia pallor sweating swollen glands weight loss
Thrush - children and adults,symptoms thrush white velvety sores mouth tongue bleeding when you brush your teeth scrape sores pain when swallowing
Cysticercosis,worms stay muscles symptoms symptoms depending where infection brain seizures symptoms similar those brain tumor eyes decreased vision blindness heart abnormal heart rhythms heart failure rare spine weakness changes walking damage nerves spine
Ascariasis,there no symptoms there symptoms they bloody sputumâ mucus coughed up lower airways cough wheezing low-grade fever passing worms stool shortness breath skin rash stomach pain vomiting coughing up worms worms leaving nose mouth
Hookworm infection,symptoms no symptoms worms enter intestines abdominal discomfort cough diarrhea fatigue fever gas itchy rash loss appetite nausea vomiting pale skin
Strongyloidiasis,there no symptoms there symptoms they abdominal pain upper abdomen cough diarrhea rash red hive-like areas anus vomiting weight loss fever
Trichinosis,symptoms trichinosis abdominal discomfort cramping diarrhea facial swelling eyes fever muscle pain especially muscle pain breathing chewing large muscles muscle weakness
Erysipeloid,symptoms 2 7 days bacteria enter skin fingers hands affected exposed infected there break skin symptoms infection spread fingers doesn't spread wrist bright red skin infected swelling throbbing pain itching burning sensation fluid-filled blisters low fever infection spreadsâ swollen lymph nodes
Visceral larva migrans,mild infections symptoms serious infections these symptoms eyes infected loss vision crossed eyes abdominal pain cough wheezing fever irritability itchy skin hives shortness breath
Lymphogranuloma venereum,symptoms lgv begin few days coming contact bacteria symptoms drainage skin lymph nodes groin painful bowel movements small painless sore male genitals female genital tract swelling redness skin groin swelling labia swollen groin lymph nodes sides affect lymph nodes rectum who anal intercourse blood pus rectum blood stools
Chancroid,1 2 weeks becoming infected small bump genitals bump ulcer ulcer half infected only single ulcer 4 ulcers ulcers specific locations common locations common location ulcers outer lips vagina labia majora kissing ulcers kissing ulcers those opposite surfaces labia ulcers common symptoms pain urination intercourse ulcer sore primary syphilis chancre half who infected chancroid enlarged lymph nodes groin half who swelling groin lymph nodes nodes break skin draining abscesses swollen lymph nodes abscesses called buboes ranges size 1 8 inch 2 inches 3 millimeters 5 centimeters diameter painful soft sharply defined borders base covered gray yellowish-gray material base bleeds easily bumped scraped foreskin groove behind head penis shaft penis head penis opening penis scrotum inner vagina lips labia minora genitals anus perineal inner thighs
Donovanosis (granuloma inguinale),symptoms 1 12 weeks coming contact bacteria symptoms skin gradually wears bumps turn into raised beefy-red velvety nodules called granulation tissue they painless they bleed easily injured disease slowly spreads destroys genital tissue tissue damage spread groin genitals skin them lose skin color its early stages hard tell difference donovanosis chancroid sores anal half cases small beefy-red bumps genitals anus
Toxoplasmosis,there no symptoms there symptoms they 1 2 weeks contact parasite disease affect brain lung heart eyes liver symptoms healthy immune systems symptoms weakened immune system enlarged lymph nodes head neck headache fever mild illness similar mononucleosis muscle pain sore throat visual disturbances confusion fever headache blurred vision inflammation retina seizures
Ear infection - acute,infants main sign ear infection acting irritable crying cannot soothed infants acute ear infection fever trouble sleeping tugging ear sign ear infection symptoms acute ear infection older ear infection start shortly cold sudden drainage yellow green fluid ear mean eardrum ruptured acute ear infections involve fluid behind eardrum home you electronic ear monitor check fluid you buy device drugstore you need confirm ear infection ear pain fullness ear general illness nasal congestion cough lethargy vomiting diarrhea hearing loss affected ear drainage fluid ear loss appetite
Strep throat,symptoms 2 5 days coming contact strep germ they mild severe common symptoms symptoms strains strep throat scarlet fever-like rash rash neck chest then spread rash rough sandpaper germ strep throat symptoms sinus infection ear infection fever begin suddenly highest chills red sore throat white patches pain when swallowing swollen tender neck glands general ill loss appetite abnormal sense taste headache nausea
Meningitis - cryptococcal,meningitis starts slowly few days few weeks symptoms fever hallucinations headache mental status change confusion nausea vomiting sensitivity light stiff neck
Infectious esophagitis,symptoms infectious esophagitis difficulty swallowing painful swallowing fever chills yeast infection tongue lining mouth oral thrush sores mouth back throat herpes cmv
Sinusitis,symptoms acute sinusitis follow cold better worse 7 10 days symptoms symptoms chronic sinusitis those acute sinusitis symptoms tend milder last longer 12 weeks symptoms sinusitis bad breath loss smell cough worse night fatigue general being ill fever headache pressure-like pain pain behind eyes toothache tenderness face nasal stuffiness discharge sore throat postnasal drip cold respiratory illness been getting better then begins worse high fever darkened nasal discharge lasts least 3 days nasal discharge cough been 10 days improving
Peritonitis - spontaneous bacterial,symptoms symptoms abdominal pain bloating abdominal tenderness fever low urine output chills joint pain nausea vomiting
Mucormycosis,symptoms rhinocerebral mucormycosis symptoms lung pulmonary mucormycosis symptoms gastrointestinal mucormycosis symptoms kidney renal mucormycosis symptoms skin cutaneous mucormycosis single painful hardened skin blackened center eyes swell stick out protrude dark scabbing nasal cavities fever headache mental status changes redness skin above sinuses sinus pain congestion cough coughing blood occasionally fever shortness breath abdominal pain blood stools diarrhea vomiting blood fever pain upper abdomen back
Meningitis - tuberculous,symptoms start slowly symptoms disease fever chills mental status changes nausea vomiting sensitivity light photophobia severe headache stiff neck meningismus agitation bulging fontanelles soft spots babies decreased consciousness poor feeding irritability unusual posture head neck arched backward opisthotonos infants 3 months
Peritonitis - secondary,symptoms note there signs shock swollen abdomenâ when your belly bigger usual abdominal pain decreased appetite fever low urine output nausea thirst vomiting
Toxic shock syndrome,symptoms confusion diarrhea general ill headaches high fever accompanied chills low blood pressure muscle aches nausea vomiting organ failure oftenâ kidneys liver redness eyes mouth throat seizures widespread red rash sunburn skin peeling 1 2 weeks rash particularly palms hand bottom feet
Rocky Mountain spotted fever,symptoms 2 14 days tick bite they symptoms disease chills fever confusion headache muscle pain rash starts few days fever wrists ankles spots 1 5 mm diameter then spreads infected don't rash diarrhea light sensitivity hallucinations loss appetite nausea vomiting abdominal pain thirst
Pharyngitis - sore throat,main symptom sore throat symptoms fever headache joint pain muscle aches skin rashes swollen lymph nodes glands neck
Chlamydial infections - male,common symptoms chlamydia gonorrhea together symptoms chlamydia infection similar symptoms gonorrhea they continue treatment gonorrhea finished difficulty urinating painful urination burning urination discharge penis redness swelling itching opening urethra tip penis swelling tenderness testicles
Chlamydia infections in women,symptoms burning when they urinate pain lower belly possibly fever painful intercourse vaginal discharge bleeding intercourse rectal pain
Kaposi sarcoma,tumors lesions bluish-red purple bumps skin they reddish-purple because they rich blood vessels lesions they lesions bleed lesions lungs bloody sputum shortness breath
CMV pneumonia,healthy cmv produces no symptoms produces temporary mononucleosis-type illness those weakened immune system serious symptoms symptoms cough fatigue fever general discomfort uneasiness ill malaise loss appetite muscle aches joint pains shortness breath sweating excessive night sweats
CMV retinitis,cmv retinitis no symptoms there symptoms they retinitis begins eye progresses eye treatment damage retina blindness 4 6 months blind spots blurred vision vision problems floaters
Sepsis,sepsis blood pressure drops shock major organs systems kidneys liver lungs central nervous system stop working properly because poor blood flow change mental status fast breathing earliest signs sepsis general symptoms sepsis chills confusion delirium fever low temperature hypothermia lightheadedness low blood pressure rapid heartbeat skin rash mottled skin warm skin
CMV - gastroenteritis/colitis,gastrointestinal gi cmv disease affectâ entire gi system ulcers cmv esophagus stomach small intestine colon these ulcers associated symptoms when intestines involved ulcers severe infections gastrointestinal bleeding hole wall bowel perforation abdominal pain difficulty swallowing pain swallowing nausea vomiting abdominal pain bloody stools diarrhea fever weight loss
Septic shock,septic shock affect heart brain kidneys liver intestines symptoms cool pale arms legs high low temperature chills lightheadedness little no urine low blood pressure especially when standing palpitations rapid heart rate restlessness agitation lethargy confusion shortness breath skin rash discoloration decreased mental statusâ confusion
Pneumocystis jirovecii pneumonia,pneumocystis pneumonia inâ aids slowly days weeks months severe pneumocystis pneumonia who aids sick faster severely ill symptoms cough mild dry fever rapid breathing shortness breath especially activity exertion
Malignant otitis externa,symptoms ongoing drainage ear yellow green smells bad ear pain deep ear pain worse when you move your head hearing loss itching ear ear canal fever trouble swallowing weakness muscles face
Progressive multifocal leukoencephalopathy,symptoms loss coordination clumsiness loss language ability aphasia memory loss vision problems weakness legs arms worse personality changes
Colorado tick fever,symptoms ctf start 1 14 days tick bite sudden fever continues 3 days goes then comes back 1 3 days later another few days symptoms weak muscle aches headache behind eyes typically fever lethargy sleepiness confusion nausea vomiting rash light colored sensitivity light photophobia skin pain sweating
Echinococcosis,cysts produce no symptoms 10 years disease advances cysts larger symptoms pain upper right abdomen liver cyst increase size abdomen swelling liver cyst bloody sputumâ lung cyst chest painâ lung cyst coughâ lung cyst severe allergic reaction anaphylaxis when cysts break open
Common cold,cold symptoms start 2 3 days you came contact virus up symptoms mostly affect nose common cold symptoms older colds generally low fever no fever young run fever 100â f 102â f 37 7â c 38 8â c depending virus your cold you nasal congestion runny nose scratchy throat sneezing cough decreased appetite headache muscle aches postnasal drip sore throat
Nocardia infection,symptoms vary depend organs involved lungs symptoms brain symptoms skin affected symptoms nocardia infection no symptoms chest pain when breathing suddenly slowly coughing up blood fever night sweats weight loss fever headache seizures coma skin breakdown draining tract fistula ulcers nodules infection spreading lymph nodes
Meningitis,enteroviral meningitis bacterial meningitis milder late summer early fall affects age 30 symptoms bacterial meningitis emergency you need immediate treatment hospital symptoms come quickly symptoms disease you cannot tell you bacterial viral meningitis how you your must out go hospital emergency department right you think you symptoms meningitis headache sensitivity light photophobia slight fever upset stomach diarrheaâ fatigue fever chills mental status changes nausea vomiting sensitivity light severe headache stiff neck agitation bulging fontanelles babies decreased alertness poor feeding irritability rapid breathing unusual posture head neck arched backward opisthotonos
Dementia due to metabolic causes,metabolic disorders confusion changes thinking reasoning these changes short-term lasting dementia when symptoms reversible symptoms they depend condition causing dementia early symptoms dementia dementia worse symptoms obvious interfere ability yourself symptoms disorder dementia difficulty tasks thought come easily balancing checkbook playing games bridge learning information routines getting lost familiar routes language problems trouble names familiar objects losing interest previously enjoyed flat mood misplacing items personality changes loss social skills inappropriate behaviors mood changes periods aggression anxiety poor performance work demotion loss job changing sleep patterns waking up night forgetting details current events forgetting events one's life history having difficulty doing basic tasks preparing meals choosing proper clothing driving having hallucinations hearing there arguments striking out behaving violently difficulty reading writing poor judgment losing ability recognize danger wrong word pronouncing words correctly speaking confusing sentences withdrawing social contact
Guillain-Barre syndrome,symptoms gbs worse quickly only few hours severe symptoms weakness increases several days common muscle weakness loss muscle function paralysis affects sides cases muscle weakness starts legs spreads arms called ascending paralysis inflammation affects nerves chest diaphragm large muscle your lungs helps you breathe those muscles weak you need breathing assistance typical signs symptoms gbs symptoms emergency symptoms seek medical help right loss tendon reflexes arms legs tingling numbness mild loss sensation muscle tenderness pain cramp-like pain uncoordinated movement cannot walk help low blood pressure poor blood pressure control abnormal heart rate blurred vision double vision clumsiness falling difficulty moving face muscles your heart beat palpitations breathing temporarily stops cannot deep breath difficulty breathing difficulty swallowing drooling fainting light headed when standing
Tardive dyskinesia,symptoms td uncontrollable movements face facial grimacing commonly involving lower facial muscles finger movement piano playing movements rocking thrusting pelvis duck-like gait jaw swinging repetitive chewing rapid eye blinking tongue thrusting restlessness
Sciatica,sciatica pain vary widely mild tingling dull ache burning sensation cases pain severe enough unable move pain sharp pain leg hip numbness parts pain numbness back calf sole foot affected leg weak your foot caught ground when walking pain start slowly worse standing sitting certain times night when sneezing coughing laughing â especially herniated disk when bending backward walking few yards meters especially spinal stenosis when straining holding your breath bowel movement
Femoral nerve dysfunction,symptoms sensation changes thigh knee leg decreased sensation numbness tingling burning pain weakness knee leg difficulty going up down stairs especially down knee giving buckling
Amyotrophic lateral sclerosis (ALS),symptoms age 50 they start younger als loss muscle strength coordination eventually worse impossible them routine tasks going up steps getting out chair swallowing weakness affect arms legs ability breathe swallow disease worse muscle groups problems als affect senses sight smell taste hearing touch able think normally small number dementia causing problems memory muscle weakness starts arm hand slowly worse findings difficulty lifting climbing stairs walking difficulty breathing difficulty swallowing choking easily drooling gagging head drop weakness neck muscles speech problems slow abnormal speech pattern slurring words voice changes hoarseness depression changing expressions emotions emotional lability muscle cramps muscle stiffness called spasticity muscle contractions called fasciculations weight loss
Axillary nerve dysfunction,symptoms numbness outer shoulder pain shoulder region shoulder weakness especially when lifting arm up
Cranial mononeuropathy VI,when sixth cranial nerve doesn't work properly you can't turn your eye outward your ear you move your eye up down nose nerves affected symptoms double vision when headaches pain eye
Distal median nerve dysfunction,symptoms pain wrist hand severe wake you up night areas upper arm called referred pain sensation changes thumb index middle ring fingers burning decreased sensation numbness tingling weakness hand you drop difficulty grasping objects buttoning shirt
Cranial mononeuropathy III - diabetic type,symptoms neuropathy 7 days onset pain double vision drooping eyelid ptosis pain eye forehead change size pupil anisocoria
Diabetes and nerve damage,symptoms slowly years types symptoms you depend nerves affected nerves feet legs affected symptoms start toes feet tingling burning deep pain nerve damage fingers hands damage worse you lose your toes feet legs your skin numb because you when nerves control digestion affected you trouble digesting food reduced movement stomach gastroparesis your diabetes harder control damage nerves control digestion almost severe nerve damage their feet legs symptoms digestion problems when nerves your heart blood vessels damaged you symptoms nerve damage notice when you step sharp know you blister small cut notice when your feet hands touch too hot cold feet dry cracked full eating only small amount food heartburn bloating nausea constipation diarrhea swallowing problems throwing up undigested food few hours meal lightheaded when you stand up orthostatic hypotension fast heart rate notice angina chest pain warns heart disease heart attack sexual problems trouble getting erection vaginal dryness orgasm problems being able tell when your blood sugar too low hypoglycemia unawareness bladder problems urine leakage being able empty bladder sweating too when temperature cool when you're rest unusual times feet sweaty early nerve damage
Epilepsy,symptoms vary simple staring spells others violent shaking loss alertness convulsion seizure depends brain affected epilepsy their seizures similar ones epilepsy strange sensation seizure sensations tingling smelling odor actually there emotional changes called aura your tell you specific seizure you absence seizures called non-motor seizures seizures involving change behavior changes motor movement staring spells they generalized seizures focal onset seizures no change awareness symptoms depend what brain affected these seizures spread whole brain generalized seizures involve sides brain impaired awareness abnormal movements involving whole clenching jaw losing control urine bowels
Bilateral tonic-clonic seizure,generalized bilateral tonic-clonic seizures aura symptoms seizure focal onset seizure only affecting bilateral tonic-clonic seizure seizures rigid muscles tonic phase followed violent muscle contractions clonic phase symptoms seizure seizure vision taste smell sensory changes smelling hearing there hallucinations dizziness symptoms biting cheek tongue clenched teeth jaw loss urine stool control incontinence stopped breathing difficulty breathing blue skin color cyanosis confusion drowsiness sleepiness lasts 1 hour longer called post-ictal state loss memory amnesia seizure episode headache weakness few minutes few hours seizure called todd paralysis
Absence seizure,absence seizures last only few seconds they involve staring episodes episodes unexplained difficulties school learning difficulties sign absence seizures seizure fall seizure right seizure specific symptoms typical absence seizures absence seizures begin slower last longer these called atypical absence seizures symptoms similar regular absence seizures muscle activity changes noticeable times weeks months being noticed interfere school learning mistaken lack attention daydreaming misbehavior stop walking start few seconds later stop talking mid-sentence start few seconds later wide awake thinking clearly unaware seizure changes muscle activity no movement hand fumbling fluttering eyelids lip smacking chewing changes alertness consciousness staring episodes lack awareness surroundings sudden halt movement talking awake activities
Focal seizure,focal awareness impaired seizures remember symptoms events seizure depending where brain seizure starts symptoms symptoms abnormal muscle contraction abnormal head limb movements staring spells repetitive movements picking clothes lip smacking eyes moving abnormal sensations numbness tingling crawling sensation ants crawling skin smelling hearing there hallucinations abdominal pain discomfort nausea sweating flushed face dilated pupils rapid heart rate pulse blackout spells periods lost memory changes vision sensation dã jã vu current been changes mood emotion temporary inability speak
Cranial mononeuropathy III,symptoms symptoms tumor swelling brain decreasing alertness serious because sign brain damage impending death double vision common symptom drooping eyelid ptosis enlarged pupil smaller when light shines headache eye pain
Neuropathy secondary to drugs,symptoms sensation changes begin feet hands move inward numbness loss sensation tingling abnormal sensations weakness burning pain loss balance trouble walking
Subarachnoid hemorrhage,main symptom severe headache starts suddenly called thunderclap headache worse back head describe worst headache unlike headache pain headache start popping snapping head symptoms symptoms disease decreased consciousness alertness eye discomfort bright light photophobia mood personality changes confusion irritability muscle aches especially neck pain shoulder pain nausea vomiting numbness seizure stiff neck vision problems double vision blind spots temporary vision loss eye eyelid drooping pupil size difference sudden stiffening back neck arching back opisthotonos common
Meniere disease,attacks mã niã re disease start warning they daily rarely severity attack vary attacks severe interfere daily living activities mã niã re disease four main symptoms severe vertigo symptom problems vertigo you you spinning moving world spinning you hearing loss only ear affect ears symptoms nausea vomiting severe enough you need admitted hospital receive iv fluids you need rest home hearing loss varies pressure ear ringing roaring affected ear called tinnitus vertigo dizziness nausea vomiting sweating symptoms worse sudden movement you need lie down your eyes you dizzy off-balance anywhere 20 minutes 24 hours hearing tends improve attacks worse low frequency hearing lost you roaring ringing ear tinnitus sense pressure your ear headaches pain discomfort abdomen nausea vomiting uncontrollable eye movements symptom called nystagmus
Neurosyphilis,symptoms affect nervous system depending neurosyphilis symptoms abnormal walk gait unable walk numbness toes feet legs problems thinking confusion poor concentration mental problems depression irritability headache seizures stiff neck loss bladder control incontinence tremors weakness visual problems blindness
Pituitary tumor,pituitary tumors produce too hormones symptoms conditions symptoms pressure larger pituitary tumor hyperthyroidism thyroid gland too its hormones extremely rare condition pituitary tumors cushing syndrome higher normal level hormone cortisol gigantism abnormal growth higher normal level growth hormone childhood acromegaly higher normal level growth hormone nipple discharge irregular absent menstrual periods excess hormone prolactin decreased sexual function excess hormone prolactin changes vision double vision visual field loss loss peripheral vision drooping eyelids changes color vision headache lack energy nasal drainage clear salty fluid nausea vomiting problems sense smell rare cases these symptoms suddenly severe pituitary apoplexy
Duchenne muscular dystrophy,symptoms age 6 they start early infancy no symptoms few years life symptoms muscle weakness progressive difficulty walking fatigue learning difficulties iq below 75 intellectual disability possible worse begins legs pelvis severely arms neck areas problems motor skills running hopping jumping frequent falls trouble getting up lying position climbing stairs shortness breath fatigue swelling feet weakening heart muscle â problem breathing weakening respiratory muscles â gradual worsening muscle weakness ability walk lost age 12 wheelchair breathing difficulties heart disease start age 20
Becker muscular dystrophy,females rarely symptoms males symptoms they inherit defective gene symptoms ages 5 15 begin later muscle weakness lower legs pelvis slowly worse causing symptoms difficulty walking worse age 25 30 unable walk frequent falls difficulty getting up floor climbing stairs difficulty running hopping jumping loss muscle mass toe walking muscle weakness arms neck areas severe lower breathing problems cognitive problems these worse fatigue loss balance coordination
Facioscapulohumeral muscular dystrophy,symptoms facioscapulohumeral muscular dystrophy mainly affects face shoulder upper arm muscles affect muscles pelvis hips lower leg symptoms soon birth infantile they age 10 26 years uncommon symptoms later life cases symptoms symptoms mild slowly worse muscle weakness face common shoulder muscle weakness deformities pronounced shoulder blades scapular winging sloping shoulders difficulty raising their arms because shoulder arm muscle weakness weakness lower legs possible disorder worse interferes ability play sports because decreased strength poor balance weakness severe enough interfere walking small percentage wheelchair chronic pain 50 80 muscular dystrophy hearing loss abnormal heart rhythms rare eyelid drooping inability whistle weakness cheek muscles decreased facial expression weakness facial muscles depressed angry facial expression difficulty pronouncing words difficulty reaching above shoulder level
Horner syndrome,symptoms horner syndrome there symptoms depending location affected nerve fiber these decreased sweating affected face drooping eyelid ptosis sinking eyeball into face sizes pupils eyes anisocoria affected pupil being smaller vertigo sensation surroundings spinning nausea vomiting double vision lack muscle control coordination arm pain weakness numbness sided neck ear pain hoarseness hearing loss bladder bowel difficulty overreaction involuntary autonomic nervous system stimulation hyperreflexia
Migraine,there main types migraines aura group nervous system neurologic symptoms these symptoms considered warning sign migraine coming vision affected nervous system symptoms yawning difficulty concentrating nausea trouble right words dizziness weakness numbness tingling these symptoms common migraine headaches you these symptoms your likely order tests aura 10 15 minutes headache few minutes 24 hours headache follow aura headaches symptoms headache symptoms linger migraine goes called migraine hangover symptoms migraine aura classic migraine migraine aura common migraine temporary blind spots colored spots blurred vision eye pain stars zigzag lines flashing lights tunnel vision only able objects center field view start dull ache worse minutes hours throbbing pounding pulsating worse head pain behind eye back head neck last 4 72 hours chills increased urination fatigue loss appetite nausea vomiting sensitivity light sound sweating mentally dull your thinking clear sharp needing sleep neck pain
Lambert-Eaton myasthenic syndrome,weakness loss movement severe weakness generally mild lems leg muscles mostly affected weakness improve exercise continuous exertion fatigue cases symptoms related parts nervous system difficulty climbing stairs walking lifting muscle pain drooping head need hands up sitting lying position problems talking problems chewing swallowing gagging choking vision changes blurry vision double vision problem keeping steady gaze blood pressure changes dizziness standing dry mouth erectile dysfunction dry eyes constipation decreased sweating
Limb-girdle muscular dystrophies,sign pelvic muscle weakness trouble standing sitting position arms difficulty climbing stairs weakness starts childhood young adulthood symptoms abnormal waddling walk joints fixed contracted position late disease large muscular-looking calves pseudohypertrophy actually strong loss muscle mass thinning certain parts low back pain palpitations passing-out spells shoulder weakness weakness muscles face later disease weakness muscles lower legs feet lower arms hands later disease
Myasthenia gravis,myasthenia gravis weakness voluntary muscles these muscles you control autonomic muscles heart digestive tract affected muscle weakness myasthenia gravis worsens activity improves rest muscle weakness variety symptoms double vision drooping eyelids ptosis common symptoms breathing difficulty because weakness chest wall muscles chewing swallowing difficulty causing frequent gagging choking drooling difficulty climbing stairs lifting objects rising seated position difficulty talking drooping head facial paralysis weakness facial muscles fatigue hoarseness changing voice difficulty maintaining steady gaze
Subdural hematoma,depending size hematoma where presses brain symptoms infants symptoms drowsiness confusion coma decreased memory problem speaking swallowing problems balance walking headache seizures loss consciousness nausea vomiting weakness numbness arms legs face vision problems behavioral changes psychosis bulging fontanelles soft spots baby's skull separated sutures areas where growing skull bones join feeding problems seizures high-pitched cry irritability increased head size circumference increased sleepiness lethargy persistent vomiting
Alcoholic neuropathy,symptoms condition changes muscle strength sensation sides common legs arms symptoms gradually worse numbness arms legs abnormal sensations pins needles painful sensations arms legs muscle problems weakness cramps aches spasms heat intolerance especially exercise erection problems impotence problems urinating incontinence leaking urine incomplete bladder emptying difficulty beginning urinate constipation diarrhea nausea vomiting problems swallowing talking unsteady gait walking
Cerebral palsy,symptoms cp group disorders symptoms symptoms 2 years symptoms begin early 3 months parents notice their delayed reaching developmental stages sitting rolling crawling walking there several types cerebral palsy mix symptoms spastic cp common symptoms symptoms types cp brain nervous system symptoms eating digestion symptoms symptoms mild severe only involve sides pronounced arms legs involve arms legs muscles tight stretch they tighten abnormal walk gait arms tucked sides knees crossed touching legs scissors movements walk toes joints tight open called joint contracture muscle weakness loss movement group muscles paralysis symptoms affect arm leg legs arms legs abnormal movements twisting jerking writhing hands feet arms legs awake worse periods stress tremors unsteady gait loss coordination floppy muscles especially rest joints move too learning disabilities common intelligence normal speech problems dysarthria hearing vision problems seizures pain especially difficult manage difficulty sucking feeding infants chewing swallowing older vomiting constipation increased drooling slower normal growth irregular breathing urinary incontinence
Cerebral amyloid angiopathy,caa bleeding into brain bleeding outer parts brain called cortex deep areas symptoms because bleeding brain harms brain tissue gradual memory problems when ct scan done there signs they bleeding brain they realized there lot bleeding immediate symptoms resemble stroke these symptoms bleeding severe widespread symptoms drowsiness headache certain head nervous system changes start suddenly confusion delirium double vision decreased vision sensation changes speech problems weakness paralysis seizures stupor coma rarely vomiting episodes confusion headaches come go loss mental function dementia weakness unusual sensations come go involve smaller areas seizures
Neurosarcoidosis,symptoms vary nervous system affected involvement brain cranial nerves involvement pituitary gland involvement peripheral nerves confusion disorientation decreased hearing dementia dizziness vertigo abnormal sensations movement double vision vision problems blindness facial palsy weakness drooping headache loss sense smell loss sense taste abnormal tastes mental disturbances seizures speech impairment changes menstrual periods excessive tiredness fatigue excessive thirst high urine output weight changes hair changes abnormal sensations loss movement loss sensation weakness
Subacute combined degeneration,symptoms these symptoms slowly worse sides disease worsens symptoms abnormal sensations tingling numbness weakness legs arms areas clumsiness stiff awkward movements mental changes range mild memory problems irritability apathy confusion severe dementia psychosis severe dementia uncommon cases it's symptom disorder decreased vision depression sleepiness unsteady gait loss balance falls poor balance
Syphilitic aseptic meningitis,symptoms syphilitic meningitis changes vision blurred vision decreased vision fever headache mental status changes confusion decreased attention span irritability nausea vomiting stiff neck shoulders muscle aches seizures sensitivity light photophobia loud noises sleepiness lethargy hard wake up
Arterial insufficiency,symptoms depend where your arteries narrowed affects your heart arteries you chest pain angina pectoris heart attack affects your brain arteries you transient ischemic attack tia stroke affects arteries bring blood your legs you frequent leg cramping when you walk called claudication affects arteries your belly you pain you eat called abdominal angina mesenteric ischemia
Stroke,symptoms stroke depend brain damaged cases know stroke symptoms suddenly warning symptoms off symptoms severe when stroke happens they slowly worse headache stroke bleeding brain headache symptoms depend how severe stroke what brain affected symptoms starts suddenly severe worse when you lying flat wake you up sleep worse when you change positions when you bend strain cough change alertness sleepiness unconsciousness coma changes hearing taste changes affect touch ability pain pressure temperatures confusion loss memory problems swallowing problems writing reading dizziness abnormal movement vertigo eyesight problems decreased vision double vision total loss vision lack control bladder bowels loss balance coordination trouble walking muscle weakness face arm leg numbness tingling personality mood emotional changes trouble speaking understanding others who speaking
Charcot-Marie-Tooth disease,nerves stimulate movement called motor nerves severely affected nerves legs affected severely symptoms begin mid-childhood early adulthood they later similar symptoms arms hands these claw-like hand foot deformity high arch feet foot drop inability point foot upward hold horizontal loss lower leg muscle skinny calves numbness foot leg slapping gait feet hit floor hard when walking weakness hips legs feet
Tabes dorsalis,symptoms tabes dorsalis damage nervous system symptoms abnormal sensations paresthesia called lightning pains problems walking nerve damage causing walk legs apart feet slapping ground loss coordination reflexes joint damage especially knees muscle weakness vision changes bladder control problems sexual function problems
Transient ischemic attack,symptoms begin suddenly last short few minutes 1 2 hours go they later symptoms tia symptoms stroke change alertness sleepiness unconsciousness changes senses hearing vision taste touch mental changes confusion memory loss difficulty writing reading trouble speaking understanding others muscle problems weakness trouble swallowing trouble walking dizziness loss balance coordination lack control bladder bowels sensation problems numbness tingling
Tourette syndrome,symptoms tourette syndrome noticed childhood 6 years age tourette syndrome medical problems these attention deficit hyperactivity disorder adhd obsessive compulsive disorder ocd impulse control disorder depression common symptom tic face tics follow tic sudden fast repeated movement sound symptoms tourette syndrome range tiny minor movements grunts sniffling coughing constant movements sounds cannot controlled types tics tics times they tend improve worse times tics change symptoms worse mid-teen years contrary popular belief only small number curse words inappropriate words phrases coprolalia tourette syndrome ocd ocd they behaviors tourette syndrome ocd tourette syndrome stop doing tic periods they tic stronger few minutes they allow start tic slows stops sleep arm thrusting eye blinking jumping kicking repeated throat clearing sniffing shoulder shrugging
Primary lymphoma of the brain,symptoms primary brain lymphoma changes speech vision confusion hallucinations seizures headaches nausea vomiting leaning when walking weakness hands loss coordination numbness hot cold pain personality changes weight loss
Parinaud oculoglandular syndrome,symptoms red irritated painful eye pink eye fever general ill increased tearing possible swelling nearby lymph glands front ear
Multiple sclerosis,symptoms vary because location severity attack attacks last days weeks months attacks followed remissions these periods reduced symptoms no symptoms fever hot baths sun exposure stress trigger worsen attacks nerves brain spinal cord damaged because ms symptoms parts muscle symptoms bowel bladder symptoms eye symptoms numbness tingling pain brain nerve symptoms sexual symptoms speech swallowing symptoms fatigue common bothersome symptom ms progresses worse late afternoon loss balance muscle spasms numbness abnormal sensation problems moving arms legs problems walking problems coordination making small movements tremor arms legs weakness arms legs constipation stool leakage difficulty beginning urinate frequent need urinate strong urge urinate urine leakage incontinence double vision eye discomfort uncontrollable eye movements vision loss affects eye facial pain painful muscle spasms tingling crawling burning arms legs decreased attention span poor judgment memory loss difficulty reasoning solving problems depression feelings sadness dizziness balance problems hearing loss problems erections problems vaginal lubrication slurred difficult-to-understand speech trouble chewing swallowing
Dementia,dementia symptoms difficulty areas mental function dementia forgetfulness mild cognitive impairment mci condition memory thinking problems their age mci mild problems thinking memory interfere daily activities they know their forgetfulness mci dementia symptoms mci early symptoms dementia dementia worse symptoms obvious interfere ability oneself symptoms severe dementia no longer symptoms dementia emotional behavior personality language memory perception thinking judgment cognitive skills difficulty doing task difficulty solving problems making decisions forgetting names familiar recent events conversations taking longer difficult mental activities difficulty tasks thought come easily balancing checkbook playing games bridge learning information routines getting lost familiar routes language problems trouble names familiar objects losing interest previously enjoyed flat mood misplacing items personality changes loss social skills inappropriate behaviors mood changes aggressive behavior poor performance job duties change sleep patterns waking up night difficulty basic tasks preparing meals choosing proper clothing driving forgetting details current events wandering getting lost forgetting events one's own life history losing self-awareness having hallucinations arguments striking out violent behavior having delusions depression agitation difficulty reading writing poor judgment loss ability recognize danger wrong word pronouncing words correctly speaking confusing sentences withdrawing social contact perform basic activities daily living eating dressing bathing recognize family members understand language problems controlling bowel movements urine swallowing problems
Delirium,delirium involves quick change mental states lethargy agitation back lethargy symptoms changes alertness alert morning alert night changes sensation perception changes level consciousness awareness changes movement slow moving hyperactive changes sleep patterns drowsiness confusion disorientation decrease short-term memory recall disorganized thinking talking doesn't sense emotional personality changes anger agitation depression irritability overly happy incontinence movements triggered changes nervous system problem concentrating
Optic neuritis,symptoms loss vision eye hour few hours changes pupil reacts bright light loss color vision pain when you move your eye
Trigeminal neuralgia,symptoms painful attacks tn triggered common everyday activities right face mostly affected cases tn goes its own painful sharp electric-like spasms brief spasms together they last several seconds minutes pain constant pain only face eye cheek lower face there no loss sensation movement affected face pain triggered touch sounds talking smiling brushing teeth chewing drinking eating exposure hot cold temperature touching face shaving wind applying make-up
Frontotemporal dementia,disease worse slowly tissues parts brain shrink symptoms behavior changes speech difficulty problems thinking slowly worse early personality changes help providers tell ftd apart alzheimer disease memory loss main earliest symptom alzheimer disease ftd tend behave wrong social settings changes behavior continue worse disturbing symptoms disease persons difficulty decision-making complex tasks language trouble understanding words writing there variations ftd nervous system problems general symptoms behavioral changes emotional changes language changes nervous system problems problems amyotrophic lateral sclerosis als lou gehrig disease primary progressive aphasia progressive supranuclear palsy able keep job compulsive behaviors impulsive inappropriate behavior inability function interact social personal situations problems personal hygiene repetitive behavior withdrawal social interaction abrupt mood changes decreased interest daily living activities failure recognize changes behavior failure emotional warmth concern empathy sympathy inappropriate mood caring events environment cannot speak mutism decreased ability read write difficulty word difficulty speaking understanding speech aphasia repeating spoken them echolalia shrinking vocabulary weak uncoordinated speech sounds increased muscle tone rigidity memory loss worse movement coordination difficulties apraxia weakness urinary incontinence
Chronic motor or vocal tic disorder,tic sudden fast repeated movement sound no reason goal tics involve kinds tics condition hold off these symptoms short they relief when they carry out these movements they describe tics response inner urge say they abnormal sensations tic tics continue stages sleep frequent they worse excessive blinking grimaces face quick movements arms legs areas sounds grunts throat clearing contractions abdomen diaphragm excitement fatigue heat stress
Vascular dementia,symptoms vascular dementia gradually progress small stroke symptoms begin suddenly stroke vascular dementia improve short periods decline having silent strokes symptoms vascular dementia depend areas brain injured stroke early symptoms vascular dementia dementia worsens symptoms obvious ability oneself declines symptoms nervous system neurologic problems stroke difficulty performing cognitive tasks come easily balancing checkbook playing games bridge learning information routines getting lost familiar routes language problems trouble name familiar objects losing interest you previously enjoyed flat mood misplacing items personality changes loss social skills well behavioral changes mood changes aggressive behavior poor performance job duties change sleep patterns waking up night difficulty doing basic tasks preparing meals choosing proper clothing driving forgetting details current events forgetting events your own life history losing awareness who you having delusions depression agitation having hallucinations arguments striking out violent behavior having difficulty reading writing having poor judgment loss ability recognize danger wrong word pronouncing words correctly speaking confusing sentences withdrawing social contact
Provisional tic disorder,your facial tics tics involving movement arms legs areas tics involve tics nervous behavior tics worse stress they frequent sleep sleep sounds movements rhythm overwhelming urge movement brief jerky movements blinking clenching fists jerking arms kicking raising eyebrows sticking out tongue clicking grunting hissing moaning sniffing snorting squealing throat clearing
General paresis,syphilis infection damage nerves brain general paresis symptoms those dementia memory problems language problems saying writing words incorrectly decreased mental function problems thinking judgment mood changes personality changes delusions hallucinations irritability inappropriate behavior
Torticollis,symptoms torticollis limited movement head headache head tremor neck pain shoulder higher stiffness neck muscles swelling neck muscles possibly birth
Sensorimotor polyneuropathy,symptoms symptoms quickly guillain-barrã syndrome slowly weeks years symptoms sides they start ends toes decreased difficulty swallowing breathing difficulty arms hands difficulty legs feet difficulty walking pain burning tingling abnormal called neuralgia weakness face arms legs falls lack balance ground your feet
Normal pressure hydrocephalus,symptoms nph begin slowly there main symptoms nph diagnosis nph above symptoms nph suspected testing done changes walks difficulty when beginning walk gait apraxia your feet stuck ground magnetic gait slowing mental function forgetfulness difficulty paying attention apathy no mood problems controlling urine urinary incontinence controlling stools bowel incontinence
Spasmodic dysphonia,voice hoarse grating waver pause voice sound strained strangled speaker extra effort known adductor dysphonia voice whispery breathy known abductor dysphonia problem go when laughs whispers speaks high-pitched voice sings shouts muscle tone problems parts writer's cramp
Neurogenic bladder,symptoms depend they symptoms urinary incontinence symptoms overactive bladder symptoms underactive bladder having urinate too small amounts problems emptying urine bladder loss bladder control full bladder possibly urine leakage inability tell when bladder full problems starting urinate emptying urine bladder urinary retention
Parkinson disease,symptoms mild instance you mild tremor slight leg stiff dragging jaw tremor been early sign parkinson disease symptoms affect sides general symptoms movement problems symptoms shaking tremors symptoms problems balance walking rigid stiff muscles muscle aches pains low blood pressure when you stand up orthostatic hypotension stooped posture constipation sweating being able control your temperature slow infrequent blinking difficulty swallowing drooling slowed quieter speech monotone voice no expression your face you wearing mask unable write clearly handwriting small micrographia difficulty starting movement starting walk getting out chair difficulty continuing move slowed movements loss fine hand movements writing small difficult read difficulty eating when your limbs moving called resting tremor when your arm leg held out go when you move worse when you tired excited stressed you rub your finger thumb together meaning called pill-rolling tremor eventually your head lips tongue feet anxiety stress tension cognitive changes confusion depression disturbed sleep fainting low blood pressure memory loss
Eyelid twitch,common symptoms eyelid twitch repeated uncontrollable twitching spasms your eyelid upper lid light sensitivity twitching blurry vision
Multiple system atrophy - parkinsonian type,msa damages nervous system disease tends progress rapidly half msa-p lost their motor skills 5 years onset disease symptoms symptoms disease tremors movement difficulties slowness loss balance shuffling when walking frequent falls muscle aches pains myalgia stiffness face changes masklike appearance face staring difficulty chewing swallowing occasionally able mouth disrupted sleep patterns rapid eye movement rem sleep late night dizziness fainting when standing up standing erection problems loss control bowels bladder problems activity requires small movements loss fine motor skills writing small hard read loss sweating decline mental function nausea problems digestion posture problems unstable stooped slumped vision changes decreased blurred vision voice speech changes confusion dementia depression sleep-related breathing difficulties includingâ sleep apnea blockage air passage harsh vibrating sound restless legs
Multiple system atrophy - cerebellar subtype,symptoms msa-c tend start younger age inherited main symptom clumsiness ataxia slowly worse there problems balance slurring speech difficulty walking symptoms abnormal eye movements abnormal movements abnormal sweating bowel bladder problems difficulty swallowing cold hands feet lightheadedness when standing headache standing relieved lying down muscle stiffness rigidity spasms tremor nerve damage neuropathy problems speaking sleeping spasms vocal cords sexual function problems
Secondary parkinsonism,common symptoms confusion memory loss likely secondary parkinsonism because diseases secondary parkinsonism dementia decrease facial expressions difficulty starting controlling movement loss weakness movement paralysis soft voice stiffness trunk arms legs tremor
Alzheimer disease,alzheimer disease symptoms difficulty areas mental function alzheimer disease forgetfulness mild cognitive impairment mci condition memory thinking problems their age mci mild problems thinking memory interfere daily activities they aware forgetfulness mci alzheimer disease symptoms mci early symptoms alzheimer disease alzheimer disease worse symptoms obvious interfere ability oneself symptoms severe alzheimer disease no longer symptoms alzheimer disease emotional behavior personality language memory perception thinking judgment cognitive skills difficulty doing task difficulty solving problems making decisions forgetting names familiar recent events conversations taking longer difficult mental activities difficulty performing tasks thought come easily balancing checkbook playing complex games bridge learning information routines getting lost familiar routes language problems trouble remembering names familiar objects losing interest previously enjoyed being flat mood misplacing items personality changes loss social skills mood changes aggressive behavior poor performance job duties change sleep patterns waking up night delusions depression agitation difficulty doing basic tasks preparing meals choosing proper clothing driving difficulty reading writing forgetting details current events forgetting events one's life history losing self-awareness hallucinations arguments striking out violent behavior poor judgment loss ability recognize danger wrong word mispronouncing words speaking confusing sentences withdrawing social contact recognize family members perform basic activities daily living eating dressing bathing understand language problems controlling bowel movements urine swallowing problems
Essential tremor,tremor likely noticed forearm hands arms head eyelids muscles affected tremor rarely legs feet et trouble holding small objects silverware pen shaking involves small rapid movements 4 12 times specific symptoms tremors head nodding shaking quivering sound voice tremor affects voice box problems writing drawing drinking cup tools tremor affects hands movement action-related tremor noticeable rest come go worse age worsen stress caffeine lack sleep certain medicines affect sides improve slightly drinking small amount alcohol
Alcohol withdrawal,alcohol withdrawal symptoms tend 8 hours last drink days later symptoms tend peak 24 72 hours go weeks common symptoms symptoms delirium tremens severe alcohol withdrawal anxiety nervousness depression fatigue irritability jumpiness shakiness mood swings nightmares thinking clearly sweating clammy skin enlarged dilated pupils headache insomnia sleeping difficulty loss appetite nausea vomiting pallor rapid heart rate sweating clammy skin tremor hands parts agitation irritability sudden severe confusion delirium fever aren't there hallucinations seizures
Drug-induced tremor,your tremor affect your hands arms head eyelids rare cases your lower affected your tremor affect sides equally shaking fast 4 12 movements your tremor your tremor symptoms episodic bursts hour taking medicine intermittent comes goes activity sporadic happens occasion movement rest disappear sleep worse voluntary movement emotional stress head nodding shaking quivering sound voice problems writing drawing drinking cup tools tremor affects hands
Delirium tremens,symptoms 48 96 hours last drink they 7 10 days last drink symptoms worse quickly seizures symptoms dts symptoms alcohol withdrawal symptoms agitation irritability tremors changes mental function deep sleep lasts longer sudden severe confusion delirium excitement fear fever really there hallucinations bursts energy quick mood changes restlessness sensitivity light sound touch stupor sleepiness fatigue common 12 48 hours last drink common complications alcohol withdrawal generalized whole seizures anxiety depression fatigue headache insomnia difficulty falling staying asleep irritability excitability loss appetite nausea vomiting nervousness jumpiness shakiness palpitations sensation heart beat pale skin rapid emotional changes sweating especially palms hands face chest pain stomach pain
Progressive supranuclear palsy,symptoms loss balance repeated falls lunging forward when moving fast walking bumping into objects changes expressions face deeply lined face eye vision problems sized pupils difficulty moving eyes supranuclear ophthalmoplegia lack control eyes problems keeping eyes open difficulty swallowing tremors jaw face jerks spasms mild-to-moderate dementia personality changes slow stiff movements speech difficulties low voice volume able say words clearly slow speech stiffness rigid movement neck middle arms legs
Brain tumor - children,symptoms subtle slowly worse they quickly headaches common symptom only rarely headaches tumor headache patterns brain tumors only symptoms brain tumors mental changes possible symptoms headaches worse when waking up morning go few hours headaches worse coughing exercise change position headaches sleeping least symptom vomiting confusion changes personality behavior unable concentrate increased sleep memory loss problems reasoning seizures unexplained frequent vomiting gradual loss movement arm leg hearing loss dizziness speech difficulty unexpected vision problem headache vision loss peripheral vision eyes double vision problems balance weakness numbness
Metastatic brain tumor,symptoms specific symptoms vary common symptoms types metastatic brain tumors increased pressure brain decreased coordination clumsiness falls general ill fatigue headache severe usual memory loss poor judgment difficulty solving problems numbness tingling pain changes sensation personality changes rapid emotional changes strange behaviors seizures problems speech vision changes double vision decreased vision vomiting nausea weakness
Huntington disease,abnormal behaviors movement problems abnormal unusual movements abnormal movements falls dementia slowly worse additional symptoms associated disease symptoms behavioral disturbances hallucinations irritability moodiness restlessness fidgeting paranoia psychosis facial movements grimaces head turning shift eye position quick sudden wild jerking movements arms legs face parts slow uncontrolled movements unsteady gait prancing wide walk disorientation confusion loss judgment loss memory personality changes speech changes pauses talking anxiety stress tension difficulty swallowing speech impairment rigidity slow movements tremor
Wernicke-Korsakoff syndrome,symptoms wernicke encephalopathy symptoms korsakoff syndrome confusion loss mental activity progress coma death loss muscle coordination ataxia leg tremor vision changes abnormal eye movements back forth movements called nystagmus double vision eyelid drooping alcohol withdrawal inability memories loss memory severe making up stories confabulation hearing really there hallucinations
Bell palsy,you cold shortly symptoms bell palsy begin symptoms start suddenly 2 3 days fully they severe symptoms almost face only they range mild severe discomfort behind ear weakness noticed face stiff pulled signs symptoms difficulty closing eye difficulty eating drinking because food falls out mouth drooling lack control muscles face slurring your words dysarthria lip weakness drooping face eyelid corner mouth problems smiling grimacing making facial expressions twitching weakness muscles face dry eye eye sores infections dry mouth headache there infection lyme disease loss sense taste sound louder ear hyperacusis
Ethylene glycol poisoning,symptom ethylene glycol ingestion similar drinking alcohol ethanol few hours toxic effects apparent symptoms nausea vomiting convulsions stupor decreased level alertness coma ethylene glycol toxicity suspected who severely ill drinking unknown substance especially they drunk you can't smell alcohol their breath overdose ethylene glycol damage brain lungs liver kidneys poisoning disturbances body's chemistry metabolic acidosis increased acids bloodstream tissues disturbances severe enough profound shock organ failure death little 120 milliliters approximately 4 fluid ounces ethylene glycol enough kill average-sized
Osmotic demyelination syndrome,symptoms confusion delirium hallucinations balance problems tremor problem swallowing reduced alertness drowsiness sleepiness lethargy poor responses slurred speechâ dysarthria weakness face arms legs affecting sides
Autonomic neuropathy,symptoms vary depending nerves affected they slowly years stomach intestine symptoms heart lungs symptoms bladder symptoms symptoms constipation hard stools diarrhea loose stools full only few bites early satiety nausea eating problems controlling bowel movements swallowing problems swollen abdomen vomiting undigested food abnormal heart rate rhythm blood pressure drop position dizziness when standing high blood pressure shortness breath activity exercise difficulty beginning urinate incomplete bladder emptying leaking urine sweating too enough heat intolerance brought activity exercise sexual problems erection problems vaginal dryness orgasm difficulties small pupil eye weight loss trying
Chronic inflammatory demyelinating polyneuropathy,symptoms symptoms cidp problems walking weakness lack feet trouble arms hands legs feet weakness sensation changes numbness decreased sensation pain burning tingling abnormal sensations affects feet then arms hands abnormal uncoordinated movement problems breathing fatigue hoarseness changing voice slurred speech
Acoustic neuroma,symptoms vary based size location tumor because tumor grows slowly symptoms start age 30 common symptoms common symptoms abnormal movement vertigo hearing loss affected ear hard hear conversations ringing tinnitus affected ear difficulty understanding speech dizziness headache loss balance numbness face orâ ear pain face ear weakness face facial asymmetry
Cerebral arteriovenous malformation,half avms symptoms those stroke bleeding brain symptoms avm bleeding symptoms pressure brain confusion ear noise buzzing called pulsatile tinnitus headache parts head migraine problems walking seizures vision problems dizziness muscle weakness face numbness
Mononeuropathy,symptoms depend specific nerve affected loss sensation paralysis tingling burning pain abnormal sensations weakness
Chronic subdural hematoma,cases there no symptoms depending size hematoma where presses brain symptoms drowsiness confusion coma decreased memory problem speaking swallowing problems balance walking headache seizures loss consciousness weakness numbness arms legs face nausea vomiting vision problems behavioral changes psychosis
Multiple mononeuropathy,symptoms depend specific nerves involved loss bladder bowel control loss sensation areas paralysis areas tingling burning pain abnormal sensations areas weakness areas
Brain abscess,symptoms slowly period several weeks they suddenly they changes mental status confusion slow response thinking unable focus sleepiness decreased ability touch pain sensation fever chills headache seizures stiff neck language problems loss muscle function typically vision changes vomiting weakness limb arm leg
Amaurosis fugax,symptoms sudden loss vision eyes lasts few seconds several minutes afterward vision returns normal describe loss vision gray black shade coming down eye
Wilson disease,symptoms abnormal posture arms legs arthritis confusion delirium dementia difficulty moving arms legs stiffness difficulty walking ataxia emotional behavioral changes enlargement abdomen accumulation fluid ascites personality changes phobias slow movements slow decreased movement expressions face speech impairment tremors arms hands uncontrollable movement unpredictable jerky movement vomiting blood weakness yellow skin jaundice yellow color white eye icterus
Cluster headache,cluster headache begins severe sudden headache headache commonly strikes 2 3 hours you fall asleep when you awake headache tends happen daily attacks last months they alternate periods headaches episodic they go stopping chronic cluster headache pain when eye nose head pain affected symptoms burning sharp stabbing steady face neck temple involving eye its worst 5 10 minutes strongest pain lasting 30 minutes 2 hours swelling eye affect eyes excessive tearing red eye droopy eyelid runny nose stuffy nose head pain red flushed face extreme sweating
Tuberous sclerosis,skin symptoms brain symptoms symptoms symptoms vary normal intelligence no seizures others intellectual disabilities difficult-to-control seizures areas skin white decreased pigment ash leaf confetti appearance red patches face containing blood vessels facial angiofibromas raised patches skin orange-peel texture shagreen spots back autism spectrum disorders developmental delays intellectual disability seizures pitted tooth enamel rough growths fingernails toenails rubbery noncancerous tumors tongue lung disease known lam lymphangioleiomyomatosis common cases there no symptoms shortness breath coughing blood lung collapse benign cardiac tumor known cardiac rhabdomyoma common tuberous sclerosis ultrasound baby born
Creutzfeldt-Jakob disease,cjd symptoms dementia worse quickly few weeks months blurred vision changes gait walking confusion disorientation hallucinations hearing aren't there lack coordination stumbling falling muscle stiffness twitching nervous jumpy personality changes sleepiness sudden jerky movements seizures trouble speaking
Ulnar nerve dysfunction,symptoms pain numbness awaken you sleep activities tennis golf condition worse abnormal sensations little finger ring finger palm weakness loss coordination fingers claw-like deformity hand wrist pain numbness decreased sensation tingling burning sensation areas controlled nerve
Radial nerve dysfunction,symptoms abnormal sensations back thumb hand thumb 2nd 3rd fingers weakness loss coordination fingers problem straightening arm elbow problem bending hand back wrist holding hand pain numbness decreased sensation tingling burning sensation areas controlled nerve
Common peroneal nerve dysfunction,when nerve injured dysfunction symptoms decreased sensation numbness tingling top foot outer upper lower leg foot drops unable hold foot up slapping gait walking pattern step slapping noise toes drag walking walking problems weakness ankles feet loss muscle mass because nerves aren't stimulating muscles
Tarsal tunnel syndrome,symptoms severe cases foot muscles weak foot deformed sensation changes bottom foot toes burning sensation numbness tingling abnormal sensation pain ankle bottom foot toes weakness atrophy foot muscles move toes
Increased intracranial pressure,infants older drowsiness separated sutures skull bulging soft spot top head bulging fontanelle vomiting behavior changes decreased alertness headache lethargy nervous system symptoms weakness numbness eye movement problems double vision seizures vomiting
Neurofibromatosis 2,symptoms nf2 balance problems cataracts young age changes vision coffee-colored marks skin cafã au-lait common headaches hearing loss ringing noises ears weakness face
Tension headache,headache pain described pain constantly daily pain last 30 minutes 7 days triggered worse stress fatigue noise glare you difficulty sleeping tension headaches nausea vomiting tension headaches try relieve pain massaging their scalp temples bottom neck dull pressure-like throbbing tight band vise head point worse scalp temples back neck possibly shoulders
Traumatic brain injury,tbi symptoms change recovery symptoms right up few days weeks later symptoms milder tbi concussion mild tbis loss consciousness pass out they describe white black stars mild tbi realize emergency symptoms severe tbi seek medical right there head injuries tbi injury neck spine special when moving who head injury acting somewhat confused unable concentrate thinking clearly being drowsy hard wake up similar changes headache loss consciousness fairly short period memory loss amnesia events injury right nausea vomiting flashing lights light sensitivity you lost sleep abnormalities changes alertness consciousness confusion go seizures muscle weakness sides pupils eyes equal size symptoms eye unusual eye movements repeated vomiting walking balance problems unconsciousness longer period continues coma
Sleep paralysis,normal sleep cycle stages light drowsiness deep sleep stage called rapid eye movement rem sleep your eyes move quickly vivid dreaming common night go several cycles non-rem rem sleep rem sleep your relaxed your muscles don't move sleep paralysis when sleep cycle shifting stages when you wake up suddenly rem your brain awake your rem mode can't move causing you you're paralyzed episodes sleep paralysis last few seconds 1 2 minutes these spells end their own when you touched moved rare cases you dream-like sensations hallucinations scary
Narcolepsy,narcolepsy symptoms age 15 30 years below common symptoms extreme daytime sleepiness cataplexy hallucinations sleep paralysis narcolepsy daytime sleepiness cataplexy these symptoms surprisingly being tired narcolepsy don't sleep well night there main types narcolepsy you strong urge sleep followed period sleep you can't control when you fall asleep called sleep attack these periods last few seconds few minutes they happen eating talking situations you wake up refreshed attacks you driving doing activities where falling asleep dangerous these attacks you can't control your muscles can't move strong emotions laughter anger trigger cataplexy attacks last 30 seconds 2 minutes you remain aware attack attack your head falls forward your jaw drops your knees buckle severe cases you fall stay paralyzed long several minutes you hear aren't there you fall asleep when you wake up hallucinations you afraid attack when you can't move your you start falling asleep when you wake up last up 15 minutes 1 involves having excessive daytime sleepiness cataplexy low level hypocretin 2 involves having excessive daytime sleepiness no cataplexy normal level hypocretin
Idiopathic hypersomnia,symptoms slowly teens young adulthood they symptoms daytime naps relieve drowsiness difficulty waking long sleep confused disoriented sleep drunkenness increased need sleep work meal conversation increased sleep up 14 18 hours anxiety irritated loss appetite low energy restlessness slow thinking speech trouble remembering
Natural short sleeper,natural short sleepers overly tired sleepy
Insomnia,common complaints symptoms insomnia who insomnia consumed thought getting enough sleep they try sleep frustrated upset they harder sleep lack restful sleep trouble falling asleep nights tired falling asleep refreshed when you wake up waking up several times sleep you tired unfocused hard daily activities put you risk auto accidents you driving sleepy pull break
Irregular sleep-wake syndrome,symptoms sleeping napping usual trouble falling asleep staying asleep night waking up night
Restless legs syndrome,rls unpleasant feelings your lower legs these feelings unstoppable urge move your legs you these sensations symptoms difficult sit air car travel classes meetings stress emotional upset symptoms worse rls rhythmic leg movements when they sleep condition called periodic limb movement disorder these symptoms hard sleep lack sleep creeping crawling bubbling pulling tugging burning searing aching throbbing pain itching gnawing tingling pins needles feet worse night when you lie down point interfere sleep keep you awake start worse when you lie down sit long periods last 1 hour longer upper legs feet arms relieved when you move stretch long you keep moving daytime sleepiness anxiety depression confusion difficulty thinking clearly
Sleepwalking,when sleepwalk they sit up they awake when they actually asleep they up walk they complex activities moving furniture going bathroom dressing undressing drive car they asleep episode brief few seconds minutes last 30 minutes longer episodes last 10 minutes they disturbed sleepwalkers go back sleep they fall asleep unusual symptoms sleepwalking acting confused disoriented when wakes up aggressive behavior when woken up else having blank face opening eyes sleep remembering sleep walking episode when they wake up performing detailed activity sleep sitting up awake sleep talking sleep saying sense walking sleep
Night terrors in children,night terrors common night midnight 2 m scream frightened confused they thrash violently aware their surroundings able respond being talked comforted awakened sweating breathing fast hyperventilating fast heart rate widened dilated pupils spell last 10 20 minutes then goes back sleep unable explain what happened next morning they no memory event when they wake up next night terrors sleep walk contrast nightmares common early morning they watches frightening movies tv emotional remember details dream waking up disoriented episode scream frightened confused they thrash violently aware their surroundings able respond being talked comforted awakened sweating breathing fast hyperventilating fast heart rate widened dilated pupils spell last 10 20 minutes then goes back sleep
Obstructive sleep apnea - adults,you osa you begin snoring heavily soon falling asleep osa know their breathing starts stops night sleep partner family members hear loud snoring gasping snorting snoring loud enough hear walls osa wake up gasping air sleep apnea problems snoring loud snoring interrupted long silent period your breathing stops silence followed loud snort gasp you attempt breathe pattern repeats throughout night wake up unrefreshed morning sleepy drowsy throughout act grumpy impatient irritable forgetful fall asleep working reading watching tv sleepy driving fall asleep driving hard-to-treat headaches depression hyperactive behavior especially difficult treat high blood pressure headaches especially morning
Allergies,mostly allergen touches determines what symptoms you times allergy trigger response involves entire allergens you breathe stuffy nose itchy nose throat mucus cough wheezing allergens touch eyes itchy watery red swollen eyes allergens touch skin skin rash hives itching blisters skin peeling medicine allergies food allergies involve whole variety symptoms
Allergic rhinitis,symptoms shortly you come into contact substance you allergic symptoms later itchy nose mouth eyes throat skin problems smell runny nose sneezing watery eyes stuffy nose nasal congestion coughing clogged ears decreased sense smell sore throat dark circles eyes puffiness eyes fatigue irritability headache
Transplant rejection,symptoms symptoms depend transplanted organ tissue patients who reject kidney urine patients who reject heart symptoms heart failure organ's function start decrease general discomfort uneasiness ill pain swelling organ rare fever rare flu-like symptoms chills aches nausea cough shortness breath
Autoimmune disorders,symptoms vary based location faulty immune response common symptoms fatigue fever general ill malaise joint pain rash
Food allergy,symptoms begin 2 hours eating symptoms begin longer eating food key symptoms food allergy hives hoarse voice wheezing symptoms symptoms mouth oral allergy syndrome severe reaction called anaphylaxis addition above symptoms you low blood pressure blocked airways life threatening swelling angioedema especially eyelids face lips tongue trouble swallowing breathing swelling throat itching mouth throat eyes skin lightheadedness fainting nasal congestion runny nose stomach cramps diarrhea nausea vomiting itchy lips tongue throat swollen lips
Immunodeficiency disorders,your might think you immunodeficiency disorder you signs symptoms depend disorder those decreased levels iga combined low levels certain igg subclasses likely problems involving lungs sinuses ears throat digestive tract â disorders their t cells likely severe fungal infections infections keep coming back go severe infection bacteria germs severe infection poor response treatment infections delayed incomplete recovery illness certain types cancers kaposi sarcoma non-hodgkin lymphoma certain infections forms pneumonia repeated yeast infections
Drug allergies,drug allergies minor skin rashes hives these symptoms right hours receiving drug serum sickness delayed reaction you exposed medicine vaccine drug allergies associated low blood counts common symptoms drug allergy symptoms anaphylaxis hives itching skin eyes common skin rash common swelling lips tongue face wheezing abdominal pain cramping confusion diarrhea difficulty breathing wheezing hoarse voice dizziness fainting lightheadedness hives parts nausea vomiting rapid pulse sensation heart beat palpitations
Serum sickness,unlike medicine allergies soon receiving medicine serum sickness 7 21 days exposure medicine symptoms 1 3 days they been exposed medicine symptoms serum sickness fever general ill hives itching joint pain swelling rash swollen lymph nodes
Guttate psoriasis,symptoms itching spots skin pinkish-red teardrops spots covered silver flaky skin called scales spots arms legs middle trunk areas
Folliculitis,common symptoms rash itching pimples pustules hair follicle neck groin genital pimples crust
Basal cell skin cancer,basal cell cancer grows slowly painless your normal skin you skin bump growth cases skin slightly raised flat you pearly waxy white light pink flesh-colored brown red scaly patch skin skin sore bleeds easily sore heal oozing crusting spots sore scar-like sore having injured irregular blood vessels spot sore depressed sunken middle
Carbuncle,carbuncle swollen lump mass skin size pea large golf ball carbuncle red irritated might hurt when you touch carbuncle symptoms these several days white yellow center contains pus weep ooze crust spread skin areas fatigue fever general discomfort sick skin itching carbuncle
Molluscum contagiosum,infection skin begins small painless papule bump raised pearly flesh-colored nodule papule dimple center scratching irritation virus spread line groups called crops papules 2 5 millimeters wide there no inflammation swelling redness no redness they been irritated rubbing scratching lesions commonly genitals abdomen inner thigh
Actinic keratosis,actinic keratosis face scalp back hands chest places sun skin changes begin flat scaly areas they white yellow crusty scale top growths gray pink red color your skin later they hard wart-like gritty rough affected areas easier
Birthmarks - pigmented,birthmark its own appearance signs birthmarks cafe-au-lait spots light tan color coffee milk moles small clusters colored skin cells mongolian spots called mongolian blue spots bluish bruised-looking theyâ lower back buttocks they areas trunk arms abnormally dark light skin growth hair pigmented skin skin lesion skin skin lumps textured skin smooth flat raised wrinkled
Squamous cell skin cancer,squamous cell cancer face ears neck hands arms areas main symptom growing bump rough scaly surface flat reddish patches earliest squamous cell carcinoma situ scaly crusted large reddish patch larger 1 inch 2 5 centimeters sore heal sign squamous cell cancer change existing wart mole skin lesion sign skin cancer
Scabies,symptoms scabies scabies doesn't affect face babies crusted scabies severe itching night rashes fingers toes undersides wrists armpits women's breasts buttocks sores skin scratching digging thin lines burrow marks skin babies likely rash especially head face neck sores palms soles
Vitiligo,flat areas normal-feeling skin pigment suddenly gradually these areas darker border edges well defined irregular vitiligo affects face elbows knees back hands feet genitals affects sides equally vitiligo noticeable darker-skinned because contrast white patches dark skin no skin changes
Pompholyx eczema,small fluid-filled blisters called vesicles fingers hands feet they common edges fingers toes palms soles these blisters itchy they scaly patches skin flake red cracked painful scratching skin changes skin thickening large blisters pain infected
Granuloma annulare,ga no symptoms rash slightly itchy notice ring small firm bumps papules backs forearms hands feet occasionally they number rings rare cases ga firm nodule skin arms legs cases rash spreads
Stasis dermatitis and ulcers,you symptoms venous insufficiency skin ankles lower legs thin tissue-like you slowly brown coloring skin skin irritated crack you scratch red swollen crusted weepy skin changes permanent skin sores ulcers called venous ulcer stasis ulcer these ankle dull aching heaviness leg pain worse when you stand walk swelling leg thickening hardening skin legs ankles lipodermatosclerosis bumpy cobblestone appearance skin skin turns dark brown
Dry skin,your skin dry scaly itchy red you fine cracks skin problem worse arms legs
Melasma,only symptom melasma change skin color color change distress your appearance skin color changes brown color they cheeks forehead nose upper lip dark patches symmetrical
Hereditary hemorrhagic telangiectasia,hht abnormal blood vessels several areas these vessels called arteriovenous malformations avms they skin they called telangiectasias common sites lips tongue ears fingers abnormal blood vessels brain lungs liver intestines areas symptoms syndrome frequent nosebleeds bleeding gastrointestinal tract gi loss blood stool dark black stools seizures unexplained small strokes bleeding into brain shortness breath enlarged liver heart failure anemia low iron
Body lice,lice severe itching itching reaction saliva insect's bite itching worse waist arms places where clothing tighter closer bra straps you red bumps your skin bumps scab crusty scratching skin waist groin thickened change color you been infected lice long
Dermatomyositis,symptoms muscle weakness come suddenly slowly weeks months you trouble raising your arms your head getting up sitting position climbing stairs rash your face knuckles neck shoulders upper chest back muscle weakness stiffness soreness problems swallowing purple color upper eyelids purple-red skin rash shortness breath difficulty swallowing
Head lice,symptoms head lice bad itching scalp small red bumps scalp neck shoulders bumps crusty ooze tiny white specks eggs nits bottom hair hard off
Pubic lice,pubic lice itching covered pubic hair itching worse night itching start soon getting infected lice start up 2 4 weeks contact symptoms local skin reactions bites skin turn red bluish-gray sores genital bites scratching
Epidermoid cyst,main symptom small non-painful lump beneath skin lump face neck trunk tiny hole pit center grows slowly painful lump infected inflamed symptoms skin redness tender sore skin warm skin affected grayish-white cheesy foul-smelling material drains cyst
Lamellar ichthyosis,babies li born clear shiny waxy layer skin called collodion membrane reason these babies known collodion babies membrane sheds 2 weeks life skin underneath membrane red scaly resembling surface fish li outer layer skin called epidermis cannot protect healthy epidermis baby li problems older li these symptoms difficulty feeding loss fluid dehydration loss balance minerals electrolyte imbalance breathing problems temperature stable skin body-wide infections giant scales cover decreased ability sweat causing sensitivity heat hair loss abnormal finger toenails skin palms solesâ thickened
Anaphylaxis,symptoms quickly seconds minutes they abdominal pain anxious chest discomfort tightness diarrhea difficulty breathing coughing wheezing high-pitched breathing sounds difficulty swallowing dizziness lightheadedness hives itchiness redness skin nasal congestion nausea vomiting palpitations slurred speech swelling face eyes tongue unconsciousness
Hives,symptoms hives itching swelling surface skin into red skin-colored welts called wheals clearly defined edges wheals bigger spread join together larger areas flat raised skin wheals change shape disappear reappear minutes hours unusual wheal last 48 hours dermatographism skin writing hives pressure skin immediate hives been pressed scratched
Angioedema,main symptom sudden swelling below skin surface welts swelling surface skin swelling eyes lips hands feet throat swelling line spread out welts painful itchy known hives urticaria they turn pale swell irritated deeper swelling angioedema painful symptoms abdominal cramping breathing difficulty swollen eyes mouth swollen lining eyes chemosis
Neurofibromatosis-1,nf1 tissue nerves grow uncontrollably growth put pressure affected nerves growths skin there cosmetic issues growths nerves parts they pain severe nerve damage loss function nerve affects problems movement depending nerves affected condition family who nf1 gene change coffee-with-milk cafã au lait spots hallmark symptom nf1 healthy small cafã au lait spots who six spots bigger 1 5 cm diameter 0 5 cm nf1 condition these spots only symptom symptoms tumors eye optic glioma seizures freckles underarm groin large soft tumors called plexiform neurofibromas dark color spread surface skin pain affected nerves small rubbery tumors skin called nodular neurofibromas
Cutaneous skin tag,tag sticks out skin short narrow stalk connecting surface skin skin tags long half inch 1 centimeter skin tags color skin little darker cases skin tag painless grow change irritated rubbing clothing materials places where skin tags neck underarms middle folds skin eyelids inner thighs areas
Keloids,keloid keloid tan darker skin exposed sun forms darker color go flesh-colored red pink located site wound injury lumpy ridged tender itchy irritated friction rubbing clothing
Melanoma,mole sore lump growth skin sign melanoma skin cancer sore growth bleeds changes color sign skin cancer abcde system help you remember possible symptoms melanoma another possible melanoma ugly duckling sign means melanoma spots stands out ugly duckling children's story asymmetry half abnormal half borders edges growth irregular color color changes another shades tan brown black white red blue mixture colors sore diameter spot larger 5 mm diameter size pencil eraser evolution mole keeps changing appearance
Erythema multiforme,symptoms em skin sores symptoms there forms em low-grade fever headache sore throat cough runny nose general ill itchy skin joint aches manyâ skin lesions sores abnormal areas â start quickly come back spread raised discolored hives central sore surrounded pale red rings called target iris bulls-eye liquid-filled bumps blisters various sizes located upper legs arms palms hands feet face lips evenly sides symmetrical bloodshot eyes dry eyes eye burning itching discharge eye pain mouth sores vision problems em minor involves skin mouth sores em major starts fever joint aches skin sores mouth sores there sores eyes genitals lung airways gut
Acanthosis nigricans,slowly doesn't symptoms skin changes eventually dark velvety skin visible markings creases armpits groin neck folds joints fingers toes lips palms soles feet areas affected these symptoms common cancer
Atopic dermatitis,skin changes location rash depend age intense itching common itching start rash atopic dermatitis called itch rashes because itching starts then skin rash follows scratching blisters oozing crusting dry skin areas bumpy skin back arms front thighs ear discharge bleeding raw areas skin scratching skin color changes color normal skin tone skin redness inflammation blisters thickened leather-like areas long-term irritation scratching younger age 2 rash begin face scalp hands feet rash itchy forms blisters ooze crust older rash knees elbow neck hands feet rash limited hands eyelids genitals rashes anywhere bad outbreak
Cellulitis,symptoms cellulitis fever chills sweating fatigue pain tenderness affected skin redness inflammation bigger infection spreads skin sore rash starts suddenly grows quickly 24 hours tight glossy stretched appearance skin warm skin redness muscle aches joint stiffness swelling tissue joint nausea vomiting
Tularemia,symptoms 3 5 days exposure illness starts suddenly continue several weeks symptoms begin symptoms fever chills sweating eye irritation calledâ conjunctivitis infection began eye headache joint stiffness muscle pain red spot skin growing sore ulcer shortness breath weight loss
Shingles,symptom pain tingling burning pain burning severe rash red patches skin followed small blisters symptoms you pain muscle weakness rash involving parts your face shingles affects nerve your face symptoms blisters break forming small sores begin dry crusts crusts fall off 2 3 weeks scarring rare rash involves narrow spine front abdomen chest rash involve face eyes mouth ears fever chills general ill headache joint pain swollen glands lymph nodes difficulty moving muscles face drooping eyelid ptosis hearing loss loss eye motion taste problems vision problems
Impetigo,symptoms impetigo blisters filled pus easy pop infants skin reddish raw-looking where blister broken blisters itch filled yellow honey-colored fluid ooze crust rash begin single spot spreads areas scratching skin sores face lips arms legs spread areas swollen lymph nodes infection patches impetigo
Syphilis,incubation period primary syphilis 14 21 days symptoms primary syphilis bacteria continue grow there few symptoms stage symptoms secondary syphilis start 4 8 weeks primary syphilis symptoms primary secondary syphilis resolve treatment point syphilis latent no symptoms years damaging organs tertiary syphilis tertiary syphilis untreated symptoms depend organs been affected they vary widely difficult diagnose symptoms small painless open sore ulcer called chancre genitals mouth skin rectum heals itself 3 6 weeks enlarged lymph nodes sore skin rash palms hands soles feet sores called mucous patches mouth vagina penis moist warty patches called condylomata lata genitals skin folds fever general ill loss appetite muscle joint pain swollen lymph nodes vision changes hair loss damage heart causing aneurysms valve disease central nervous system disorders neurosyphilis tumors skin bones liver
Balanitis,symptoms redness foreskin penis rashes head penis foul-smelling discharge painful penis foreskin
Skin abscess,symptoms fever chills cases local swelling infected spot hardened skin tissue skin lesion open closed sore raised redness tenderness warmth fluid pus drainage
Ecthyma,main symptom ecthyma small blister red border filled pus blister similar impetigo infection spreads deeper into skin blister goes crusty ulcer
Skin lesion of blastomycosis,skin symptoms when infection spreads their lungs papules pustules nodules frequently exposed areas pustules these skin lesions scarring loss skin color pigment they warts ulcers they painless they vary gray violet color ulcers bleed easily nose mouth
Lichen planus,mouth sores symptom lichen planus they skin sores another symptom lichen planus they symptoms lichen planus tender painful mild cases pain located sides tongue cheek gums bluish-white spots pimples lines lacy network gradually increase size painful ulcers inner wrist legs torso genitals extremely itchy sides symmetrical sharp borders alone clusters site skin injury covered thin white streaks scratch marks shiny scaly dark violet color blisters ulcers dry mouth hair loss metallic taste mouth ridges nails
Contact dermatitis,symptoms vary depending dermatitis allergic reaction irritant symptoms allergic reactions suddenly months years exposure contact dermatitis hands hair products cosmetics perfumes skin reactions face head neck jewelry skin problems itching common symptom case allergic dermatitis itching severe you red streaky patchy rash where substance touched skin allergic reaction delayed rash 24 48 hours exposure rash dermatitis irritant burning pain well itching irritant dermatitis dry red rough skin cuts fissures hands skin inflamed long-term exposure red bumps moist weeping blisters warm tender ooze drain crust scaly raw thickened
Nummular eczema,symptoms coin-shaped areas skin lesions red dry itchy scaly arms legs lesions spread middle lesions ooze crusty
Pityriasis rosea,attacks last 4 8 weeks symptoms disappear 3 weeks last long 12 weeks rash starts single large patch called herald patch several days skin rashes chest back arms legs skin rashes symptoms pink pale red oval shape scaly follow lines skin christmas tree pattern itch headache fatigue sore throat mild fever
Lichen simplex chronicus,lsc scratching then itching follows pattern symptoms start when rubs irritates scratches skin clothing begins rub scratch itchy constant scratching sleep skin thicken thickened skin itches scratching then thickening skin skin leathery brownish affected itching skin long-term chronic intense increases stress leathery texture skin raw areas skin scaling skin lesion patch plaque sharp borders leathery texture located ankle wrist back neck rectum anal forearms thighs lower leg back knee inner elbow
Acne,acne commonly face shoulders trunk arms legs buttocks skin changes crusting skin bumps cysts papules small red bumps pustules small red bumps containing white yellow pus redness skin eruptions scarring skin whiteheads blackheads
Hypersensitivity vasculitis,symptoms rash tender purple brownish-red spotsâ large areas skin sores mostly located legs buttocks trunk blisters skin hives urticaria last longer 24 hours open sores dead tissue necrotic ulcers
Athlete's foot,common symptom cracked flaking peeling skin toes foot symptoms fungus spreads your nails they discolored thick crumble athlete's foot fungal yeast skin infections jock itch red itchy skin burning stinging pain blisters ooze crusty
Jock itch,jock itch stays creases upper thigh involve scrotum penis jock itch spread anus causing anal itching discomfort symptoms red raised scaly patches blister ooze patches sharply-defined edges scale edges abnormally dark light skin these changes permanent
Ringworm of the body,rash begins small red raised spots pimples rash slowly ring-shaped red raised border clear center border scaly rash arms legs face exposed areas itchy
Ringworm of the scalp,ringworm involve scalp affected areas you low-grade fever 100â f 101â f 37 8â c 38 3â c swollen lymph nodes neck ringworm permanent hair loss lasting scars bald small black dots hair broken off round scaly areas skin red swollen inflamed pus-filled sores called kerions itchy
Rosacea,symptoms condition common symptoms tend severe redness face blushing flushing easily lot spider-like blood vessels telangiectasia face red nose bulbous appearance acne-like skin sores ooze crust burning stinging face irritated bloodshot watery eyes
Candida infection of the skin,candida infection skin intense itching symptoms red growing skin rash rash skin folds genitals middle buttocks breasts areas skin infection hair follicles pimples
Erythema nodosum,erythema nodosum common front shins areas buttocks calves ankles thighs arms lesions begin flat firm hot red painful lumps 1 inch 2 5 centimeters few days they purplish color several weeks lumps fade brownish flat patch symptoms fever general ill malaise joint aches skin redness inflammation irritation swelling leg affected
Pemphigus vulgaris,50 condition painful blisters sores mouth followed skin blisters skin sores come go skin sores described they located draining oozing crusting peeling easily detached mouth down throat scalp trunk skin areas
Bullous pemphigoid,disorder itchy skin severe cases there blisters called bullae blisters located arms legs middle rare cases blisters mouth blisters break open open sores ulcers
Seborrheic keratosis,symptoms seborrheic keratosis skin growths located face chest shoulders back areas lips palms soles painless irritated itchy tan brown black slightly raised flat surface rough texture wart waxy surface round oval piece bee's wax been pasted-on skin clusters
Warts,warts raised rough surface they round oval types warts spot where wart lighter darker your skin rare cases warts black warts smooth flat surfaces warts pain common warts hands they grow anywhere flat warts generally face forehead they common they common teens rare genital warts genitals pubic space thighs they vagina anal canal plantar warts soles feet they painful having them your feet problems walking running subungual periungual warts fingernails toenails mucosal papillomas mucous membranes mostly mouth vagina white
Genital warts,genital warts tiny you cannot them warts females genital warts males genital warts genital warts symptoms rare flesh-colored spots raised flat growths top cauliflower vagina anus vagina anus nearby skin cervix penis scrotum groin thighs anus lips mouth tongue throat increased dampness genital warts increased vaginal discharge genital itching vaginal bleeding sex
Pelvic inflammatory disease (PID),common symptoms pid symptoms pid you pid severe symptoms chlamydia pid no symptoms who ectopic pregnancy who infertile pid chlamydia ectopic pregnancy when egg grows uterus puts mother's life danger fever pain tenderness pelvis lower belly lower back fluid your vagina unusual color texture smell bleeding intercourse chills being tired pain when you urinate having urinate period cramps hurt usual last longer usual unusual bleeding spotting your period hungry nausea vomiting skipping your period pain when you intercourse
Ovarian cancer,ovarian cancer symptoms vague their doctors blame symptoms common conditions cancer diagnosed tumor spread ovaries your you symptoms daily basis few weeks symptoms bloating swelling belly difficulty eating full quickly early satiety pelvic lower abdominal pain heavy back pain swollen lymph nodes groin excessive hair growth coarse dark sudden urge urinate needing urinate usual increased urinary frequency urgency constipation
HELLP syndrome,symptoms fatigue unwell fluid retention excess weight gain headache nausea vomiting continues worse pain upper right mid abdomen blurry vision nosebleed bleeding stop easily rare seizures convulsions rare
Stress urinary incontinence,main symptom stress incontinence leaking urine when you physically active cough sneeze exercise stand sitting lying down position
Vaginal dryness,symptoms burning urination light bleeding intercourse painful sexual intercourse slight vaginal discharge vaginal soreness itching burning
Cervical cancer,early cervical cancer no symptoms symptoms cervical cancer spread vagina lymph nodes bladder intestines lungs bones liver there no problems symptoms cancer advanced spread symptoms advanced cervical cancer abnormal vaginal bleeding periods intercourse menopause vaginal discharge stop pale watery pink brown bloody foul-smelling periods heavier last longer usual abdominal pain back pain bone pain fractures fatigue leaking urine feces vagina leg pain loss appetite pelvic pain single swollen leg weight loss
Menopause,symptoms vary they last 5 years symptoms worse others symptoms surgical menopause severe start suddenly you notice periods start change they might might their period 3 weeks starting skip periods you irregular periods 1 3 years they stop completely common symptoms menopause symptoms menopause menstrual periods eventually stop heart pounding racing hot flashes worst 1 2 years night sweats skin flushing sleeping problems insomnia decreased interest sex changes sexual response forgetfulness headaches mood swings irritability depression anxiety urine leakage vaginal dryness painful sexual intercourse vaginal infections joint aches pains irregular heartbeat palpitations
Ectopic pregnancy,symptoms ectopic pregnancy abnormal pregnancy ruptures bleeds symptoms worse they abnormal vaginal bleeding mild cramping pelvis no periods pain lower belly pelvic fainting faint intense pressure rectum low blood pressure pain shoulder severe sharp sudden pain lower abdomen
Gestational diabetes,there no symptoms diagnosis routine prenatal screening mild symptoms increased thirst shakiness these symptoms dangerous pregnant symptoms blurred vision fatigue frequent infections those bladder vagina skin increased thirst increased urination
Vulvovaginitis,symptoms irritation itching genital inflammation irritation redness swelling genital vaginal discharge foul vaginal odor discomfort burning when urinating
Preeclampsia,who preeclampsia sick symptoms preeclampsia note swelling feet ankles considered normal pregnancy symptoms severe preeclampsia swelling hands face areas eyes periorbitalâ edema sudden weight gain 1 2 days 2 pounds 0 9 kg headache go worse trouble breathing belly pain right below ribs pain right shoulder confused heartburn gallbladder pain stomach virus kicking baby urinating usual nausea vomiting worrisome sign vision changes temporary blindness flashing lights spots sensitivity light blurry vision lightheaded faint
Eclampsia,symptoms eclampsia these symptoms preeclampsia seizure seizures severe agitation unconsciousness altered mental status confusion headaches nausea vomiting stomach pain swelling hands face vision problems loss vision blurred vision double vision missing areas visual field
Placenta previa,main symptom placenta previa sudden bleeding vagina cramps bleeding starts end trimester beginning trimester bleeding severe life threatening stop its own start days weeks later labor starts several days heavy bleeding bleeding labor starts
Vulvar cancer,condition itching vagina years they skin creams they bleeding discharge their periods skin changes vulva symptoms vulvar cancer no symptoms mole freckle pink red white gray skin thickening lump skin sore ulcer especially non healing pain burning urination pain intercourse unusual odor
Abnormal uterine bleeding,aub unpredictable bleeding heavy light randomly symptoms aub symptoms changes hormone levels tired fatigued she loses too blood symptom anemia bleeding spotting vagina periods periods 28 days apart common 35 days apart periods changes heavier bleeding passing large clots needing change protection night soaking sanitary pad tampon hour 2 3 hours row bleeding lasts days normal 7 days excessive growth hair male pattern hirsutism hot flashes mood swings tenderness dryness vagina
Miscarriage - threatened,symptoms threatened miscarriage note miscarriage low back pain abdominal pain dull sharp constant intermittent tissue clot-like material pass vagina vaginal bleeding 20 weeks pregnancy last menstrual period 20 weeks ago vaginal bleeding almost threatened miscarriages abdominal cramps abdominal cramps absence significant bleeding consult your check problems threatened miscarriage
Hydatidiform mole,symptoms molar pregnancy abnormal growth uterus bigger smaller usual severe nausea vomiting vaginal bleeding 3 months pregnancy symptoms hyperthyroidism heat intolerance â loose stools rapid heart rate restlessnessâ nervousness warm moist skin trembling hands unexplained weight loss symptoms similar preeclampsia trimester early trimester high blood pressure swelling feet ankles legs almost sign hydatidiform mole because preeclampsia extremely rare early normal pregnancy
Endometrial cancer,symptoms endometrial cancer abnormal bleeding vagina bleeding periods spotting bleeding menopause extremely long heavy frequent episodes vaginal bleeding age 40 lower abdominal pain pelvic cramping
Fetal alcohol syndrome,baby fas symptoms poor growth baby womb birth decreased muscle tone poor coordination delayed developmental milestones vision difficulties nearsightedness myopia hyperactivity anxiety extreme nervousness short attention span
Fibrocystic breasts,symptoms worse right your menstrual period they tend better your period starts you heavy irregular periods your symptoms worse you birth control pills you fewer symptoms cases symptoms better menopause symptoms you lump breast larger period returns its original size afterward lump moves when pushed your fingers stuck fixed tissue lump common fibrocystic breasts pain discomfort breasts come go your period last whole breasts full swollen heavy pain discomfort arms breast lumps change size menstrual period
Breast cancer,early breast cancer symptoms why regular breast cancer screening important cancers don't symptoms earlier cancer grows symptoms breast cancer symptoms breast lump breast pain breast tenderness symptoms advanced breast cancer breast lump lump armpit hard uneven edges hurt change size shape breast nipple you redness dimpling puckering skin orange fluid nipple fluid bloody clear yellow green pus bone pain shortness breath swelling lymph nodes armpit next breast cancer weight loss
Uterine fibroids,common symptoms uterine fibroids you fibroids symptoms your them physical exam test fibroids shrink no symptoms who gone menopause recent study small fibroids shrink premenopausal bleeding periods heavy bleeding your period blood clots periods last longer normal needing urinate pelvic cramping pain periods fullness pressure your lower belly pain intercourse
Endometriosis,pain main symptom endometriosis you symptoms endometriosis you symptoms lot tissue their pelvis no pain milder disease severe pain painful periods cramps pain your lower belly begin your period cramps steady range dull severe pain sexual intercourse pain urination pain bowel movements long-term pelvic low back pain last 6 months heavy menstrual bleeding bleeding periods infertility difficulty getting staying pregnant
Generalized anxiety disorder,main symptom frequent worry tension least 6 months when there little no clear worries float problem another problems involve family relationships work school money when they aware worries fears stronger appropriate situation gad difficulty controlling them symptoms gad physical symptoms these muscle tension upset stomach sweating difficulty breathing problems concentrating fatigue irritability problems falling staying asleep sleep restless unsatisfying restlessness when awake
Persistent depressive disorder,main symptom pdd low dark sad mood days least 2 years teens mood irritable depressed lasts least 1 addition symptoms almost pdd negative discouraging view themselves their future life events problems hard solve feelings hopelessness too little too sleep low energy fatigue low self-esteem poor appetite overeating poor concentration
Conduct disorder,conduct disorder tend impulsive hard control concerned feelings symptoms these no effort hide their aggressive behaviors they hard making real friends breaking rules clear reason cruel aggressive behavior animals bullying fighting dangerous weapons forcing sexual activity stealing going school truancy beginning age 13 heavy drinking drug intentionally setting fires lying favor avoid they running vandalizing destroying property
Schizoid personality disorder,schizoid personality disorder distant detached avoids social activities involve emotional closeness want enjoy relationships family members
Antisocial personality disorder,antisocial personality disorder able act witty charming good flattery manipulating people's emotions break law repeatedly disregard safety self others problems substance abuse lie steal fight guilt remorse angry arrogant
Agoraphobia,agoraphobia you avoid places situations because you safe public places fear worse when crowded symptoms agoraphobia physical symptoms being afraid spending alone being afraid places where escape might hard being afraid losing control public depending others detached separated others helpless real environment real having unusual temper agitation staying house long periods chest pain discomfort choking dizziness fainting nausea stomach distress racing heart short breath sweating trembling
Panic disorder,panic attack begins suddenly peaks 10 20 minutes symptoms continue hour panic attack mistaken heart attack panic disorder lives fear another attack afraid alone medical help panic disorder least 4 symptoms attack panic attacks change behavior function home school work disorder worry effects their panic attacks panic disorder misuse alcohol substances they sad depressed panic attacks cannot predicted least early stages disorder there no trigger starts attack recalling attack trigger panic attacks chest pain discomfort dizziness faint fear dying fear losing control impending doom choking feelings detachment feelings unreality nausea upset stomach numbness tingling hands feet face palpitations fast heart rate pounding heart sensation shortness breath smothering sweating chills hot flashes trembling shaking
Post-traumatic stress disorder,there 4 types ptsd symptoms 1 reliving event disturbs day-to-day activity 2 avoidance 3 hyperarousal 4 negative thoughts mood feelings you symptoms anxiety stress tension flashback episodes event happening repeated upsetting memories event repeated nightmares event strong uncomfortable reactions situations remind you event emotional numbing you detached able remember important parts event interested normal activities your moods avoiding places thoughts remind you event you no future scanning your surroundings signs danger hypervigilance able concentrate startling easily irritable having outbursts anger trouble falling staying asleep constant guilt event survivor guilt blaming others event being able recall important parts event loss interest activities agitation excitability dizziness fainting your heart beat your chest headache
Bipolar disorder,manic phase last days months these symptoms depressive episode these symptoms bipolar disorder high risk suicide they alcohol substances bipolar symptoms worse increase risk suicide episodes depression common episodes mania pattern bipolar disorder easily distracted excess involvement activities little need sleep poor judgment poor temper control lack self-control reckless behavior drinking illegal drugs excess having increased risky sex gambling spending giving lot money irritable mood racing thoughts talking lot false beliefs self abilities rapid speech concerns true delusions daily low mood sadness problems concentrating remembering making decisions eating problems loss appetite weight loss overeating weight gain fatigue lack energy feelings worthlessness hopelessness guilt loss pleasure activities enjoyed loss self-esteem thoughts death suicide trouble getting sleep sleeping too pulling friends activities enjoyed depression mania symptoms together called mixed state symptoms right called rapid cycling
Schizophrenia,symptoms slowly months years symptoms only few schizophrenia trouble keeping friends jobs they problems anxiety depression suicidal thoughts behaviors early symptoms illness continues problems thinking emotions behavior irritable tense feelings trouble concentrating trouble sleeping hearing there hallucinations isolation reduced emotions tone voice expression face problems understanding making decisions problems paying attention activities strongly held beliefs real delusions talking sense
Obsessive-compulsive disorder,ocd repeated thoughts urges mental images anxiety these called obsessions they perform repeated behaviors response their thoughts obsessions these called compulsions who habits rituals they perform ocd ocd ocd tic disorder excessive fear germs forbidden thoughts related sex religion harm others self need order checking rechecking actions turning out lights locking door excessive counting ordering certain repeatedly washing hands ward off infection repeating words silently praying silently able control their thoughts behaviors when they understand they excessive spends least hour these thoughts behaviors pleasure performing behavior ritual perhaps brief relief anxiety major problems daily life these thoughts rituals eye blinking facial grimacing shoulder shrugging head jerking repeated clearing throat sniffing grunting sounds
Schizoaffective disorder,symptoms schizoaffective disorder schizoaffective disorder seek treatment problems mood daily function abnormal thoughts psychosis mood problems themselves disorder involve cycles severe symptoms followed improvement symptoms schizoaffective disorder changes appetite energy disorganized speech logical false beliefs delusions thinking trying harm you paranoia thinking special messages hidden common places delusions reference lack concern hygiene grooming mood too good depressed irritable problems sleeping problems concentration sadness hopelessness hearing there hallucinations social isolation speaking quickly others cannot interrupt you
Adjustment disorder,symptoms adjustment disorder severe enough affect work social life symptoms adjustment disorder you must symptoms severe thoughts suicide suicide attempt acting defiant impulsive behavior acting nervous tense crying sad hopeless possibly withdrawing skipped heartbeats physical complaints trembling twitching symptoms clearly come stressor 3 months symptoms severe expected there disorders involved symptoms normal grieving death loved
Major depression with psychotic features,psychotic depression symptoms depressionâ psychosis psychosis loss contact reality types delusions hallucinations related your depressed feelings hear voices criticizing them telling them they don't deserve live false beliefs their believing they cancer delusions false beliefs what taking who hallucinations hearing aren't there
Narcissistic personality disorder,disorder react criticism rage shame humiliation advantage achieve his her own goals excessive feelings self-importance exaggerate achievements talents preoccupied fantasies success power beauty intelligence ideal love unreasonable expectations favorable treatment need constant attention admiration disregard feelings others little ability empathy obsessive self-interest pursue mainly selfish goals
Borderline personality disorder,bpd lack confidence how they view themselves how they judged others their interests values change rapidly they tend view terms extremes good bad their views change quickly who up down next these suddenly shifting feelings intense unstable relationships symptoms bpd intense fear being abandoned can't tolerate being alone feelings emptiness boredom displays inappropriate anger impulsiveness substance sexual relationships self-injury wrist cutting overdosing
Paranoid personality disorder,ppd suspicious they severely limit their social lives they they danger evidence support their suspicions they trouble their distrust out proportion their environment common symptoms concern hidden motives thinking they exploited harmed others able work together others social isolation detachment hostility
Personality disorders,symptoms vary widely depending personality disorder general personality disorders involve feelings thoughts behaviors don't adapt well wide range settings these patterns begin teens problems social work situations severity these conditions ranges mild severe
Avoidant personality disorder,disorder cannot stop thinking their own shortcomings they relationships only they believe they rejected loss rejection painful these choose lonely rather risk trying connect others avoidant personality disorder easily hurt when criticize disapprove them hold back too intimate relationships reluctant involved avoid activities jobs involve contact others shy social situations out fear doing wrong potential difficulties worse they hold view they good socially good unappealing
Dependent personality disorder,disorder don't trust their own ability decisions they upset separation loss they go great lengths suffering abuse stay relationship symptoms dependent personality disorder avoiding being alone avoiding personal responsibility becoming easily hurt criticism disapproval becoming overly focused fears being abandoned becoming passive relationships upset helpless when relationships end having difficulty making decisions support others having problems expressing disagreements others
Obsessive-compulsive personality disorder,ocpd symptoms obsessive-compulsive disorder ocd ocd unwanted thoughts ocpd believe their thoughts correct addition ocd begins childhood ocpd starts teen years early 20s ocpd ocd high achievers sense urgency their actions they upset interfere their rigid routines they able express their anger directly ocpd feelings they consider appropriate anxiety frustration ocpd symptoms perfectionism begin early adulthood perfectionism interfere person's ability complete tasks because their standards rigid they withdraw emotionally when they able control situation interfere their ability solve problems relationships signs ocpd over-devotion work being able throw when objects no value lack flexibility lack generosity wanting allow willing affection preoccupation details rules
Alcohol use disorder,providers symptoms diagnosed alcohol disorder symptoms drinking longer you planned times wanting trying cut down stop drinking spending lot effort alcohol recover its effects craving alcohol having strong urge missing work school performing well because drinking continuing drink when harms your relationships family friends no longer taking activities you enjoy getting into situations you hurt driving machinery having unsafe sex drinking continuing drink making problem alcohol worse needing alcohol its effects drunk called tolerance getting withdrawal symptoms when effects alcohol wear off
Major depression,depression change distort you yourself your life those you depression you negative hard you imagine problem situation solved positive symptoms depression depression teens harder recognize problems school behavior alcohol drug signs depression severe you hallucinations delusions false beliefs condition called depression psychotic features agitation restlessness irritability anger becoming withdrawn isolated fatigue lack energy hopeless helpless worthless guilty self-hate loss interest pleasure activities enjoyed sex sudden change appetite weight gain loss thoughts death suicide trouble concentrating trouble sleeping sleeping too
Cocaine intoxication,symptoms cocaine intoxication higher doses overdose severe symptoms cocaine cut mixed substances when â additional symptoms feeing high excited talking rambling bad happening anxiety agitation restlessness confusion muscle tremors face fingers enlarged pupils don't smaller when light shines into eyes increased heart rate blood pressure lightheadedness paleness nausea vomiting fever sweating seizures loss awareness surroundings loss urine control high temperature severe sweating high blood pressure fast heart rate irregular heart rhythm bluish color skin fast difficulty breathing death
Cocaine withdrawal,symptoms cocaine withdrawal craving depression last months stopping long-term heavy withdrawal symptoms associated suicidal thoughts withdrawal there powerful intense cravings cocaine high associated ongoing pleasant produce fear extreme suspicion rather euphoria cravings remain powerful agitation restless behavior depressed mood fatigue general discomfort increased appetite vivid unpleasant dreams slowing activity psychomotor retardation
Opioid intoxication,symptoms depend how drug symptoms opioid intoxication altered mental status confusion delirium decreased awareness responsiveness breathing problems breathing slow eventually stop extreme sleepiness loss alertness nausea vomiting small pupils
Opiate and opioid withdrawal,early symptoms withdrawal late symptoms withdrawal these symptoms uncomfortable life threatening symptoms start 12 hours last heroin usage 30 hours last methadone exposure agitation anxiety muscle aches increased tearing insomnia runny nose sweating yawning abdominal cramping diarrhea dilated pupils goosebumps nausea vomiting
Barbiturate intoxication and overdose,symptoms barbiturate intoxication overdose excessive long-term barbiturates phenobarbital produce chronic symptoms altered level consciousness difficulty thinking drowsiness coma faulty judgment lack coordination shallow breathing slow slurred speech sluggishness staggering difficulty balance changes alertness decreased functioning irritability memory loss
Marijuana intoxication,intoxicating effects marijuana relaxation sleepiness mild euphoria getting high smoking marijuana fast predictable signs symptoms eating marijuana slower predictable effects marijuana undesirable effects increase higher doses these effects serious effects panic paranoia acute psychosis common users those who psychiatric disease degree these effects varies well amount strength marijuana marijuana contaminated dangerous drugs serious effects marijuana confirmed cases exceedingly rare reports us turned out false agricultural products marijuana contaminated pesticides microbes heavy metals these contaminants serious effects decreased short-term memory dry mouth impaired perception motor skills red eyes
Nicotine and tobacco,nicotine effects symptoms nicotine withdrawal 2 3 hours you last tobacco who smoked longest smoked greater number cigarettes likely withdrawal symptoms those who quitting symptoms peak 2 3 days later common symptoms you notice these symptoms when switching regular low-nicotine cigarettes reducing number cigarettes you smoke decrease appetite fear weight gain unwilling stop smoking boost mood sense well-being possibly relieve minor depression increase activity intestines create saliva phlegm increase heart rate 10 20 beats minute increase blood pressure 5 10 mm hg possibly sweating nausea diarrhea stimulate memory alertness who tobacco depend help them accomplish certain tasks perform well â intense craving nicotine anxiety depression drowsiness trouble sleeping bad dreams nightmares tense restless frustrated headaches increased appetite weight gain problems concentrating
Functional neurological disorder,fnd variety symptoms affect movement senses thinking vision problems double vision blindness speech problems slurred speech loss speech numbness loss sensation hearing problems memory problems trouble concentrating pain fatigue weakness paralysis tremors spasms jerkiness tics involuntary repetitive movements difficulty walking loss balance difficulty swallowing seizures episodes shaking loss consciousness epilepsy
Somatic symptom disorder,physical symptoms ssd symptoms mild severe there symptoms they come go change symptoms medical condition they no clear how behave response these physical sensations main symptoms ssd these reactions must persist 6 months ssd pain fatigue weakness shortness breath extreme anxiety symptoms concern mild symptoms sign serious disease go multiple tests procedures believe they normal their symptoms seriously enough done good job treating problem spend lot energy dealing concerns trouble functioning because thoughts feelings behaviors symptoms
Phobia - simple/specific,being exposed feared object thinking being exposed anxiety reaction you avoid settings you come into contact feared object animal you avoid driving tunnels tunnels your phobia avoidance interfere your job social life fear anxiety stronger real threat you sweat excessively problems controlling your muscles actions fast heart rate
Social anxiety disorder,social anxiety disorder anxious self-conscious everyday social situations they intense persistent chronic fear being watched judged others doing embarrass them they worry days weeks dreaded situation fear severe interferes work school ordinary activities hard keep friends common fears disorder physical symptoms social anxiety disorder shyness shy able participate social functions social anxiety disorder affects ability function work relationships attending parties social occasions eating drinking writing public meeting speaking public public restrooms blushing difficulty talking nausea profuse sweating trembling
Intussusception â?? children,sign intussusception sudden loud crying abdominal pain pain colicky continuous intermittent comes back pain stronger last longer returns infant severe abdominal pain draw knees chest crying symptoms bloody mucus-like bowel movement called currant jelly stool fever shock pale color lethargy sweating stool mixed blood mucus vomiting
Croup,main symptom croup cough sounds seal barking mild cold low grade fever several days having barking cough hoarse voice cough frequent trouble breathing stridor harsh crowing noise when breathing croup typically worse night lasts 3 7 nights night worst rarely croup last weeks talk your child's croup lasts longer comes back
Hernia,there no symptoms visible bulge discomfort pain discomfort worse when standing straining lifting heavy objects common complaint bump sore growing when hernia bigger small intestine stuck hole lose its blood supply called strangulation pain swelling site strangulation symptoms when surgery needed right nausea vomiting being able pass gas bowel movements
Esophageal atresia,symptoms ea bluish coloration skin cyanosis attempted feeding coughing gagging choking attempted feeding drooling vomiting poor feeding
Seborrheic dermatitis,seborrheic dermatitis several areas forms where skin oily greasy common areas scalp eyebrows eyelids creases nose lips behind ears outer ear middle chest general symptoms seborrheic dermatitis skin lesions scales plaques large greasy oily areas skin skin scales white flaking yellowish oily sticky dandruff itching itchy infected mild redness
Diaper rash,you notice your child's diaper older infants scratch when diaper removed diaper rashes spread edge diaper bright red rash bigger veryâ red scaly areas scrotum penis red scaly areas labia vagina pimples blisters ulcers large bumps sores filled pus smaller red patches called satellite lesions grow blend patches
Hand-foot-mouth disease,contact virus start symptoms 3 7 days symptoms fever headache loss appetite rash small blisters hands feet diaper tender painful when pressed sore throat ulcers throat tonsils mouth tongue
Breath-holding spell,breath-holding spells when suddenly upset surprised short gasp exhales stops breathing child's nervous system slows heart rate breathing short amount breath holding spells thought willful act defiance they temper tantrums symptoms normal breathing starts brief period unconsciousness child's color improves breath several times only rare occasions blue cyanosis pale skin crying then no breathing fainting loss alertness unconsciousness jerky movements short seizure-like movements
Roseola,becoming infected beginning symptoms incubation period 5 15 days symptoms 2 4 days becoming sick child's fever lowers rash rash rash lasts few hours 2 3 days itch eye redness irritability runny nose sore throat high fever comes quickly high 105â f 40 5â c last 3 7 days starts middle spreads arms legs neck face pink rose-colored small sores slightly raised
Herpangina,symptoms ulcers white whitish-gray base red border they painful cases there only few sores fever headache loss appetite sore throat painful swallowing ulcers mouth throat similar sores feet hands buttocks
Pyloric stenosis in infants,vomiting symptom symptoms several weeks birth vomiting feeding only feedings vomiting starts 3 weeks age start 1 5 months age vomiting forceful projectile vomiting infant hungry vomiting wants feed abdominal pain burping constant hunger dehydration worse vomiting worse failure gain weight weight loss wave-like motion abdomen shortly feeding vomiting
Developmental dysplasia of the hip,there no symptoms symptoms newborn 3 months age affected leg turn outward shorter leg begins walking symptoms leg hip problem turn out reduced movement dislocation shorter leg hip dislocation uneven skin folds thigh buttocks waddling limping walking shorter leg walks their toes child's lower back rounded inward
Slipped capital femoral epiphysis,symptoms difficulty walking walking limp came quickly trauma knee pain hip pain hip stiffness outward-turning leg restricted hip movements
Undescended testicle,there no symptoms absence testicle scrotum called empty scrotum
Scarlet fever,infection symptoms short 1 2 days illness likely begin fever sore throat rash neck chest then spreads say sandpaper texture rash important appearance confirm diagnosis rash last rash fades skin fingertips toes groin peel symptoms abdominal pain bright red color creases underarm groin chills fever general discomfort malaise headache muscle aches sore throat swollen red tongue strawberry tongue vomiting
Bronchiolitis,few mild symptoms bronchiolitis begins mild upper respiratory infection 2 3 days breathing problems wheezing cough symptoms bluish skin lack oxygen cyanosis emergency treatment needed breathing difficulty wheezing shortness breath cough fatigue fever muscles ribs sink tries breathe called intercostal retractions infant's nostrils wide when breathing rapid breathing tachypnea
Periorbital cellulitis,symptoms condition affect vision eye pain redness eye white eye swelling eyelid whites eyes surrounding
Fifth disease,early symptoms fifth disease followed rash face joint pain swelling commonly fever headache runny nose tell-tale sign illness bright-red cheeks called slapped-cheek rash rash arms legs middle itch rash comes goes disappears 2 weeks fades center outwards lacy
Ear wax,common symptoms earache fullness ear sensation ear plugged noises ear tinnitus partial hearing loss worse
Febrile seizures,febrile seizure mild child's eyes rolling limbs stiffening simple febrile seizure stops itself few seconds 10 minutes followed brief period drowsiness confusion symptoms seizure lasting longer 15 minutes illness normal febrile seizure diagnose febrile seizure tonic-clonic seizure history seizure disorders epilepsy tonic-clonic seizure involves entire infants young important rule out first-time seizure especially meningitis bacterial infection covering brain spinal cord sudden tightening contraction muscles sides child's muscle tightening last several seconds longer cry moan standing fall vomit bite their tongue breathe begin turn blue child's then begin jerk rhythmically respond parent's voice urine passed
Toxic synovitis,symptoms aside hip discomfort ill hip pain only limp thigh pain front middle thigh knee pain low-grade fever 101â f 38 33â c only walking toes refusing walk normally
Dehydration,signs mild moderate dehydration signs severe dehydration thirst dry sticky mouth urinating darker yellow urine dry cool skin headache muscle cramps urinating dark yellow amber-colored urine dry shriveled skin irritability confusion dizziness lightheadedness rapid heartbeat rapid breathing sunken eyes listlessness shock enough blood flow unconsciousness delirium
Nursemaid's elbow,when injury begins crying right refuses arm because elbow pain hold arm slightly bent flexed elbow pressed up their belly abdominal move shoulder elbow stop crying pain goes continue refuse move their elbow
Retropharyngeal abscess,symptoms breathing difficulty difficulty swallowing drooling high fever high-pitched sound when inhaling stridor muscles ribs pull when breathing intercostal retractions severe throat pain difficulty turning head
Volvulus - childhood,common symptoms volvulus symptoms severe require emergency early treatment critical survival bloody dark red stools constipation difficulty releasing stools distended abdomen pain tenderness abdomen nausea vomiting shock vomiting green material
Peritonsillar abscess,tonsils infected infection spread tonsil then spread down into neck chest swollen tissues block airway life-threatening medical emergency abscess break open rupture into throat contents abscess travel into lungs pneumonia symptoms peritonsillar abscess fever chills severe throat pain ear pain abscess difficulty opening mouth pain opening mouth swallowing problems drooling inability swallow saliva facial neck swelling fever headache muffled voice tender glands jaw throat neck stiffness
Umbilical hernia,hernia vary width 1 centimeter cm 5 cm 1 2 2 inches there soft swelling belly button bulges when baby sits up cries strains bulge flat when infant lies back quiet umbilical hernias painless
Tracheitis,symptoms deep cough similar croup difficulty breathing high fever high-pitched breathing sound stridor
Kawasaki disease,kawasaki disease begins fever 102â f 38 9â c higher go fever high 104â f 40â c fever lasting least 5 days common sign disorder fever last up 2 weeks fever come down normal doses acetaminophen tylenol ibuprofen symptoms additional symptoms bloodshot red eyes pus drainage bright red chapped cracked lips red mucous membranes mouth strawberry tongue white coating tongue visible red bumps back tongue red swollen palms hands soles feet skin rashes middle blister-like peeling skin genital hands feet mostly nails palms soles swollen lymph nodes neck only lymph node swollen joint pain swelling sides irritability diarrhea vomiting abdominal pain cough runny nose
Asthma in children,breathing problems common they when your having hard breathing skin chest neck suck inward symptoms asthma your child's asthma symptoms vary symptoms only when triggers likely asthma symptoms night shortness breath out breath gasping air trouble breathing out exhaling breathing faster normal coughing wakes up night only symptom dark bags eyes tired irritability tightness chest whistling sound when breathing wheezing you notice when your breathes out
Failure to thrive,who fail thrive grow normally compared age they smaller shorter teenagers usual changes puberty symptoms failure thrive delayed slow who fail thrive babies who fail gain weight lack interest feeding problem receiving proper amount nutrition called poor feeding symptoms fails thrive height weight head circumference match standard growth charts weight lower percentile standard growth charts 20 below ideal weight their height growth slowed stopped physical skills rolling sitting standing walking mental social skills secondary sexual characteristics delayed adolescents constipation excessive crying excessive sleepiness lethargy irritability
Gastroschisis,gastroschisis prenatal ultrasound when baby born there hole abdominal wall small intestine abdomen umbilical cord organs abdomen large intestine stomach gallbladder intestine irritated exposure amniotic fluid baby problems absorbing food
Diskitis,symptoms abdominal pain back pain difficulty getting up standing fever typically 102â f 38 9â c lower increased curvature back irritability neck pain sweating night recent flu-like symptoms refusal sit up stand walk younger stiffness back
Omphalocele,omphalocele clearly because abdominal contents stick out belly button there sizes omphaloceles small ones only intestines remain larger ones liver organs well
Jaundice and breastfeeding,your child's skin possibly whites eyes sclerae yellow
Spinal muscular atrophy,symptoms sma vary depending sma weakness shoulder leg muscles weakness worse eventually severe symptoms infant symptoms sma nerves control sensory nerves affected disease normally infants sma i born little muscle tone weak muscles feeding breathing problems infants sma ii symptoms age 6 months 2 years iii sma milder disease starts childhood adolescence slowly worse iv milder weakness starting adulthood breathing difficulty shortness breath labored breathing lack oxygen feeding difficulty food go into windpipe stomach floppy infant poor muscle tone lack head control little movement weakness worse frequent increasingly severe respiratory infections nasal speech posture worse
Down syndrome,down syndrome symptoms vary range mild severe no matter how severe condition down syndrome widely-recognized appearance head smaller normal abnormally shaped head round flat back inner corner eyes rounded pointed common physical signs physical development slower normal down syndrome reach average height delayed mental social development common problems down syndrome grow aware their limitations they frustration anger medical conditions down syndrome decreased muscle tone birth excess skin nape neck flattened nose separated joints bones skull sutures single crease palm hand small ears small mouth upward slanting eyes wide short hands short fingers white spots colored eye brushfield spots impulsive behavior poor judgment short attention span slow learning birth defects involving heart atrial septal defect ventricular septal defect dementiaâ eye problems cataracts down syndrome need glasses early massive vomiting sign gastrointestinal blockage esophageal atresia duodenal atresia hearing problems probably repeated ear infections hip problems risk hipâ dislocation long-term chronic constipation problems sleep apnea because mouth throat airway narrowed down syndrome teeth later normal location problems chewing underactive thyroid hypothyroidism
Canker sore,canker sores inner surface cheeks lips tongue upper surface mouth base gums symptoms common symptoms pain goes 7 10 days 1 3 weeks canker sore completely heal large ulcers longer heal painful red spots bumps into open ulcer white yellow center small size inch 1 centimeter gray color healing starts fever general discomfort uneasiness malaise swollen lymph nodes
High blood pressure and eye disease,hypertensive retinopathy symptoms late disease symptoms sudden symptoms medical emergency means blood pressure high double vision dim vision vision loss headaches
Age-related macular degeneration,you symptoms disease worse you problems your central vision symptoms dry amd common symptom dry amd blurred vision objects center your vision distorted dim colors faded you trouble reading print details you well enough walk daily activities dry amd worse you need light read everyday tasks blurred spot center vision gradually larger darker later stages dry amd you able recognize faces they symptoms wet amd common early symptom wet amd straight lines distorted wavy there small dark spot center your vision larger types amd central vision loss quickly happens you need right ophthalmologist sure eye treating problems retina
Cataract - adult,cataracts slowly painlessly vision affected eye slowly worse problems cataracts decreased vision daylight cataracts similar changes eyes eye worse there only mild vision changes mild clouding lens age 60 vision problems age 75 cataracts affect their vision being sensitive glare cloudy fuzzy foggy filmy vision difficulty night dim light double vision loss color intensity problems shapes background difference shades colors halos lights frequent changes eyeglass prescriptions
Color blindness,symptoms vary symptoms mild know they color blind parent notice signs color blindness when young learning colors rapid side-to-side eye movements nystagmus symptoms severe cases trouble colors brightness colors usual inability tell difference shades similar colors
Scleritis,symptoms scleritis rare disease no eye pain redness blurred vision eye pain tenderness severe red patches normally white eye sensitivity light painful tearing eye
Strabismus,symptoms strabismus come go symptoms important note aware double vision because amblyopia quickly crossed eyes double vision eyes aim direction uncoordinated eye movements eyes move together loss vision depth perception
Uveitis,uveitis affect eyes symptoms depend uvea inflamed symptoms rapidly blurred vision dark floating spots vision eye pain redness eye sensitivity light
Chalazion,chalazion internal hordeolum called stye eyelid tender red swollen warm blocked gland causing stye drain redness swelling go gland firm nodule eyelid tender called chalazion
Ectropion,symptoms you ectropion you likely excess tearing happens because eye dry then tears excess tears can't into tear drainage duct they build up lower lid then spill edge lid onto cheek dry painful eyes excess tearing eye epiphora eyelid turns outward downward long-term chronic conjunctivitis keratitis redness lid white eye
Entropion,symptoms decreased vision cornea damaged excessive tearing eye discomfort pain eye irritation redness
Eyelid bump,addition red swollen bump possible symptoms stye gritty scratchy sensation there foreign your eye sensitivity light tearing your eye tenderness eyelid
Conjunctivitis or pink eye,symptoms blurred vision crusts eyelid overnight bacteria eye pain gritty eyes increased tearing itching eye redness eyes sensitivity light
Pterygium,main symptom pterygium painless raised white tissue blood vessels inner outer edge cornea pterygium no symptoms inflamed burning irritation there's foreign eye vision affected growth extends enough onto cornea
Orbital cellulitis,symptoms painful swelling upper lower eyelid possibly eyebrow cheek bulging eyes decreased vision pain when moving eye fever 102â f 38 8â c higher general ill difficulty eye movements double vision shiny red purple eyelid
Keratoconus,earliest symptom slight blurring vision cannot corrected glasses vision corrected 20 20 rigid gas-permeable contact lenses you halos glare night vision problems who keratoconus history being nearsighted nearsightedness tends worse problem worse astigmatism worsen keratoconus discovered teenage years older
Amblyopia,symptoms condition eyes turn out eyes work together inability judge depth correctly poor vision eye
Astigmatism,astigmatism hard fine details up distance
Blocked tear duct,main symptom increased tearing epiphora tears overflow onto face cheek babies tearing noticeable 2â 3 weeks birth tears thicker tears dry crusty there pus eyes eyelids stuck together your baby eye infection called conjunctivitis
Corneal injury,symptoms blurred vision eye pain stinging burning eye your eye scratch your eye light sensitivity redness eye swollen eyelids watery eyes increased tearing
Eyelid drooping,drooping eyelids depending lid cover only upper eye entire pupil covered problems vision increased tearing dry eyes noticed sense upper field vision being blocked when drooping eyelid covers pupil eye vision completely blocked tip their head back help them eyelid tiredness achiness eyes
Episcleritis,symptoms pink purple color normally white eye eye pain eye tenderness sensitivity light tearing eye
Farsightedness,symptoms mild farsightedness problems you need reading glasses sooner who condition aching eyes blurred vision when objects crossed eyes strabismus eye strain headache reading
Hyphema,symptoms you able small hyphema when your eye mirror total hyphema collection blood block view iris pupil bleeding anterior chamber eye eye pain light sensitivity vision abnormalities
Melanoma of the eye,symptoms melanoma eye cases there no symptoms bulging eyes change iris color poor vision eye red painful eye small defect iris conjunctiva
Nearsightedness,nearsighted close-up objects clearly objects distance blurred squinting tend objects clearer nearsightedness noticed school-aged teenagers cannot read blackboard they easily read book nearsightedness worse growth years who nearsighted need change glasses contact lenses nearsightedness stops progressing stops growing his her early twenties symptoms eyestrain headaches uncommon
Optic glioma,symptoms tumor growing pressing optic nerve nearby structures symptoms symptoms diencephalic syndrome involuntary eyeball movement outward bulging eyes squinting vision loss eyes starts loss peripheral vision eventually blindness daytime sleeping decreased memory brain function headaches delayed growth loss fat vomiting
Pinguecula,pingueculum small yellowish bump conjunctiva cornea cornea nose nasal growth increase size years
Presbyopia,symptoms decreased focusing ability objects eyestrain headache
Retinal detachment,symptoms detached retina there no pain eye bright flashes light especially peripheral vision blurred vision floaters eye suddenly shadowing decreased peripheral vision curtain shade your vision
Retinal artery occlusion,sudden blurring loss vision retinal artery occlusion last only few seconds minutes permanent blood clot eye warning sign clots elsewhere clot brain stroke eye central retinal artery occlusion crao eye branch retinal artery occlusion brao
Retinitis pigmentosa,symptoms childhood severe vision problems early adulthood decreased vision night low light early signs having harder moving dark loss peripheral vision causing tunnel vision loss central vision advanced cases affect ability read loss color vision sensitivity bright light
Retinoblastoma,eyes affected pupil eye white white spots white glow eye photographs flash typical red eye flash pupil white distorted symptoms cancer spread bone pain symptoms crossed eyesâ strabismus double vision eyes align eye pain redness poor vision differing iris colors eye
Allergic conjunctivitis,symptoms seasonal intense itching burning eyes puffy eyelids morning red eyes stringy eye discharge tearing watery eyes widened blood vessels clear tissue covering white eye
Corneal ulcers and infections,symptoms infections ulcers cornea blurry hazy vision eye red bloodshot itching discharge sensitivity light photophobia painful watery eyes white patch cornea
Benign ear cyst or tumor,symptoms cysts symptoms benign tumors note there no symptoms pain cysts ear canal they infected small soft skin lumps behind front ear ear discomfort gradual hearing loss inâ ear repeated outer ear infections
Mastoiditis,symptoms drainage ear ear pain discomfort fever high suddenly increase headache hearing loss redness ear behind ear swelling behind ear ear stick out filled fluid
Oral cancer,oral cancer lump ulcer mouth symptoms deep hard-edged crack tissue pale dark red discolored tongue lip mouth painless then burning sensation pain when tumor advanced chewing problems mouth sores bleed pain swallowing speech difficulties swallowing difficulty swollen lymph nodes neck tongue problems weight loss difficulty opening mouth numbness loosening teeth bad breath
Otosclerosis,symptoms hearing loss slow worsens ringing affected ear tinnitus vertigo dizziness
Rhinophyma,symptoms changes nose bulb-like bulbous shape oil glands reddish color possible thickening skin waxy yellow surface
Ruptured eardrum,ear pain suddenly decrease right your eardrum ruptures rupture you drainage ear drainage clear pus bloody ear noise buzzingâ tinnitus earache ear discomfort hearing loss involved ear hearing loss total weakness face dizziness severe cases
Salivary duct stones,symptoms symptoms when eating drinking problems opening mouth swallowing dry mouth pain face mouth swelling face neck severe when eating drinking
Salivary gland tumors,symptoms â firm painless swelling salivary glands front ears chin floor mouth swelling gradually increases difficulty moving face known facial nerve palsy
Salivary gland infections,symptoms abnormal tastes foul tastes decreased ability open mouth dry mouth fever mouth facial squeezing pain especially when eating redness face upper neck swelling face particularly front ears below jaw floor mouth
Throat or larynx cancer,symptoms throat cancer abnormal high-pitched breathing sounds cough coughing up blood difficulty swallowing hoarseness better 3 4 weeks neck ear pain sore throat better 2 3 weeks antibiotics swelling lumps neck weight loss dieting
Tonsillitis,common symptoms problems symptoms difficulty swallowing ear pain fever chills headache sore throat lasts longer 48 hours severe tenderness jaw throat problems breathing tonsils large problems eating drinking
Trench mouth,symptoms trench mouth begin suddenly they bad breath crater-like ulcers teeth fever foul taste mouth gums red swollen grayish film gums painful gums severe gum bleeding response pressure irritation
Age-related hearing loss,loss hearing slowly symptoms talk your you these symptoms difficulty hearing you having raise volume tv frequently asking repeat themselves frustration being able hear certain sounds overly loud problems hearing noisy areas problems telling apart certain sounds s th difficulty understanding higher-pitched voices ringing ears
Leukoplakia,patches mouth tongue sides tongue oral hairy leukoplakia insides cheeks leukoplakia patches white gray uneven shape fuzzy oral hairy leukoplakia slightly raised hard surface unable scraped off painful when mouth patches come into contact acidic spicy food
Ludwig angina,infected swells quickly block airway prevent you swallowing saliva symptoms symptoms disease breathing difficulty difficulty swallowing drooling unusual speech sounds hot potato mouth tongue swelling protrusion tongue out mouth fever neck pain tooth pain neck swelling redness neck weakness fatigue excess tiredness confusion mental changes earache
Occupational hearing loss,main symptom partial complete hearing loss hearing loss likely worse continued exposure noise ear tinnitus accompany hearing loss
Geographic tongue,symptoms map-like appearance surface tongue patches move smooth red patches sores lesions tongue soreness burning pain cases
Cholesteatoma,symptoms dizziness drainage ear chronic hearing loss ear sensation ear fullness pressure
Cleft lip and palate,birth defects severity vary significantly cleft lip small notch lip complete split lip goes base nose cleft palate sides roof mouth go full length palate symptoms problems because cleft lip palate change nose shape how shape changes varies poorly aligned teeth failure gain weight feeding problems flow milk nasal passages feeding poor growth repeated ear infections speech difficulties
Gingivostomatitis,symptoms mild severe bad breath fever general discomfort uneasiness ill malaise sores cheeks gums sore mouth no desire eat
Glossitis,symptoms glossitis come quickly they rare symptoms problems problems chewing swallowing speaking smooth surface tongue sore tender swollen tongue pale bright red color tongue blocked airway problems speaking chewing swallowing
Labyrinthitis,symptoms you spinning when you vertigo your eyes moving their own making hard focus them dizziness hearing loss ear loss balance you fall nausea vomiting ringing noises your ears tinnitus
Dental cavities,there no symptoms symptoms they tooth pain achy particularly sweet hot cold foods drinks visible pits holes teeth
Gingivitis,symptoms gingivitis bleeding gums when brushing flossing bright red reddish-purple gums gums tender when touched painless mouth sores swollen gums shiny appearance gums bad breath
Impacted tooth,there no symptoms fully impacted tooth symptoms partially impacted tooth bad breath difficulty opening mouth occasionally pain tenderness gums jaw bone prolonged headache jaw ache redness swelling gums impacted tooth swollen lymph nodes neck occasionally unpleasant taste when biting down visible gap where tooth emerge
Malocclusion of teeth,symptoms malocclusion abnormal alignment teeth abnormal appearance face difficulty discomfort when biting chewing speech difficulties rare lisp mouth breathing breathing mouth closing lips inability bite into food correctly open bite
Periodontitis,symptoms periodontitis note early symptoms similar gingivitis inflammation gums bad breath odor halitosis gums bright red reddish-purple gums shiny gums bleed easily when flossing brushing gums tender when touched painless gums receded loose teeth swollen gums gaps teeth gums shifting teeth yellow brown green white hard deposits your teeth tooth sensitivity
Tooth abscess,main symptom severe toothache pain continuous stop described gnawing sharp shooting throbbing symptoms bitter taste mouth breath odor general discomfort uneasiness ill-feeling fever pain when chewing sensitivity teeth hot cold swelling gum infected tooth pimple swollen glands neck swollen upper lower jaw serious symptom
Acoustic trauma,symptoms partial hearing loss involves repeated long-term exposures loud high-pitched sounds hearing loss slowly worse noises ringing ear tinnitus
Facial trauma,symptoms changes face deformed uneven face facial bones difficulty breathing nose swelling bleeding double vision missing teeth swelling bruising eyes vision problems
Traumatic injury of the bladder and urethra,common symptoms shock internal bleeding bladder injury medical emergency symptoms there no little urine released there increased risk urinary tract infections uti kidney damage lower abdominal pain abdominal tenderness bruising site injury blood urine bloody urethral discharge difficulty beginning urinate inability empty bladder leakage urine painful urination pelvic pain small weak urine stream abdominal distention bloating decreased alertness drowsiness coma increased heart rate decrease blood pressure pale skin sweating skin cool touch
Ear barotrauma,common symptoms symptoms condition bad goes long dizziness ear discomfort pain ears hearing loss slight sensation fullness stuffiness ears ear pain pressure ears underwater moderate severe hearing loss nosebleed
Injury - kidney and ureter,emergency symptoms long-term chronic symptoms only kidney affected kidney healthy you symptoms abdominal pain swelling severe flank pain back pain blood urine drowsiness decreased alertness coma decreased urine output inability urinate fever increased heart rate nausea vomiting skin pale cool touch sweating malnutrition high blood pressure kidney failure
Spinal cord trauma,symptoms vary depending location injury sci weakness loss below injury severity symptoms depends entire cord injured complete only partially injured incomplete injury upper cervical spinal cord weakness paralysis arms legs injury middle thoracic spinal cord weakness legs only injury below lumbar vertebra sci because spinal cord turns into group nerve roots called cauda equina injury cauda equina syndrome injury these nerve roots scis cauda equina syndrome cases emergencies need surgery right injuries spinal cord level cervical neck injuries when scis neck symptoms affect arms legs middle symptoms thoracic chest level injuries when scis chest level symptoms affect legs injuries cervical high thoracic spinal cord lumbar sacral lower back injuries when scis lower back level symptoms affect legs muscles control bowels bladder affected spine injuries damage spinal cord they upper portion lumbar spine lumbar sacral nerve roots cauda equina they lower lumbar spine increased muscle tone spasticity loss normal bowel bladder control constipation incontinence bladder spasms numbness sensory changes pain weakness paralysis difficulty breathing because weakness abdominal diaphragm intercostal rib muscles sides severe breathing problems paralysis breathing muscles injury high up neck blood pressure problems too high too low abnormal sweating trouble maintaining normal temperature
CSF leak,symptoms headache worse when you sit up improves when you lie down associated light sensitivity nausea neck stiffness drainage csf ear rarely drainage csf nose rarely
Basal ganglia dysfunction,damage basal ganglia cells problems controlling speech movement posture combination symptoms called parkinsonism basal ganglia dysfunction trouble starting stopping sustaining movement depending brain affected there problems memory thought processes general symptoms vary movement changes involuntary slowed movements increased muscle tone muscle spasms muscle rigidity problems words tremor uncontrollable repeated movements speech cries tics walking difficulty
Kneecap dislocation,symptoms kneecap dislocation few times you pain unable walk you continue dislocations your knee hurt you disabled reason avoid treatment kneecap dislocation damages your knee joint cartilage injuries increase risk osteoarthritis younger age repeat dislocations condition worse harder treat knee deformed knee bent cannot straightened out kneecap patella dislocates knee knee pain tenderness knee swelling sloppy kneecap you move kneecap too right left hypermobile patella
Achilles tendinitis,symptoms pain heel length tendon when walking running painful stiff morning tendon painful touch move swollen warm you trouble standing up your toes you trouble shoes fit comfortably pain back your heel
Bursitis of the heel,symptoms pain back heel especially walking running when touched pain worse when standing tiptoes red warm skin back heel
Anterior cruciate ligament (ACL) injury,early symptoms those who only mild injury notice knee unstable when popping sound injury obviousâ knee swelling 6 hours injury pain especially when you try put weight injured leg difficulty continuing your sport instability
Histoplasmosis,no symptoms only mild flu-like illness symptoms they infection active short period then symptoms go lung infection chronic symptoms small number especially those weakened immune system histoplasmosis spreads throughout called disseminated histoplasmosis response infection irritation swelling inflammation symptoms fever chills cough chest pain worse when breathing joint pain mouth sores red skin bumps lower legs chest pain shortness breath cough possibly coughing up blood fever sweating chest pain inflammation sac-like covering heart pericarditis headache neck stiffness swelling membranes covering brain spinal cord meningitis high fever
Hydrocarbon pneumonia,symptoms coma lack responsiveness coughingâ grunting respiration blue lips fingernails cyanosis fever shortness breath smell hydrocarbon product breath stuporâ decreased level alertness vomiting wheezing
Tracheomalacia - congenital,symptoms range mild severe symptoms breathing noises change position improve sleep breathing problems worse coughing crying feeding upper respiratory infections cold high-pitched breathing rattling noisy breaths
Paraquat poisoning,symptoms paraquat poisoning burns pain throat choking coma lack responsiveness difficulty breathing nosebleed seizures shock extremely low blood pressure shortness breath stomach pain vomiting vomiting blood
Mediastinal tumor,almost half mediastinal tumors no symptoms chest x-ray done another reason symptoms pressure compression local structures chest pain fever chills cough coughing up blood hemoptysis hoarseness night sweats shortness breath
Acute bronchitis,symptoms acute bronchitis acute bronchitis cleared you dry nagging cough lasts 1 4 weeks hard know you pneumonia bronchitis you pneumonia you likely high fever chills sicker short breath chest discomfort cough produces mucus mucus clear yellow-green fatigue fever low-grade shortness breath worse activity wheezing asthma
Bronchopulmonary dysplasia,symptoms bluish skin color cyanosis cough rapid breathing shortness breath
Byssinosis,symptoms symptoms worse beginning work improve later symptoms severe when workplace chest tightness cough wheezing shortness breath
Pulmonary arteriovenous fistula,no symptoms when symptoms they bloody sputum difficulty breathing difficulty exercising nosebleeds shortness breath exertion chest painâ blue skin cyanosis clubbing fingers
Pulmonary atresia,symptoms few hours life up few days symptoms bluish color skin cyanosis low oxygen level blood fast breathing fatigue poor eating habits babies tired nursing sweat feedings shortness breath
Tracheal rupture,trauma who tracheal bronchial rupture injuries symptoms coughing up blood bubbles air underneath skin chest neck arms trunk subcutaneous emphysema difficulty breathing
Spider angioma,main symptom blood vessel spot rare cases bleeding spider angioma red dot center reddish extensions reach out center disappears when pressed comes back when pressure released
Pulmonic valve stenosis,cases pulmonic stenosis mild symptoms problem infants when heart murmur heard routine heart exam when valve narrowing stenosis moderate severe symptoms symptoms worse exercise activity abdominal distention bluish color skin cyanosis poor appetite chest pain fainting fatigue poor weight gain failure thrive infants severe blockage shortness breath sudden death
SVC obstruction,symptoms when blocks blood flowing back heart symptoms begin suddenly gradually worsen when you bend lie down early signs swelling worse prominent when lying down when upright worse early morning hours go mid-morning common symptoms shortness breath dyspnea swelling face neck trunk arms possible symptoms swelling eye swelling face swelling whites eyes distended veins neck decreased alertness dizziness fainting headache reddish face cheeks reddish palms reddish mucous membranes nose mouth places redness changing blueness later sensation head ear fullness vision changes
Endocarditis,symptoms endocarditis slowly suddenly fever chills sweating frequent symptoms these you fatigue weakness weight loss loss appetite aches pains muscles joints signs days symptoms come go noticeable nighttime small areas bleeding nails splinter hemorrhages red painless skin spots palms soles janeway lesions red painful nodes pads fingers toes osler nodes shortness breath activity swelling feet legs abdomen
Ventricular septal defect,vsds symptoms hole large baby symptoms related heart failure common symptoms shortness breath fast breathing hard breathing paleness failure gain weight fast heart rate sweating feeding frequent respiratory infections
Ectopic heartbeat,symptoms note there no symptoms your heartbeat palpitations your heart stopped skipped beat occasional forceful beats
Arrhythmias,when you arrhythmia your heartbeat arrhythmia come go you symptoms when arrhythmia you only notice symptoms when you active symptoms mild they severe life threatening common symptoms when arrhythmia too slow bradycardia too quick tachycardia irregular uneven possibly extra skipped beats chest pain fainting lightheadedness dizziness paleness palpitations your heart beat fast irregularly shortness breath sweating
Arterial embolism,you symptoms symptoms begin quickly slowly depending size embolus how blocks blood flow symptoms arterial embolism arms legs later symptoms symptoms clot organ vary organ involved cold arm leg decreased no pulse arm leg lack movement arm leg pain affected numbness tingling arm leg pale color arm leg pallor weakness arm leg blisters skin fed affected artery shedding sloughing skin skin erosion ulcer tissue death necrosis skin dark damaged pain involved temporarily decreased organ function
Pericarditis - constrictive,when you constrictive pericarditis inflammation covering heart thick rigid hard heart expand properly when beats heart chambers don't fill up enough blood blood backs up behind heart causing heart swelling symptoms heart failure symptoms chronic constrictive pericarditis difficulty breathing dyspnea slowly worse fatigue long-term swelling edema legs ankles swollen abdomen weakness
Cyanotic heart disease,heart defects major problems right birth main symptom cyanosis bluish color lips fingers toes low oxygen content blood resting only when active breathing problems dyspnea they into squatting position physical activity relieve breathlessness others spells their suddenly starved oxygen these spells symptoms infants tired sweat feeding gain weight they fainting syncope chest pain symptoms depend cyanotic heart disease anxiety breathing too quickly hyperventilation sudden increase bluish color skin feeding problems reduced appetite poor growth bluish color skin cyanosis low oxygen level blood puffy eyes face tiredness
Hypoplastic left heart syndrome,newborn hypoplastic left heart normal symptoms few hours life up few days symptoms these symptoms healthy newborns bluish color hands feet response cold reaction called peripheral cyanosis bluish color chest abdomen lips tongue abnormal called central cyanosis sign there enough oxygen blood central cyanosis increases crying bluish color skin cyanosis low oxygen level blood cold hands feet extremities lethargy poor pulse poor suckling feeding pounding heart rapid breathing shortness breath
Thrombophlebitis,thrombophlebitis symptoms swelling affected pain affected skin redness warmth tenderness vein
Varicose veins,symptoms varicose veins flow blood veins poor enough symptoms fullness heaviness aching pain legs visible swollen veins small veins you surface skin called spider veins thigh calf cramps night mild swelling feet ankles itching varicose veins restless leg symptoms leg swelling leg calf pain sitting standing long periods skin color changes legs ankles dry irritated scaly skin crack easily skin sores ulcers heal easily thickening hardening skin legs ankles happen
Tricuspid atresia,symptoms bluish color skin cyanosis low oxygen level blood fast breathing fatigue poor growth shortness breath
Truncus arteriosus,symptoms bluish color skin cyanosis low oxygen level blood delayed growth growth failure fatigue lethargy poor feeding rapid breathing tachypnea shortness breath dyspnea widening finger tips clubbing
Patent foramen ovale,infants pfo no heart defects symptoms pfos suffer migraine headaches
Congenital heart disease,symptoms depend condition chd birth symptoms right defects coarctation aorta problems years problems small vsd asd pda problems
Total anomalous pulmonary venous return,infant sick symptoms note no symptoms infancy early childhood bluish color skin cyanosis low oxygen level blood frequent respiratory infections lethargy poor feeding poor growth rapid breathing
Williams syndrome,symptoms williams syndrome face mouth williams syndrome feeding problems colic reflux vomiting inward bend small finger sunken chest heart disease blood vessel problems developmental delay mild moderate intellectual disability learning disorders delayed speech later turn into strong speaking ability strong learning hearing easily distracted attention deficit hyperactivity disorder adhd personality traits being friendly trusting strangers fearing loud sounds physical contact being interested music short height compared rest person's biologic relatives flattened nasal bridge small upturned nose long ridges skin run nose upper lip prominent lips open mouth skin covers inner corner eye partially missing teeth defective tooth enamel small widely spaced teeth
Lymphatic obstruction,main symptom persistent chronic swelling arm leg
Thoracic aortic aneurysm,aneurysms slowly years no symptoms aneurysm begins leak expand symptoms begin suddenly when aneurysm presses nearby structures symptoms symptoms aneurysm grows quickly aneurysm tears open called rupture blood leaks wall aorta aortic dissection hoarseness swallowing problems high-pitched breathing stridor swelling neck chest upper back pain clammy skin nausea vomiting rapid heart rate sense impending doom
Aneurysm,symptoms depend where aneurysm located aneurysm body's surface pain swelling throbbing lump aneurysms brain no symptoms aneurysms brain expand breaking open rupturing expanded aneurysm press nerves double vision dizziness headaches aneurysms ringing ears aneurysm ruptures pain low blood pressure rapid heart rate lightheadedness when brain aneurysm ruptures there sudden severe headache say worst headache my life risk neurologic injury coma death rupture high
Aortic arch syndrome,symptoms vary according artery structure been affected symptoms blood pressure changes breathing problems dizziness blurred vision weakness brain nervous system neurological changes numbness arm reduced pulse swallowing problems transient ischemic attacks tia
Colitis,symptoms abdominal pain bloatingâ thatâ constant come go bloody stoolsâ constant urge bowel movement tenesmus dehydration diarrhea fever
MSG symptom complex,symptoms they mild go short flushing headache muscle aches numbness burning mouth heart palpitations tingling drowsiness
Crigler-Najjar syndrome,symptoms confusion changes thinking yellow skin jaundice yellow whites eyes icterus begin few days birth worse lethargy poor feeding vomiting
Gastrointestinal fistula,depending where leak these fistulas diarrhea poor absorption nutrients your water fluids needs fistulas symptoms fistulas intestinal contents leak opening skin
Anal fissure,anal fissure crack anal skin when stretched slightly fissure almost middle anal fissures painful bowel movements bleeding there blood stool toilet paper baby wipes bowel movement symptoms begin suddenly slowly
Duodenal atresia,symptoms duodenal atresia upper abdominal swelling early vomiting large amounts greenish containing bile continued vomiting when infant been fed several hours no bowel movements few meconium stools
Rectal prolapse,main symptom reddish-colored mass sticks out opening anus especially bowel movement reddish mass actually inner lining rectum bleed slightly uncomfortable painful
Gastroesophageal reflux in infants,symptoms cough especially eating excessive crying pain excessive vomiting few weeks life worse eating extremely forceful vomiting feeding well refusing eat slow growth weight loss wheezing breathing problems
Diaphragmatic hernia,severe breathing problems shortly baby born poor movement diaphragm muscle crowding lung tissue problems breathing oxygen levels underdeveloped lung tissue blood vessels well symptoms bluish colored skin lack oxygen rapid breathing tachypnea fast heart rate tachycardia
Femoral hernia,you bulge upper thigh below groin femoral hernias no symptoms you groin discomfort worse when you stand lift heavy objects strain symptoms mean intestine hernia blocked emergency sudden groin thigh pain abdominal pain nausea vomiting
Hiatal hernia,symptoms hiatal hernia itself rarely symptoms pain discomfort upward flow stomach acid air bile chest pain heartburn worse when bending lying down swallowing difficulty
Proctitis,symptoms bloody stools constipation rectal bleeding rectal discharge pus rectal pain discomfort tenesmus pain bowel movement
Hirschsprung disease,symptoms newborns infants symptoms older difficulty bowel movements failure pass meconium shortly birth failure pass stool 24 48 hours birth infrequent explosive stools jaundice poor feeding poor weight gain vomiting watery diarrhea newborn constipation gradually worse fecal impaction malnutrition slow growth swollen belly
Liver spots,liver spots patch skin color change flat light brown black painless
Annular pancreas,newborns feed well they spit up normal drink enough breast milk formula cry symptoms abdominal pain fullness eating nausea vomiting
Barrett esophagus,itself symptoms acid reflux symptoms heartburn condition symptoms
Biliary atresia,symptoms start 2 8 weeks jaundice yellow color skin mucus membranes slowly 2 3 weeks birth infant gain weight normally point baby lose weight irritable worsening jaundice symptoms dark urine swollen belly foul-smelling floating stools pale clay-colored stools slow growth
Imperforate anus,symptoms problem anal opening vagina opening stool passed 24 48 hours birth missing moved opening anus stool passes out vagina base penis scrotum urethra swollen belly
Necrotizing enterocolitis,symptoms come slowly suddenly abdominal bloating blood stool diarrhea feeding problems lack energy unstable temperature unstable breathing heart rate blood pressure vomiting
Enteritis,symptoms begin hours days you infected symptoms abdominal pain diarrhea acute severe loss appetite vomiting blood stool
Gastritis,gastritis symptoms symptoms you notice gastritis causing bleeding lining stomach symptoms loss appetite nausea vomiting pain upper belly abdomen black stools vomiting blood coffee-ground-like material
Small intestinal ischemia and infarction,main symptom intestinal ischemia pain abdomen pain severe tender when touched symptoms diarrhea fever vomiting blood stool
Pinworms,symptoms pinworm infection difficulty sleeping itching night intense itching anus irritability itching interrupted sleep irritated infected skin anus constant scratching irritation discomfort vagina young worm enters vagina rather anus loss appetite weight uncommon severe infections
Esophagitis,infection irritation food pipe inflamed sores called ulcers symptoms cough difficulty swallowing painful swallowing heartburn acid reflux hoarseness sore throat
Hepatitis,hepatitis start better quickly long-term condition cases hepatitis liver damage liver failure cirrhosis liver cancer death there several factors affect how severe condition these liver damage illnesses you hepatitis short-term chronic liver problems symptoms hepatitis you symptoms when infected hepatitis b c you liver failure later you risk factors hepatitis ask your you tested them pain bloating belly dark urine pale clay-colored stools fatigue low grade fever itching jaundice yellowing skin eyes loss appetite nausea vomiting weight loss
Mesenteric artery ischemia,symptoms gradual hardening mesenteric arteries symptoms sudden acute mesenteric artery ischemia traveling blood clot abdominal pain eating diarrhea sudden severe abdominal pain bloating diarrhea vomiting fever nausea
Mesenteric venous thrombosis,symptoms abdominal pain worse eating bloating constipation bloody diarrhea fever septic shock lower gastrointestinal bleeding vomiting nausea
Plummer-Vinson syndrome,symptoms difficulty swallowing weakness
Menkes disease,common symptoms menkes disease infants brittle kinky steely sparse tangled hair pudgy rosy cheeks sagging facial skin feeding difficulties irritability decreased muscle tone hypotonia floppiness low temperature intellectual disability developmental delay seizures skeletal changes
Metabolic neuropathies,these symptoms because nerves cannot send proper signals your brain these symptoms start toes feet move up legs eventually affecting hands arms difficulty difficulty arms hands difficulty legs feet difficulty walking pain burning pins needles shooting pains nerve pain weakness face arms legs areas dysautonomia affects autonomic involuntary nervous system symptoms rapid heart rate exercise intolerance low blood pressure when standing abnormal sweat patterns stomach problems abnormal functioning pupils eye poor erection
Methylmalonic acidemia,babies normal birth symptoms they start eating protein condition worse disease seizures stroke symptoms brain disease worse progressive encephalopathy dehydration developmental delays failure thrive lethargy seizures vomiting
Premature ovarian failure,premature ovarian failure symptoms menopause condition hard pregnant hot flashes irregular absent periods mood swings night sweats vaginal dryness
Ovarian overproduction of androgens,high levels androgens female these changes acne changes female shape decrease breast size increase hair male pattern face chin abdomen called hirsutism lack menstrual periods amenorrhea oily skin increase size clitoris deepening voice increase muscle mass thinning hair hair loss front scalp sides head
Phenylketonuria,phenylalanine plays role body's production melanin pigment responsible skin hair color infants condition lighter skin hair eyes brothers sisters disease symptoms pku untreated foods containing phenylalanine eaten breath skin ear wax urine mousy musty odor odor buildup phenylalanine substances delayed mental social skills head size smaller normal hyperactivity jerking movements arms legs mental disability seizures skin rashes tremors
Precocious puberty,precocious puberty when age 8 precocious puberty when age 9 armpit pubic hair beginning grow faster breasts period menstruation mature outer genitals armpit pubic hair growth testes penis facial hair upper lip muscle growth voice change deepening
Sertoli-Leydig cell tumor,sertoli cells normally located male reproductive glands testes they feed sperm cells leydig cells located testes release male sex hormone these cells woman's ovaries rare cases cancer slct starts female ovaries mostly ovary cancer cells release male sex hormone symptoms pain lower belly pelvic another symptom tumor pressing nearby structures deep voice enlarged clitoris facial hair loss breast size stopping menstrual periods
Female pattern baldness,hair thinning male pattern baldness female pattern baldness itching skin sores scalp generally hair thins mainly top crown scalp starts widening center hair pattern hair loss known christmas tree pattern front hairline remains unaffected normal recession happens passes hair loss rarely progresses total total baldness increased androgens hair head thinner hair face coarser
Gigantism,grow height well muscles organs excessive growth extremely large his her age symptoms delayed puberty double vision difficulty peripheral vision prominent forehead frontal bossing prominent jaw gaps teeth headache increased sweating irregular periods menstruation joint pain large hands feet thick fingers toes release breast milk sleep problems obstructive sleep apnea thickening facial features weakness voice changes
Sheehan syndrome,symptoms sheehan syndrome note being able breastfeed symptoms several years delivery inability breastfeed breast milk comes fatigue lack menstrual bleeding loss pubic armpit axillary hair low blood pressure
Growth hormone deficiency - children,slow growth noticed infancy continue childhood your child's draw your child's growth curve growth chart growth hormone deficiency slow flat rate growth slow growth up 2 3 years shorter age sex normal proportions chubby child's face younger age normal intelligence cases older puberty come late come depending
Male pattern baldness,typical pattern male baldness begins hairline front head hairline gradually moves backward recedes forms m shape circular back head vertex thins expands size eventually hair finer shorter thinner creates u-shaped horseshoe pattern hair sides head bald back head
Simple goiter,main symptom enlarged thyroid gland size range single small nodule large mass front neck simple goiter symptoms underactive thyroid gland rare cases enlarged thyroid put pressure windpipe trachea food tube esophagus breathing difficulties large goiters especially when lying flat back when reaching up your arms cough hoarseness swallowing difficulties especially solid food pain thyroid
High potassium level,there no symptoms high level potassium when symptoms they chest pain difficulty breathing nausea vomiting palpitations irregular abnormal-feeling heartbeats slow weak irregular pulse sudden collapse when heartbeat too slow stops
Acidosis,metabolic acidosis symptoms depend underlying disease condition metabolic acidosis itself rapid deep breathing your tries compensate confusion lethargy severe metabolic acidosis shock death situations metabolic acidosis mild ongoing chronic condition respiratory acidosis symptoms confusion fatigue lethargy shortness breath sleepiness
Adrenoleukodystrophy,childhood cerebral symptoms adrenomyelopathy symptoms adrenal gland failure addison symptoms changes muscle tone especially muscle spasms uncontrolled movements crossed eyes handwriting worse difficulty school difficulty understanding what saying hearing loss hyperactivity worsening nervous system damage coma decreased fine motor control paralysis seizures swallowing difficulties visual impairment blindness difficulty controlling urination possible worsening muscle weakness leg stiffness problems thinking speed visual memory coma decreased appetite increased skin color loss weight muscle mass wasting muscle weakness vomiting
Alkalosis,symptoms alkalosis confusion progress stupor coma hand tremor lightheadedness muscle twitching nausea vomiting numbness tingling face hands feet prolonged muscle spasms tetany
Beckwith-Wiedemann syndrome,signs symptoms beckwith-wiedemann syndrome large size newborn red birth mark forehead eyelids nevus flammeus creases ear lobes large tongue macroglossia low blood sugar hypoglycemia abdominal wall defect umbilical hernia omphalocele enlargement organs overgrowth hemihyperplasia hemihypertrophy tumor growth wilms tumors hepatoblastomas
Parathyroid adenoma,no symptoms condition discovered when blood tests done another medical reason parathyroid adenomas common hyperparathyroidism overactive parathyroid glands increased blood calcium level symptoms confusion constipation lack energy lethargy muscle pain nausea decreased appetite urinating night weak bones fractures
Parathyroid hyperplasia,symptoms bone fractures bone pain constipation lack energy muscle pain nausea
Muscular dystrophy,md affect severe forms tend early childhood symptoms vary types md muscles affected only specific groups muscles affected those pelvis shoulder face muscle weakness slowly worse symptoms intellectual disability types md several types md affect only males â delayed development muscle motor skills difficulty muscle groups drooling eyelid drooping ptosis frequent falls loss strength muscle group muscles loss muscle size problems walking delayed walking muscle contractures
Neonatal hypothyroidism,affected infants few no symptoms because their thyroid hormone level only slightly low infants severe hypothyroidism unique appearance appearance disease worse dull puffy face thick tongue sticks out poor feeding choking episodes constipation dry brittle hair hoarse cry jaundice skin whites eyes yellow lack muscle tone floppy infant low hairline short height sleepiness sluggishness
Hypogonadism,who hypogonadism begin menstruating hypogonadism affect their breast development height hypogonadism puberty symptoms hypogonadism affects muscle beard genital voice development growth problems symptoms pituitary brain tumor central hypogonadism there common tumors affecting pituitary craniopharyngioma prolactinoma adenomas hot flashes energy mood changes menstruation irregular stops breast enlargement muscle loss decreased interest sex low libido headaches vision loss milky breast discharge prolactinoma tumor produces hormone prolactin symptoms hormonal deficiencies hypothyroidism
Transient familial hyperbilirubinemia,newborn untreated seizures neurologic problems kernicterus yellow skin jaundice yellow eyes icterus lethargy
Pyruvate kinase deficiency,symptoms pkd low count healthy red blood cells anemia swelling spleen splenomegaly yellow color skin mucous membranes white eyes jaundice neurologic condition called kernicterus affects brain fatigue lethargy pale skin pallor infants gaining weight growing expected failure thrive gallstones teens older
Krabbe disease,symptoms early-onset krabbe disease late onset krabbe disease vision problems followed walking difficulties rigid muscles symptoms vary symptoms changing muscle tone floppy rigid hearing loss deafness failure thrive feeding difficulties irritability sensitivity loud sounds severe seizures begin early age unexplained fevers vision loss blindness vomiting
Homocystinuria,newborn infants healthy early symptoms obvious symptoms mildly delayed development failure thrive increasing visual problems diagnosis condition symptoms chest deformities pectus carinatum pectus excavatum flush cheeks high arches feet intellectual disability knock knees long limbs mental disorders nearsightedness spidery fingers arachnodactyly tall thin build
Alkaptonuria,urine infant's diaper darken turn almost black several hours condition know they disease discoveredâ mid-adulthood age 40 when joint problems symptoms arthritis especially spine worse darkening ear dark spots white eye cornea
Hartnup disorder,no symptoms symptoms they childhood diarrhea mood changes nervous system neurologic problems abnormal muscle tone uncoordinated movements red scaly skin rash when skin exposed sunlight sensitivity light photosensitivity short stature
Hypothalamic dysfunction,symptoms hormones brain signals missing there growth problems too too little growth puberty too early too late tumor symptoms headache loss vision thyroid affected there symptoms underactive thyroid hypothyroidism symptoms cold constipation fatigue weight gain others adrenal glands affected there symptoms low adrenal function symptoms fatigue weakness poor appetite weight loss lack interest activities
Mucopolysaccharidosis type II,early-onset severe symptoms late mild there mild no mental deficiency forms symptoms aggressive behavior hyperactivity mental function worse severe intellectual disability jerky movements carpal tunnel syndrome coarse features face deafness worse increased hair growth joint stiffness large head
Mucopolysaccharidosis type I,symptoms mps i ages 3 8 years severe mps i symptoms earlier those severe symptoms abnormal bones spine inability fully open fingers claw hand cloudy corneas deafness halted growth heart valve problems joint disease stiffness intellectual disability worse severe mps i thick coarse facial features low nasal bridge
Metachromatic leukodystrophy,symptoms mld abnormally high decreased muscle tone abnormal muscle movements problems walking frequent falls behavior problems personality changes irritability decreased mental function difficulty swallowing inability perform normal tasks incontinence poor school performance seizures speech difficulties slurring
Mucopolysaccharidosis type IV,symptoms start ages 1 3 years they abnormal development bones spine bell-shaped chest ribs flared out bottom cloudy cornea coarse facial features enlarged liver heart murmur hernia groin hypermobile joints knock-knees large head loss nerve function below neck short stature particularly short trunk widely spaced teeth
Niemann-Pick disease,symptoms vary conditions similar symptoms early stages disease only few symptoms symptoms begins few months life symptoms b symptoms milder they late childhood teenage years abdominal swelling young there almost no brain nervous system involvement loss motor skills repeated respiratory infections types c c1 affects school-age early infancy adulthood symptoms abdominal belly swelling 3 6 months cherry red spot back eye retina feeding difficulties loss early motor skills worse difficulty moving limbs unsteady gait clumsiness walking problems enlarged spleen enlarged liver jaundice shortly birth learning difficulties intellectual decline seizures slurred irregular speech sudden loss muscle tone falls tremors trouble moving eyes up down
Porphyria,porphyria major symptoms attacks suddenly they start severe abdominal pain followed vomiting constipation being out sun pain sensations heat blistering skin redness swelling blisters heal slowly scarring skin color changes scarring disfiguring urine turn red brown attack symptoms attacks life threatening producing abdominal pain cramping only forms disease sensitivity light rashes blistering scarring skin photodermatitis problems nervous system muscles seizures mental disturbances nerve damage muscle pain muscle weakness paralysis numbness tingling pain arms legs pain back personality changes psychosis low blood pressure severe electrolyte imbalances shock
Russell-Silver syndrome,symptoms birthmarks color coffee milk cafe-au-lait marks large head size wide projecting forehead small triangle-shaped face small narrow chin curving pinky ring finger failure thrive delayed bone age low birth weight short height short arms stubby fingers toes smaller asymmetry stomach intestine problems acid reflux constipation
Mucopolysaccharidosis type III,symptoms life decline learning ability typically ages 2 6 normal growth few years final height below average delayed development followed worsening mental status symptoms behavioral problems hyperactivity coarse facial features heavy eyebrows meet middle face above nose chronic diarrhea enlarged liver spleen sleep difficulties stiff joints extend fully vision problems hearing loss walking problems
Hypothalamic tumor,these tumors range symptoms these symptoms whose tumors affect front hypothalamus tumors vision loss tumors block flow spinal fluid headaches sleepiness fluid collecting brain hydrocephalus seizures brain tumors precocious puberty change pituitary gland function euphoric high sensations failure thrive lack normal growth headache hyperactivity loss fat appetite cachexia
Diabetes and eye disease,diabetic retinopathy no symptoms damage your eyes severe because damage retina your vision affected symptoms diabetic retinopathy early diabetic retinopathy no symptoms bleeding eye why diabetes regular eye exams blurred vision slow vision loss floaters shadows missing areas vision trouble night
Thyroid cancer,symptoms vary depending thyroid cancer cough difficulty swallowing enlargement thyroid gland hoarseness changing voice neck swelling thyroid lump nodule
Diabetes,high blood sugar level several symptoms because 2 diabetes slowly high blood sugar no symptoms symptoms 1 diabetes typically short period weeks months sick they diagnosed years diabetes serious problems these problems known diabetes complications blurry vision excess thirst fatigue frequent urination hunger weight loss eye problems trouble especially night light sensitivity cataracts blindness sores infections leg foot untreated amputation leg foot damage nerves causing pain tingling loss problems digesting food erectile dysfunction kidney problems kidney failure weakened immune system frequent infections increased chance having heart attack stroke
Hyperparathyroidism,hyperparathyroidism diagnosed common blood tests symptoms symptoms mostly damage organs high calcium level blood loss calcium bones symptoms bone pain tenderness depression forgetfulness tired ill weak fragile bones limbs spine break easily increased amount urine produced needing urinate kidney stones nausea loss appetite
Macroamylasemia,macroamylasemia symptoms
McCune-Albright syndrome,main symptom mccune-albright syndrome early puberty menstrual periods begin early childhood long breasts pubic hair normally average age symptoms 3 years puberty menstrual bleeding early 4 6 months early sexual development symptoms bone fractures deformities bones face gigantism irregular large patchy cafã au lait spots
Absent menstrual periods - primary,female amenorrhea no menstrual flow she haveâ signs puberty
Absent menstrual periods - secondary,addition having no menstrual periods symptoms amenorrhea pituitary tumor there symptoms related tumor vision loss headache breast size changes weight gain weight loss discharge breast change breast size acne increased hair growth male pattern vaginal dryness voice changes
Muscle disorder,main symptom weakness symptoms cramps stiffness
Volkmann contracture,symptoms volkmann contracture affect forearm wrist hand symptoms decreased sensation paleness skin muscle weakness loss atrophy deformity wrist hand fingers hand claw-like appearance
Baker cyst,cases no symptoms large cyst discomfort stiffness there painless painful swelling behind knee cyst water-filled balloon cyst break open rupture causing pain swelling bruising back knee calf important know pain swelling baker cyst blood clot blood clot deep venous thrombosis â pain swelling bruising back knee calf blood clot dangerous requires medical attention right
Compartment syndrome,symptoms compartment syndrome easy detect acute injury symptoms severe few hours symptoms pain higher expected injury severe pain doesn't go taking pain medicine raising affected decreased sensation numbness tingling weakness affected paleness skin swelling inability move affected
Neurodegeneration with brain iron accumulation (NBIA),nbia mainly movement problems symptoms dementia difficulty speaking difficulty swallowing muscle problems rigidity involuntary muscle contractions dystonia seizures tremor vision loss retinitis pigmentosa weakness writhing movements toe walking
TMJ disorders,symptoms associated tmj disorders biting chewing difficulty discomfort clicking popping grating sound when opening closing mouth dull aching pain face earache headache jaw pain tenderness jaw locking jaw difficulty opening closing mouth
Clubfoot,physical appearance foot vary feet affected foot turns inward downward birth difficult correct position calf muscle foot slightly smaller normal
Tendinitis,symptoms tendinitis vary activity main symptoms pain tenderness tendon joint pain night pain worse movement activity stiffness morning
Bone tumor,symptoms bone tumor benign tumors no symptoms bone fracture especially slight injury trauma bone pain worse night occasionally mass swelling tumor site
Bunions,symptoms you problems shoes fit shoes pain red thickened skin edge base big toe bony bump toe joint decreased movement toe pain joint pressure shoes worse big toe turned outward toes cross toe corns calluses where toes overlap difficulty wearing regular shoes
Corns and calluses,symptoms skin thick hardened skin flaky dry hardened thick skin areas hands feet areas rubbed pressed affected areas painful bleed
Dupuytren contracture,hands affected ring finger affected followed little middle index fingers small nodule lump tissue below skin palm hand thickens into cord-like band there no pain rare cases tendons joints inflamed painful possible symptoms itching pressure burning tension condition mostly painless progressive passes difficult extend straighten fingers severe cases straightening them impossible
Fibrous dysplasia,symptoms bone lesions stop when reaches puberty bone pain bone sores lesions hormone endocrine gland problems fractures bone deformities unusual skin color pigmentation mccune-albright syndrome
Hammer toe,middle joint toe bent end toe bends down into claw-like deformity you able move straighten toe you no longer able move toe painful corn forms top toe callus sole foot walking wearing shoes painful
Illness anxiety disorder,iad can't control their fears worries they believe symptom sensation sign serious illness they seek out reassurance family friends providers regular basis they better short then begin worry symptoms symptoms symptoms shift change vague iad examine their own realize their fear unreasonable unfounded iad somatic symptom disorder somatic symptom disorder physical pain symptoms medical isn't
Ingrown toenail,there pain redness swelling nail
Intraductal papilloma,symptoms these findings breast breasts these papillomas pain breast lump nipple discharge clear bloodstained
Chronic granulomatous disease,cgd types skin infections hard treat cgd blisters sores face impetigo eczema growths filled pus abscesses pus-filled lumps skin boils persistent diarrhea swollen lymph nodes neck lung infections pneumonia lung abscess
Kyphosis,pain middle lower back common symptom symptoms round back appearance tenderness stiffness spine fatigue difficulty breathing severe cases
Scoliosis,there no symptoms there symptoms they backache low-back pain goes down legs weakness tired spine sitting standing long uneven hips shoulders shoulder higher shoulder pain spine curves difficulty breathing sitting
Tenosynovitis,symptoms fever swelling redness indicate infection especially puncture cut these symptoms difficulty moving joint joint swelling affected pain tenderness joint pain when moving joint redness length tendon
Arthritis,arthritis joint pain swelling stiffness limited movement symptoms joint pain joint swelling joint deformity reduced ability move joint redness warmth skin joint joint stiffness especially morning
Myalgic encephalomyelitis/chronic fatigue syndrome (ME/CFS),there main core symptoms me cfs me cfs persistent profound fatigue unable activities they able illness extreme fatigue me cfs symptoms worse physical mental activity called post-exertional malaise pem known crash relapse collapse sleep issues problems falling staying asleep full-night's rest relieve fatigue symptoms me cfs least symptoms common symptoms profound fatigue worsening symptoms physical mental activity sleep problems lasts least 6 months unusual intense activity relieved sleep bed rest severe enough keep you participating certain activities you crash shopping grocery store need nap driving home you need come pick you up there no predict what crash know how long recover days weeks longer recover forgetfulness concentration problems problems details called brain fog worsening symptoms when standing sitting upright called orthostatic intolerance you dizzy lightheaded faint when standing sitting up you vision changes spots joint pain swelling redness muscle aches muscle weakness headaches differ those you sore throat sore lymph nodes neck arms chills night sweats digestive problems irritable bowel syndrome allergies sensitivity noise food odors chemicals
Achondrogenesis,symptoms short trunk arms legs neck head large relation trunk small lower jaw narrow chest
Acrodysostosis,symptoms disorder frequent middle ear infections growth problems short arms legs hearing problems intellectual disability doesn't respond certain hormones hormone levels normal distinct facial features
Rubinstein-Taybi syndrome,symptoms signs symptoms broadening thumbs big toes constipation excess hair hirsutism heart defects possibly requiring surgery intellectual disability seizures short stature noticeable birth slow development cognitive skills slow development motor skills accompanied low muscle tone absent extra kidney problems kidney bladder underdeveloped bone midface unsteady stiff walking gait downward-slanted eyes low-set ears malformed ears drooping eyelid ptosis cataracts coloboma defect iris eye microcephaly excessively small head narrow small recessed mouth crowded teeth prominent beaked nose thick arched eyebrows long eyelashes undescended testicle cryptorchidism testicular problems
Takayasu arteritis,symptoms there signs inflammation pericarditis pleuritis arm weakness pain chest pain dizziness fatigue fever lightheadedness muscle joint pain skin rash night sweats vision changes weight loss decreased radial pulses wrist difference blood pressure arms high blood pressure hypertension
Osteitis fibrosa,osteitis fibrosa bone pain tenderness there fractures breaks arms legs spine bone problems hyperparathyroidism itself nausea constipation fatigue frequent urination weakness
Perichondritis,painful swollen red ear common symptom infection skin infection quickly worsens involves perichondrium redness surrounds injury cut scrape there fever severe cases fluid drain wound
Retroperitoneal inflammation,symptoms abdominal pain anorexia flank pain low back pain malaise
Uvulitis,symptoms fever your throat choking gagging coughing pain swallowing excessive saliva decreased no appetite
Osgood-Schlatter disease,main symptom painful swelling bump lower leg bone shinbone symptoms legs you leg pain knee pain worse running jumping climbing stairs tender pressure swelling ranges mild severe
Spondylolisthesis,symptoms spondylolisthesis vary mild severe spondylolisthesis no symptoms symptoms they're 18 years condition increased abnormal lordosis called swayback later stages kyphosis roundback upper spine falls off lower spine symptoms lower back pain muscle tightness tight hamstring muscle pain numbness tinglingâ thighs buttocks stiffness tenderness vertebra out weakness legs
High arch,symptoms shortened foot length difficulty fitting shoes foot pain walking standing running symptom
Flat feet,flat feet pain problems don't foot pain ankle pain lower leg pain they evaluated symptoms tired achy feet long periods standing playing sports you pain ankle patients flat foot long you changes appearance flexibility your toes you pain deformed toes
Legg-Calve-Perthes disease,symptom limping painless there mild pain comes goes symptoms hip stiffness limits hip movement knee pain limited range motion thigh groin pain go shortening leg legs unequal length muscle loss upper thigh
Ureteropelvic junction obstruction,there symptoms when symptoms they back flank pain especially when consuming diuretics alcohol caffeine bloody urine hematuria lump abdomen abdominal mass kidney infection poor growth infants failure thrive urinary tract infection fever vomiting
Potter syndrome,symptoms widely separated eyes epicanthal folds broad nasal bridge low set ears receding chin absence urine output difficulty breathing
Prune belly syndrome,weak abdominal muscles urinary tract problems difficulty urinating constipation delay sitting walking difficulties coughing
Urge incontinence,symptoms being able control when you pass urine having urinate night needing urinate suddenly urgently
Urethral stricture,symptoms blood semen discharge urethra bloody dark urine strong urge urinate frequent urination inability empty bladder urinary retention painful urination difficulty urinating loss bladder control increased frequency urgency urinate pain lower abdomen pelvic slow urine stream suddenly gradually spraying urine swelling penis
Acute arterial occlusion - kidney,you symptoms when kidney function because kidney filter blood high blood pressure hypertension come suddenly difficult control your kidney working fully blockage renal artery symptoms acute kidney failure symptoms acute arterial occlusion renal artery note there no pain pain suddenly abdominal pain abrupt decrease urine output back pain blood urine flank pain pain symptoms high blood pressure headache change vision swelling
Perirenal abscess,symptoms perirenal abscess chills fever pain flank abdomen abdomen extend groin down leg sweating
Bladder stones,symptoms when stone irritates lining bladder stones block flow urine bladder symptoms loss urine control bladder stones abdominal pain pressure abnormally colored dark-colored urine blood urine difficulty urinating frequent urge urinate inability urinate certain positions interruption urine stream pain discomfort penis signs uti fever pain when urinating need urinate
Penile cancer,early symptoms cancer advances symptoms sore bump rash swelling tip shaft penis foul-smelling discharge beneath foreskin pain bleeding penis advanced disease lumps groin spread cancer groin lymph nodes weight loss difficulty passing urine
Curvature of the penis,you your notice abnormal hardening tissue below skin shaft penis hard lump bump erection there bend penis begins where you scar tissue hardening softening portion penis scar tissue narrowing penis pain problems penetration pain intercourse shortening penis
Epididymitis,epididymitis begin testicle sensitive pressure painful condition progresses infection epididymis easily spread testicle symptoms common symptoms symptoms epididymitis similar those testicular torsion requires emergent treatment low fever chills heaviness testicle blood semen discharge urethra opening end penis discomfort lower abdomen pelvis lump testicle pain ejaculation pain burning urination painful scrotal swelling epididymis enlarged tender swollen painful groin affected testicle pain worse bowel movement
Orchitis,symptoms pain testicle blood semen discharge penis fever groin pain pain intercourse ejaculation pain urination dysuria scrotal swelling tender swollen groin affected tender swollen heavy testicle
Paraphimosis,foreskin pulled back retracted behind rounded tip penis glans stays there retracted foreskin glans swollen difficult return foreskin its extended position symptoms inability pull retracted foreskin forward head penis painful swelling end penis pain penis
Retrograde ejaculation,symptoms cloudy urine orgasm little no semen released ejaculation
Scrotal masses,symptoms enlarged scrotum painless painful testicle lump
Varicocele,symptoms symptoms enlarged twisted veins scrotum dull ache discomfort painless testicle lump scrotal swelling bulge scrotum possible problems fertility decreased sperm count
Epispadias,males short wide penis abnormal curve urethra opens top penis tip urethra open whole length penis females abnormal clitoris labia urethral opening clitoris labia belly they trouble controlling urination urinary incontinence
Hypospadias,symptoms depend how severe problem condition opening urethra tip penis underside severe forms hypospadias when opening middle base penis rarely opening located behind scrotum condition penis curve down erection erections common infant symptoms hypospadias testicles moved down into scrotum undescended testicle problems peeing spraying down difficult urinate standing foreskin penis hood
Testicular cancer,there no symptoms cancer painless lump testes there symptoms they symptoms parts lungs abdomen pelvis back brain cancer spread testicles discomfort pain testicle heaviness scrotum pain back lower abdomen enlarged testicle change excess amount breast tissue gynecomastia normally adolescent who testicular cancer lump swelling testicle
Cancer,symptoms cancer depend location cancer lung cancer coughing shortness breath chest pain colon cancer diarrhea constipation blood stool cancers symptoms certain cancers pancreatic cancer symptoms start disease reached advanced stage symptoms cancer chills fatigue fever loss appetite malaise night sweats pain weight loss
Nasal septal hematoma,symptoms blockage breathing nasal congestion painful swelling nasal septum change shape nose fever
Agranulocytosis,symptoms condition fever chills malaise general weakness sore throat mouth throat ulcers bone pain pneumonia shock
Hemolytic disease of the newborn,hdn destroy newborn baby's blood cells quickly symptoms edema swelling surface skin newborn jaundice sooner severe normal
Erythroplasia of Queyrat,main symptoms rash irritation tip shaft penis persists red respond topical creams
Lymphadenitis,symptoms lymph nodes rubbery abscess pocket pus formed they inflamed red tender skin lymph node swollen tender hard lymph nodes fever
Ewing sarcoma,there few symptoms common pain swelling site tumor because tumor weakens bone break bone site tumor minor injury fever
Hemolytic transfusion reaction,symptoms symptoms hemolytic transfusion reaction right transfusion they several days delayed transfusion reaction back pain bloody urine chills fainting dizziness fever flank pain flushing skin
Bleeding disorders,symptoms problems depend specific bleeding disorder how severe bleeding into joints muscles bruising easily heavy bleeding heavy menstrual bleeding nosebleeds stop easily excessive bleeding surgical procedures umbilical cord bleeding birth
Glanzmann thrombasthenia,symptoms heavy bleeding surgery bleeding gums bruising easily pinpoint red spots skin heavy menstrual bleeding nosebleeds stop easily prolonged bleeding minor injuries
ABO incompatibility,symptoms abo incompatible transfusion reactions low back pain blood urine chills impending doom fever nausea vomiting shortness breath increased heart rate pain infusion site chest pain dizziness bronchospasm spasm muscles lining lung cough yellow skin whites eyes jaundice acute kidney failure low blood pressure disseminated intravascular coagulation dic
Agammaglobulinemia,symptoms frequent episodes infections typically 4 years life symptoms bronchitis airway infection conjunctivitis eye infection diarrhea otitis media middle ear infection pneumonia lung infection sinusitis sinus infection skin infections upper respiratory tract infections bronchiectasis disease bronchial tubes lungs damaged enlarged asthma known
Burkitt lymphoma,bl noticed swelling lymph nodes glands head neck these swollen lymph nodes painless grow rapidly types commonly united states cancer starts belly abdomen disease start ovaries testes brain kidneys liver spinal fluid general symptoms fever night sweats unexplained weight loss
Graft-versus-host disease,there types gvhd acute chronic symptoms acute chronic gvhd range mild severe acute gvhd happens days late 6 months transplant immune system skin liver intestines mainly affected common acute symptoms chronic gvhd starts 3 months transplant last lifetime chronic symptoms abdominal pain cramps nausea vomiting diarrhea jaundice yellow coloring skin eyes liver problems skin rash itching redness areas skin increased risk infections dry eyes burning sensation vision changes dry mouth white patches mouth sensitivity spicy foods fatigue muscle weakness chronic pain joint pain stiffness skin rash raised discolored areas well skin tightening thickening shortness breath lung damage vaginal dryness weight loss reduced bile flow liver brittle hair premature graying damage sweat glands cytopenia decrease number mature blood cells pericarditis inflammation membrane surrounding heart chest pain
Tumor,symptoms depend location tumor lung tumors coughing shortness breath chest pain tumors colon weight loss diarrhea constipation iron deficiency anemia blood stool tumors symptoms others esophageal pancreatic cancer symptoms disease reached advanced stage symptoms tumors fever chills fatigue loss appetite night sweats weight loss pain
Hyperimmunoglobulin E syndrome,symptoms bone tooth defects fractures losing baby teeth late eczema skin abscesses infection repeated sinus infections repeated lung infections
Chediak-Higashi syndrome,condition infection affected certain viruses epstein-barr virus ebv life-threatening illness resembling blood cancer lymphoma called hemophagocytic lymphohistiocytosis symptoms silver hair light-colored eyes albinism increased infections lungs skin mucous membranes jerky eye movements nystagmus decreased vision intellectual disability muscle weakness nerve problems limbs peripheral neuropathy nosebleeds easy bruising numbness tremor seizures sensitivity bright light photophobia unsteady walking ataxia
Congenital fibrinogen deficiency,complete lack fibrinogen bleeding symptoms reduced level fibrinogen bleed bleeding severe when compared no fibrinogen those problem function fibrinogen don't symptoms bruising easily bleeding umbilical cord birth bleeding mucous membranes bleeding brain rare bleeding joints heavy bleeding injury surgery nosebleeds stop easily
Hypersplenism,symptoms enlarged spleen low level types blood cells full too soon eating stomach pain left
Malignant hyperthermia,symptoms mh bleeding dark brown urine muscle protein called myoglobin urine muscle ache obvious exercise injury muscle rigidity stiffness rise temperature 105â f 40 6â c higher
Malignant teratoma of the mediastinum,symptoms chest pain pressure cough fatigue limited ability tolerate exercise shortness breath
Mosaicism,symptoms vary difficult predict symptoms severe you normal abnormal cells
Lyme disease,symptoms early localized lyme disease stage 1 begin days weeks infection they similar flu there bull's eye rash flat slightly raised red spot site tick bite there clear center large expanding size rash called erythema migrans treatment last 4 weeks longer symptoms come go untreated bacteria spread brain heart joints symptoms early disseminated lyme disease stage 2 weeks months tick bite symptoms late disseminated lyme disease stage 3 months years infection common symptoms muscle joint pain symptoms fever chills general ill headache joint pain muscle pain stiff neck numbness pain nerve paralysis weakness muscles face heart problems conduction abnormalities e g skipped heartbeats orâ palpitations chest pain shortness breath abnormal muscle movement joint swelling muscle weakness numbness tingling speech problems thinking cognitive problems
Schistosomiasis,symptoms vary species worm phase infection parasites fever chills swollen lymph nodes swollenâ liver spleen when worm into skin itâ itching rash swimmer's itch condition schistosome destroyed skin intestinal symptoms abdominal pain diarrhea bloody urinary symptoms frequent urination painful urination blood urine
Valley fever,valley fever symptoms others cold flu-like symptoms symptoms pneumonia symptoms they typically start 5 21 days exposure fungus common symptoms rarely infection spreads lungs bloodstream involve skin bones joints lymph nodes central nervous system organs spread called disseminated coccidioidomycosis widespread sick symptoms skin lesions valley fever sign widespread disseminated disease widespread infection skin sores lesions face ankle feet leg swelling chest pain vary mild severe cough possibly producing blood-tinged phlegm sputum fever night sweats headache joint stiffness pain muscle aches loss appetite painful red lumps lower legs erythema nodosum change mental status enlarged draining lymph nodes joint swelling severe lung symptoms neck stiffness sensitivity light weight loss
Anthrax,symptoms anthrax differ depending anthrax symptoms cutaneous anthrax start 1 7 days exposure symptoms inhalation anthrax symptoms gastrointestinal anthrax 1 symptoms injection anthrax similar those cutaneous anthrax addition skin muscle beneath injection site infected itchy sore similar insect bite sore blister black ulcer sore eschar sore painless surrounded swelling scab forms then dries falls off 2 weeks complete healing longer begins fever malaise headache cough shortness breath chest pain fever shock later abdominal pain bloody diarrhea diarrhea fever mouth sores nausea vomiting vomit contain blood
Aspergillosis,symptoms depend infection symptoms allergic bronchopulmonary aspergillosis symptoms depend affected cough coughing up blood brownish mucus plugs fever general ill malaise wheezing weight loss bone pain chest pain chills decreased urine output headaches increased phlegm production bloody shortness breath skin sores lesions vision problems
Cryptococcosis,infection spread brain who weakened immune system neurological brain symptoms start slowly swelling irritation brain spinal cord when they diagnosed symptoms brain infection infection affect lungs organs lung symptoms symptoms healthy immune system no symptoms fever headache neck stiffness nausea vomiting blurred vision double vision confusion difficulty breathing cough chest pain bone pain tenderness breastbone fatigue skin rash pinpoint red spots petechiae ulcers skin lesions sweating unusual excessive night swollen glands unintentional weight loss
Fleas,bites legs places where clothes fit waist buttocks thighs lower abdomen symptoms flea bites small red bumps bumps together itchy blisters allergy flea bites
Fungal nail infection,symptoms nail changes nails toenails brittleness change nail shape crumbling edges nail debris trapped nail loosening lifting nail loss luster shine nail surface thickening nail white yellow streaks nail
Trichomoniasis,these symptoms who symptoms occasionally trichomoniasis discomfort intercourse itching inner thighs vaginal discharge thin greenish-yellow frothy foamy vaginalâ vulvar itching swelling labia vaginal odor foul strong smell burning urination ejaculation itching urethra slight discharge urethra swelling irritation prostate gland prostatitis swelling epididymis epididymitis tube connects testicle vas deferens vas deferens connects testicles urethra
Typhoid fever,early symptoms fever general ill-feeling abdominal pain high fever 103â f 39 5â c higher severe diarrhea disease worse rash called rose spots small red spots abdomen chest symptoms bloody stools chills agitation confusion delirium hearing there hallucinations difficulty paying attention attention deficit nosebleeds severe fatigue slow sluggish weak
Chiggers,main symptoms chigger bites itching several hours chiggers attach skin bite painless skin rash parts exposed sun stop where underwear meets legs clue rash chigger bites severe itching red pimple-like bumps hives
Rabies,infection when you sick ranges 10 days 7 years period called incubation period average incubation period 3 12 weeks fear water hydrophobia common symptom symptoms drooling headache seizures bite site sensitive mood changes nausea vomiting loss loss muscle function fever 102â f 38 8â c lower muscle spasms numbness tingling pain site bite restlessness swallowing difficulty drinking spasms voice box hallucinations
Peritonitis,your belly painful tender pain worse when your belly touched when you move your belly bloated called abdominal distention symptoms fever chills passing little no stools gas excessive fatigue passing urine nausea vomiting racing heartbeat shortness breath
Sporotrichosis,symptoms small painless red lump site infection passes lump turn into ulcer sore lump up 3 months injury sores hands forearms because these areas commonly injured when handling plants fungus follows channels your body's lymph system small ulcers lines skin infection moves up arm leg these sores heal they treated they last years sores drain small amounts pus body-wide systemic sporotrichosis lung breathing problems bone infection arthritis infection nervous system
Ebola virus disease,exposure when symptoms incubation period 2 21 days average symptoms 8 10 days early symptoms ebola late symptoms who symptoms 21 days being exposed ebola disease fever greater equal 100 4â f 38 0â c severe headache sore throat joint pain muscle pain weakness fatigue loss appetite rash abdominal stomach pain diarrhea vomiting red eyes hiccups bleeding mouth rectum bleeding eyes ears nose organ failure
ECHO virus,symptoms depend site infection croupâ breathing difficulty harsh cough mouth sores skin rashes sore throat chest pain infection affects heart muscle sac-like covering heart pericarditis severe headache mental status changes fever chills nausea vomiting sensitivity light infection affects membranes covering brain spinal cord meningitis
Yaws,2 4 weeks infection sore called mother yaw where bacteria enter skin sore tan reddish raspberry painless itching sores last months sores shortly mother yaw heals scratching sore spread bacteria mother yaw uninfected skin eventually skin sores heal symptoms advanced stage sores skin bones severe disfigurement disability up 1 5 who antibiotic treatment bone pain scarring skin swelling bones fingers
Noma,noma sudden tissue destruction rapidly worse gums lining cheeks inflamed sores ulcers ulcers foul-smelling drainage causing bad breath skin odor infection spreads skin tissues lips cheeks die eventually destroy soft tissue bone destruction bones mouth deformity face loss teeth noma affect genitals spreading genital skin called noma pudendi
Congenital cytomegalovirus,congenital cmv symptoms those who symptoms inflammation retina yellow skin whites eyes jaundice large spleen liver low birth weight mineral deposits brain rash birth seizures small head size
Congenital syphilis,babies who infected birth normal symptoms babies younger 2 years symptoms symptoms older infants young enlarged liver spleen mass belly failure gain weight failure thrive prior birth low birthweight fever irritability irritation cracking skin mouth genitals anus rash starting small blisters especially palms soles later changing copper-colored flat bumpy rash skeletal bone abnormalities able move painful arm leg watery fluid nose abnormal notched peg-shaped teeth called hutchinson teeth bone pain blindness clouding cornea covering eyeball decreased hearing deafness deformity nose flattened nasal bridge saddle nose gray mucus-like patches anus vagina joint swelling saber shins bone problem lower leg scarring skin mouth genitals anus
Chlamydia,chlamydia symptoms similar gonorrhea symptoms symptoms burning urination discharge penis rectum tenderness pain testicles rectal discharge pain burning urination painful sexual intercourse rectal pain discharge symptoms pelvic inflammatory disease pid salpingitis inflammation fallopian tubes liver inflammation similar hepatitis vaginal discharge bleeding intercourse
Perianal streptococcal cellulitis,symptoms fever itching pain bleeding bowel movements redness anus
Leprosy,symptoms skin lesions lighter your normal skin color lesions decreased sensation touch heat pain lesions heal several weeks months muscle weakness numbness lack hands arms feet legs
Rat-bite fever,symptoms depend bacteria infection symptoms streptobacillus moniliformis symptoms spirillum minus symptoms organism resolve 2 weeks untreated symptoms fever joint pain keep returning weeks longer chills fever joint pain redness swelling rash chills fever open sore site bite rash red purple patchesâ bumps swollen lymph nodes bite
Meningococcemia,there few symptoms later symptoms fever headache irritability muscle pain nausea rash small red purple spots feet legs decline your level consciousness large areas bleeding skin shock
Relapsing fever,symptoms relapsing fever bleeding coma headache joint aches muscle aches nausea vomiting sagging face facial droop stiff neck sudden high fever shaking chills seizure vomiting weakness unsteadiness walking
Rickettsialpox,disease begins site mite bite painless firm red lump nodule nodule into fluid-filled blister bursts crusts lump up 1 inch 2 5 centimeters wide these lumps face trunk arms legs they palms hands soles feet symptoms 6 15 days coming contact bacteria symptoms rash painful clears discomfort bright light photophobia fever chills headache muscle pain rash chickenpox sweating runny nose sore throat cough enlarged lymph nodes loss appetite nausea vomiting
Scalded skin syndrome,symptoms blisters fever large areas skin peel fall exfoliation desquamation painful skin redness skin erythema spreads cover skin slips off gentle pressure leaving wet red areas nikolsky sign
Scrofula,symptoms scrofula fevers rare painless swelling lymph nodes neck areas sores rare sweating
Smallpox,symptoms 12 14 days you been infected virus they backache delirium diarrhea excessive bleeding fatigue high fever malaise raised pink rash turns into sores crusty 8 9 severe headache nausea vomiting
Swimming pool granuloma,main symptom reddish purple bump papule slowly grows into purplish painful nodule elbows fingers back hands commonly affected parts knees legs areas affected nodules break down ulcerate leave open sore they spread up lymph nodes limb remain solitary nodule bacteria cannot survive temperature internal organs they stay skin causing nodules
Sydenham chorea,sydenham chorea mainly involves jerky uncontrollable purposeless movements hands arms shoulder face legs trunk these movements twitches disappear sleep symptoms symptoms rf these changes handwriting loss fine motor control especially fingers hands loss emotional control bouts inappropriate crying laughing high fever heart problem joint pain swelling skin lumps skin rashes nosebleeds
Tick paralysis,tick paralysis unsteady gait followed several days later weakness lower legs weakness gradually moves up involve upper limbs paralysis breathing difficulties require breathing machine mild flu-like symptoms muscle aches tiredness
Congenital toxoplasmosis,up half babies who infected toxoplasmosis pregnancy born early prematurely infection damage baby's eyes nervous system skin ears there signs infection birth babies mild infections symptoms months years birth treated infection problems their teens eye problems common symptoms brain nervous system damage ranges mild severe enlarged liver spleen vomiting eye damage inflammation retina parts eye feeding problems hearing loss jaundice yellow skin low birth weight intrauterine growth restriction skin rash tiny red spots bruising birth vision problems seizures intellectual disability
Sleeping sickness,general symptoms mood changes anxiety fever sweating headache weakness insomnia night sleepiness uncontrollable swollen lymph nodes swollen red painful nodule site fly bite
Typhus,symptoms murine endemic typhus symptoms epidemic typhus early rash light rose color fades when you press later rash dull red fade severe typhus small areas bleeding into skin abdominal pain backache dull red rash begins middle spreads fever extremely high 105â f 106â f 40 6â c 41 1â c last up 2 weeks hacking dry cough headache joint muscle pain nausea vomiting high fever chills confusion decreased alertness delirium cough severe muscle joint pain lights bright light hurt eyes low blood pressure rash begins chest spreads rest palms hands soles feet severe headache
Whipworm infection,who whipworm infections don't symptoms symptoms mainly range mild severe severe infection bloody diarrhea iron-deficiency anemia fecal incontinence sleep rectal prolapse rectum comes out anus
Yellow fever,yellow fever 3 stages symptoms stage 1 infection headache muscle joint aches fever flushing loss appetite vomiting jaundice common symptoms go stage 2 remission fever symptoms go recover stage others worse 24 hours stage 3 intoxication problems organs heart liver kidney bleeding disorders seizures coma delirium fever headache muscle aches nausea vomiting possibly vomiting blood red eyes face tongue yellow skin eyes jaundice decreased urination delirium irregular heartbeats arrhythmias bleeding progress hemorrhage seizures coma
Group B streptococcal septicemia of the newborn,baby signs symptoms blue appearance cyanosis breathing difficulties flaring nostrils grunting noises rapid breathing short periods breathing irregular abnormal fast slow heart rate lethargy pale appearance pallor cold skin poor feeding unstable temperature low high
Milia,symptoms whitish pearly bump skin newborns bumps cheeks nose chin whitish pearly bump gums roof mouth they teeth coming gums
Pregnancy and herpes,herpes only skin infection small fluid-filled blisters vesicles these blisters break crust finally heal mild scar remain herpes infection spread throughout called disseminated herpes herpes virus affect parts newborn infants herpes spread brain parts sick symptoms herpes caught shortly birth symptoms similar those birth-acquired herpes herpes baby uterus herpes infection brain called herpes encephalitis liver lungs kidneys involved there blisters skin skin sores fluid-filled blisters bleeding easily breathing difficulties rapid breathing short periods breathing nostril flaring grunting blue appearance yellow skin whites eyes weakness low temperature hypothermia poor feeding seizures shock orâ coma eye disease inflammation retina chorioretinitis severe brain damage skin sores lesions
Infectious myringitis,main symptom pain lasts 24 48 hours symptoms rarely hearing loss continue infection cleared draining ear pressure affected ear hearing loss painful ear
Parainfluenza,symptoms vary depending infection cold-like symptoms consisting runny nose mild cough common life-threatening respiratory symptoms young infants bronchiolitis those weak immune system general symptoms sore throat fever runny stuffy nose chest pain shortness breath wheezing cough croup
Pleurisy,main symptom pleurisy pain chest pain when you deep breath out cough pain shoulder deep breathing coughing chest movement pain worse pleurisy fluid collect chest symptoms coughing shortness breath rapid breathing pain deep breaths
Chagas disease,chagas disease phases acute chronic acute phase no symptoms mild symptoms acute phase disease goes into remission no symptoms years when symptoms finally they fever general ill swelling eye bite eye swollen red site insect bite constipation digestive problems heart failure pain abdomen pounding racing heart swallowing difficulties
Dengue fever,dengue fever begins sudden high fever high 105â f 40 5â c 4 7 days infection flat red rash 2â 5 days fever starts rash measles later disease infected increased skin sensitivity uncomfortable symptoms symptoms severe dengue 24 48 hours fever gone severe symptoms you you know symptoms severe dengue call 911 local emergency number right fatigue headache especially behind eyes joint aches severe muscle aches severe nausea vomiting swollen lymph nodes cough sore throat nasal stuffiness severe stomach pain tenderness vomiting least 3 times 24 hours bleeding nose gums vomiting blood passing blood stools urine bleeding skin bruises difficulty breathing rapid breathing tired restless irritable
Fish tapeworm infection,who infected no symptoms symptoms they abdominal discomfort pain diarrhea weakness weight loss
Leptospirosis,symptoms 2 30 days average 10 days common symptoms dry cough fever headache muscle pain nausea vomiting diarrhea shaking chills abdominal pain abnormal lung sounds bone pain conjunctival surface whites eyes redness fluid enlarged lymph glands enlarged spleen liver joint aches muscle rigidity muscle tenderness skin rash sore throat
Tapeworm infection - hymenolepis,symptoms only heavy infections symptoms diarrhea gastrointestinal discomfort itchy anus poor appetite weakness
Kuru,symptoms kuru difficulty swallowing being unable feed oneself malnutrition starvation average incubation period 10 13 years incubation period 50 years longer been reported arm leg pain coordination problems severe difficulty walking headache swallowing difficulty tremors muscle jerks
Listeriosis,infants symptoms listeriosis few days life loss appetite lethargy jaundice respiratory distress pneumonia shock skin rash vomiting
Ehrlichiosis,incubation period tick bite when symptoms 7 14 days symptoms flu influenza possible symptoms rash fewer cases disease mistaken rocky mountain spotted fever rash symptoms mild sick enough fever chills headache muscle aches nausea diarrhea fine pinhead-sized areas bleeding into skin petechial rash flat red rash maculopapular rash uncommon general ill malaise
Hantavirus,early symptoms hantavirus disease similar flu hantavirus begin better short 1 2 days hard breathe disease worse quickly symptoms chills fever muscle aches dry cough general ill malaise headache nausea vomiting shortness breath
Herpetic stomatitis,symptoms symptoms uncomfortable your doesn't want eat drink blisters mouth tongue cheeks roof mouth gums border lip skin next blisters pop they ulcers mouth tongue cheeks difficulty swallowing drooling fever high 104â fâ 40â c 1 2 days blisters ulcers irritability mouth pain swollen gums
Infant botulism,symptoms breathing stops slows constipation eyelids sag partially floppy absence gagging loss head control paralysis spreads downward poor feeding weak suckling respiratory failure extreme tiredness lethargy weak cry
Laryngitis,symptoms fever hoarseness swollen lymph nodes glands neck
Leishmaniasis,symptoms cutaneous leishmaniasis depend where lesions located systemic visceral infection begins suddenly fever 2 weeks 2 months symptoms fatigue weakness appetite loss weakness increases disease worse symptoms systemic visceral leishmaniasis breathing difficulty skin sores skin ulcer heals slowly stuffy nose runny nose nosebleeds swallowing difficulty ulcers wearing erosion mouth tongue gums lips nose inner nose cough diarrhea fever vomiting abdominal discomfort fever lasts weeks come go cycles night sweats scaly gray dark ashen skin thinning hair weight loss
Familial dysautonomia,fd affects nerves autonomic involuntary nervous system these nerves manage daily functions blood pressure heart rate sweating bowel bladder emptying digestion senses symptoms fd birth grow worse symptoms vary age 3 autonomic crises these episodes vomiting high blood pressure racing heart fever sweating swallowing problems infants aspiration pneumonia poor growth breath-holding spells fainting constipation diarrhea inability pain changes temperature injuries dry eyes lack tears when crying poor coordination unsteady walk seizures unusually smooth pale tongue surface lack taste buds decrease sense taste
Stork bite,stork bite pink flat baby born stork bite months life stork bites forehead eyelids nose upper lip back neck stork bites purely cosmetic symptoms
Vernal conjunctivitis,symptoms burning eyes discomfort bright light photophobia itching eyes cornea where white eye cornea meet limbus rough swollen eyelids upper ones rough covered bumps white mucus watering eyes
Tapeworm infection - beef or pork,tapeworm infection symptoms abdominal discomfort realize they infected when they pass segments worm their stool especially segments moving
Pharyngitis - viral,symptoms associated pharyngitis discomfort when swallowing fever joint pain muscle aches sore throat tender swollen lymph nodes neck
Hepatocerebral degeneration,symptoms difficulty walking impaired intellectual function jaundice muscle spasm myoclonus rigidity shaking arms head tremor twitching uncontrolled movements chorea tremor hand when wrist extended called flapping tremor asterixis unsteady walking ataxia
Ataxia - telangiectasia,symptoms decreased coordination movements ataxia late childhood ataxic gait cerebellar ataxia jerky gait unsteadiness decreasing mental development slows stops age 10 12 delayed walking discoloration skin areas exposed sunlight discoloration skin coffee-with-milk-colored spots enlarged blood vessels skin nose ears elbow knee enlarged blood vessels whites eyes jerky abnormal eye movements nystagmus late disease premature graying hair seizures sensitivity radiation x-rays severe respiratory infections keep coming back recurring
Brachial plexus injury in newborns,symptoms right soon birth they no movement newborn's upper lower arm hand absent moro reflex affected arm extended straight elbow held decreased grip affected depending site injury
Branchial cleft cyst,cysts cases they adulthood symptoms small pits lumps skin tags neck below jawbone fluid drainage pit neck noisy breathingâ cyst large enough block airway
Acute cerebellar ataxia,ataxia affect movement middle neck hip trunk arms legs limbs when sitting move side-to-side back-to-front then quickly moves back sitting upright position when ataxia arms reaches object hand sway back forth common symptoms ataxia clumsy speech pattern dysarthria repetitive eye movements nystagmus uncoordinated eye movements walking problems unsteady gait falls difficulty controlling arm movements
Syringomyelia,condition birth defects there no symptoms age 30 40 years symptoms syringomyelia slowly worsen years case trauma onset symptoms early 2 3 months age there symptoms they headache scoliosis loss muscle mass wasting atrophy arms hands loss reflexes upper limbs increased reflexes lower limbs spasms tightness leg hand arm muscles muscle function loss loss ability arms legs numbness decreases pain temperature lowers ability when skin being touched neck shoulders upper arms trunk cape-like pattern slowly worse pain down arms neck into middle back legs weakness decreased muscle strength arms legs painless burn injury hand difficulty walking toe walking uncontrollable movements eyes nystagmus condition affects nerves eye face horner syndrome trouble controlling bowel bladder
Neurocognitive disorder,symptoms differ based disease general neurocognitive disorder agitation confusion long-term loss brain function mild cognitive impairment dementia severe short-term loss brain function delirium
Polio,there four basic patterns polio infection inapparent infection infected poliovirus inapparent infections they symptoms only know infection performing blood test tests virus stool throat abortive disease who abortive disease symptoms 1 2 weeks getting infected virus symptoms these symptoms last up 5 days recover completely they no signs nervous system problems nonparalytic polio polio signs abortive polio their symptoms intense symptoms paralytic polio polio small percentage who infected polio virus symptoms those abortive nonparalytic polio symptoms inapparent infection abortive disease nonparalytic paralytic fever 2 3 days general discomfort uneasiness malaise headache sore throat vomiting loss appetite belly pain stiff sore muscles back neck trunk arms legs urinary problems constipation changes muscle reaction reflexes disease progresses muscle weakness paralysis loss muscle tissue breathing weak difficulty swallowing drooling hoarse voice severe constipation urinary problems
Spinal tumor,symptoms depend location tumor your general secondary tumors spread spine another site metastatic tumors progress quickly primary tumors progress slowly weeks years symptoms abnormal sensations loss sensation especially legs back pain worse middle lower back severe relieved pain medicine worse when lying down straining cough sneeze extend hips legs loss bowel control bladder leakage muscle contractions twitches spasms fasciculations muscle weakness decreased muscle strength legs falls walking difficult worse progressive paralysis
Posterior fossa tumor,symptoms early posterior fossa tumors symptoms posterior fossa tumors when tumor damages local structures cranial nerves symptoms cranial nerve damage drowsiness headache imbalance nausea uncoordinated walk ataxia vomiting dilated pupils eye problems face muscle weakness hearing loss loss face taste problems unsteadiness when walking vision problems
Spinal cord abscess,symptoms fever chills loss bladder bowel control loss movement below abscess loss sensation below abscess low backache mild slowly worse pain moving hip leg feet pain spread shoulder arm hand
Developmental reading disorder,drd trouble rhyming separating sounds up spoken words these abilities affect learning read child's early reading skills based word recognition involves being able separate out sounds words match them letters groups letters drd trouble connecting sounds language letters words create problems understanding sentences true dyslexia broader simply confusing transposing letters mistaking b d general symptoms drd problems determining meaning simple sentence learning recognize written words rhyming words
Neuralgia,symptoms increased sensitivity skin path damaged nerve touch pressure pain pain path nerve sharp stabbing location episode comes goes intermittent constant burning worse when moved weakness complete paralysis muscles supplied nerve
Neuroblastoma,symptoms fever general sick malaise pain there loss appetite weight loss diarrhea symptoms depend site tumor brain nervous system problems bone pain tenderness cancer spread bones difficulty breathing chronic cough cancer spread chest enlarged abdomen large tumor excess fluid flushed red skin pale skin bluish color eyes profuse sweating rapid heart rate tachycardia inability empty bladder loss movement paralysis hips legs feet lower extremities problems balance uncontrolled eye movements leg feet movements called opsoclonus-myoclonus syndrome dancing eyes dancing feet
Spasmus nutans,symptoms spasmus nutans small quick side-to-side eye movements called nystagmus eyes involved eye move differently head nodding head tilting
Facial tics,tics involve repeated uncontrolled spasm-like muscle movements repeated throat clearing grunting â eye blinking grimacing mouth twitching nose wrinkling squinting
Friedreich ataxia,symptoms wearing structures areas brain spinal cord control coordination muscle movement functions symptoms begin puberty symptoms muscle problems changes spine scoliosis kyphoscoliosis heart disease heart failure heart failure dysrhythmias respond treatment death diabetes later stages disease abnormal speech changes vision particularly color vision decrease ability vibrations lower limbs foot problems hammer toe high arches hearing loss 10 jerky eye movements loss coordination balance frequent falls muscle weakness no reflexes legs unsteady gait uncoordinated movements ataxia worse
Epidural hematoma,contact your head injury brief loss consciousness there symptoms head injury loss consciousness typical pattern symptoms indicate edh loss consciousness followed alertness then loss consciousness pattern important symptoms edh symptoms minutes hours head injury indicate emergency situation bleeding start hours head injury symptoms pressure brain right confusion dizziness drowsiness altered level alertness enlarged pupil eye headache severe head injury trauma followed loss consciousness period alertness then rapid deterioration back unconsciousness nausea vomiting weakness opposite enlarged pupil seizures head impact
Bruxism,grinding your teeth puts pressure muscles tissues structures your jaw symptoms temporomandibular joint problems tmj grinding wear down your teeth noisy enough night bother sleeping partners symptoms bruxism anxiety stress tension depression earache partly because structures temporomandibular joint ear canal because you pain location its source called referred pain eating disorders headache muscle tenderness especially morning hot cold sweet sensitivity teeth insomnia sore painful jaw
Aneurysm in the brain,aneurysm having symptoms aneurysm when mri ct scan brain done another reason brain aneurysm begin leak small amount blood severe headache describe worst headache my life called thunderclap sentinel headache means headache warning sign future rupture days weeks headache started symptoms aneurysm pushes nearby structures brain breaks open ruptures bleeding into brain symptoms depend location aneurysm breaks open what brain pushing symptoms sudden severe headache symptom aneurysm ruptured symptoms aneurysm rupture note ruptured aneurysm medical emergency call 911 local emergency number double vision loss vision headaches eye pain neck pain stiff neck ringing ears confusion no energy sleepiness orâ stupor eyelid drooping headaches nausea vomiting muscle weakness difficulty moving numbness decreased sensation problems speaking seizures stiff neck occasionally vision changes double vision loss vision loss consciousness coma
Encephalitis,symptoms cold stomach infection encephalitis symptoms begin when infection severe symptoms similar those illnesses symptoms symptoms newborns younger infants easy recognize emergency symptoms fever high mild headache low energy poor appetite clumsiness unsteady gait confusion disorientation drowsiness irritability poor temper control light sensitivity stiff neck back vomiting stiffness irritability crying these symptoms worse when baby picked up poor feeding soft spot top head bulge out vomiting loss consciousness poor responsiveness stupor coma muscle weakness paralysis seizures severe headache sudden change mental functions flat mood impaired judgment memory loss lack interest daily activities
Epidural abscess,spinal epidural abscess these symptoms intracranial epidural abscess these symptoms nervous system symptoms depend location abscess bowel bladder incontinence difficulty urinating urinary retention fever back pain fever headache lethargy nausea vomiting pain site recent surgery worse especially fever decreased ability move loss sensation abnormal changes sensation weakness
Tay-Sachs disease,symptoms deafness decreased eye contact blindness decreased muscle tone loss muscle strength loss motor skills paralysis slow growth delayed mental social skills dementia loss brain function increased startle reaction irritability listlessness seizures
Brachial plexopathy,symptoms numbness shoulder arm hand shoulder pain tingling burning pain abnormal sensations location depends injured weakness shoulder arm hand wrist
Subacute sclerosing panencephalitis,symptoms sspe four general stages stage symptoms worse stage stage i there personality changes mood swings depression fever headache stage last up 6 months stage ii there uncontrolled movement problems jerking muscle spasms symptoms stage loss vision dementia seizures stage iii jerking movements replaced writhing twisting movements rigidity death complications stage iv areas brain regulate breathing heart rate blood pressure damaged coma then death
Benign positional vertigo,bppv symptoms spinning sensation certain positions trigger spinning you spinning moving world spinning you loss balance nausea vomiting hearing loss vision problems jumping moving triggered moving your head starts suddenly lasts few seconds minutes rolling bed tilting your head up
Brain herniation,signs symptomsâ increased pressure skull brain herniation high blood pressure irregular slow pulse severe headache weakness cardiac arrest no pulse loss consciousness coma loss brainstem reflexes blinking gagging pupils reacting light respiratory arrest no breathing wide dilated pupils no movement eyes
Subdural effusion,symptoms outward curving baby's skull's soft spot bulging fontanelle abnormally wide spaces bony joints baby's skull separated sutures increased head circumference low energy lethargy persistent fever seizures vomiting weakness loss movement sides
Vertebrobasilar circulatory disorders,common symptoms symptoms difficulty pronouncing words slurred speech difficulty swallowing double vision vision loss numbness tingling face scalp sudden falls drop attacks vertigo sensation spinning memory loss bladder bowel control problems difficulty walking unsteady gait headache neck ache hearing loss muscle weakness nausea vomiting pain parts worse touch cold temperatures poor coordination sleepiness sleep cannot awakened sudden uncoordinated movements sweating face arms legs
Myotonia congenita,hallmark condition myotonia means muscles unable quickly relax contracting handshake only slowly able open pull their hand early symptoms myotonia congenita muscular well-developed they symptoms myotonia congenita age 2 3 difficulty swallowing gagging stiff movements improve when they repeated shortness breath tightening chest beginning exercise frequent falls difficulty opening eyes forcing them closed crying
Facial nerve palsy due to birth trauma,common facial nerve palsy birth trauma involves only lower facial nerve controls muscles lips muscle weakness mainly noticeable when infant cries newborn infant symptoms cases cranial nerves affected well eyelid affected lower face below eyes uneven crying mouth move down sides crying no movement paralysis affected face forehead chin severe cases
Sturge-Weber syndrome,symptoms sws port-wine stain common upper face eyelid rest seizures headache paralysis weakness learning disabilities glaucoma high fluid pressure eye low thyroid function hypothyroidism
Stuttering,stuttering start repeating consonants k g t stuttering worse words phrases repeated later vocal spasms there forced almost explosive sound speech struggling speak stressful social situations anxiety symptoms worse symptoms stuttering symptoms might stuttering mild stuttering unaware their stuttering severe cases aware facial movements anxiety increased stuttering when they asked speak who stutter they stutter when they read aloud sing frustrated when trying communicate pausing hesitating when starting sentences phrases words lips together putting interjecting extra sounds words we went uh store repeating sounds words parts words phrases i want i want my doll i i you ca-ca-ca-can tension voice long sounds words i am booooobbbby jones llllllllike eye blinking jerking head parts jaw jerking clenching fist
Waardenburg syndrome,symptoms common types disease problems arms intestines cleft lip rare constipation deafness common ii disease extremely pale blue eyes eye colors don't match heterochromia pale color skin hair eyes partial albinism difficulty completely straightening joints possible slight decrease intellectual function wide-set eyes i white patch hair early graying hair
Rhabdomyosarcoma,common symptom mass painful symptoms vary depending location tumor tumors nose throat bleeding congestion swallowing problems nervous system problems they extend into brain tumors eyes bulging eye problems vision swelling eye pain tumors ears pain hearing loss swelling bladder vaginal tumors trouble starting urinate having bowel movement poor control urine muscle tumors painful lump mistaken injury
Speech disorders - children,disfluency stuttering common disfluency symptoms disfluency articulation disorder able produce speech sounds clearly saying coo school phonological disorder speech sounds words expected their age voice disorders speech problems repetition sounds words parts words phrases age 4 i want i want my doll i i you putting interjecting extra sounds words we went uh store making words longer i am boooobbby jones pausing sentence words lips together tension voice sounds frustration attempts communicate head jerking talking eye blinking talking embarrassment speech certain sounds r l s consistently distorted changed making s sound whistle errors hard understand only family members able understand last sound words consonants left out changed no problem pronouncing sound words say boo book pi pig no problem saying key go hoarseness raspiness voice voice break out pitch voice change suddenly voice too loud too soft run out air sentence speech sound odd because too air escaping nose hypernasality too little air coming out nose hyponasality
Autonomic dysreflexia,symptoms there no symptoms dangerous rise blood pressure anxiety worry bladder bowel problems blurry vision widened dilated pupils lightheadedness dizziness fainting fever goosebumps flushed red skin above level spinal cord injury heavy sweating high blood pressure irregular heartbeat slow fast pulse muscle spasms especially jaw nasal congestion throbbing headache
Vertigo-associated disorders,main symptom sensation you room moving spinning spinning sensation nausea vomiting depending symptoms you vertigo problems brain central vertigo you symptoms problem focusing eyes dizziness hearing loss ears loss balance falls ringing ears nausea vomiting loss fluids difficulty swallowing double vision eye movement problems facial paralysis slurred speech weakness limbs
Thoracic outlet syndrome,symptoms thoracic outlet syndrome pain numbness tingling pinky ring fingers inner forearm pain tingling neck shoulders carrying heavy pain worse signs poor circulation hand forearm bluish color cold hands swollen arm weakness muscles hand
Cerebral hypoxia,symptoms mild cerebral hypoxia symptoms severe cerebral hypoxia change attention inattentiveness poor judgment speech disorder uncoordinated movement complete unawareness unresponsiveness coma no breathing no response pupils eye light
Ganglioneuroblastoma,commonly lump abdomen tenderness tumor sites chest cavity neck legs
Ganglioneuroma,ganglioneuroma no symptoms tumor only discovered when examined treated another condition symptoms depend location tumor chemicals releases tumor chest mediastinum symptoms tumor lower down abdomen called retroperitoneal space symptoms tumor spinal cord these tumors produce certain hormones symptoms breathing difficulty chest pain compression windpipe trachea abdominal back pain bloating compression spinal cord pain loss strength legs arms spine deformity diarrhea high blood pressure increased hair
Polyarteritis nodosa,symptoms damage affected organs skin joints muscles gastrointestinal tract heart kidneys nervous system affected symptoms nerves affected you numbness pain burning weakness damage nervous system strokes seizures abdominal pain decreased appetite fatigue fever joint aches muscle aches unintentional weight loss weakness
Red birthmarks,main symptoms birthmarks marks skin blood vessels skin rash lesion red
Cherry angioma,cherry angioma bright cherry-red small pinhead size quarter inch 0 5 centimeter diameter smooth stick out skin
Necrotizing soft tissue infection,symptoms symptoms small red painful lump bump skin spreads painful bruise-like then grows rapidly hour center dark dusky then turns black tissue dies skin break open ooze fluid ill fever sweating chills nausea dizziness weakness shock
Paronychia,main symptom painful red swollen nail cuticle site hangnail injury there pus-filled blisters especially bacterial infection bacteria condition come suddenly infection fungus tends slowly nail changes nail detached abnormally shaped unusual color infection spreads rest symptoms fever chills development red streaks skin general ill joint pain muscle pain
Gianotti-Crosti syndrome,skin symptoms symptoms rash patch skin arms legs brownish-red copper-colored patch firm flat top string bumps line generally itchy rash sides rash palms soles back chest belly ways identified absence rash trunk swollen abdomen swollen lymph nodes tender lymph nodes
Xanthoma,xanthoma yellow orange bump papule defined borders there several individual ones they clusters
Mouth ulcers,symptoms vary based mouth ulcer symptoms open sores mouth pain discomfort mouth
Trichorrhexis nodosa,your hair break easily growing african americans scalp microscope hair breaks off scalp grows long problem end hair shaft split ends thinning hair hair tips white
Alopecia areata,hair loss only symptom few burning sensation itching alopecia areata begins several 1 cm 4 cm patches hair loss hair loss scalp beard eyebrows pubic hair arms legs nail pitting patches where hair fallen out smooth round shape they peach-colored hairs exclamation points edges bald patch magnifying tool alopecia areata total hair loss 6 months symptoms start called alopecia totalis when entire scalp involved alopecia universalis when entire affected
Ichthyosis vulgaris,symptoms dry scaly skin severe legs involve arms hands middle condition fine lines their palms infants skin changes life early skin only slightly rough baby 3 months they begin shins back arms dry skin severe scaly skin scales possible skin thickening mild itching skin
Nevoid basal cell carcinoma syndrome,main symptoms disorder symptoms condition affect nervous system condition bone defects skin cancer called basal cell carcinoma puberty noncancerous tumor jaw called keratocystic odontogenic tumor puberty broad nose cleft palate heavy protruding brow jaw sticks out cases wide-set eyes pitting palms soles eye problems deafness intellectual disability seizures tumors brain curvature back scoliosis severe curvature back kyphosis abnormal ribs
Giant congenital nevus,nevus dark-colored patch nevi commonly upper lower parts back abdomen they brown bluish-black color hair regular uneven borders smaller affectedâ areas larger nevus maybe smooth irregular wart-like skin surface arms legs mucus membranes palms soles
Creeping eruption,symptoms creeping eruption blisters itching severe night raised snakelike tracks skin spread 1 cm half inch feet legs severe infections several tracks
Perioral dermatitis,symptoms rash mistaken acne burning mouth creases nose mouth affected bumps mouth filled fluid pus similar rash eyes nose forehead
Hereditary angioedema,symptoms airway blockage involves throat swelling sudden hoarseness repeat episodes abdominal cramping obvious swelling hands arms legs lips eyes tongue throat genitals swelling intestines severe abdominal cramping vomiting dehydration diarrhea pain occasionally shock non-itchy red rash
Epidermolysis bullosa,depending eb symptoms alopecia hair loss blisters eyes nose blisters mouth throat causing feeding problems swallowing difficulty blisters skin minor injury temperature change especially feet blistering birth dental problems tooth decay hoarse cry cough breathing problems tiny white bumps previously injured skin nail loss deformed nails mitten-like hands feet thickening skin hands feet muscle heart brain gastrointestinal bone kidney issues
Erythema toxicum,main symptom rash small yellow-to-white-colored bumps papules surrounded red skin there few several papules they face middle they upper arms thighs rash change rapidly disappearing areas hours days
Hemangioma,symptoms hemangioma hemangiomas head neck extremities red reddish-purple raised growth skin massive raised bluish lump visible blood vessels
Hot tub folliculitis,symptom hot tub folliculitis itchy bumpy red rash symptoms several hours 5 days contact bacteria rash who hot tub rash patients ill fever swollen lymph nodes turn into dark red tender nodules bumps fill pus acne thicker swimsuit areas where water contact skin longer
Hypomelanosis of Ito,skin symptoms visible 2 years symptoms grows crossed eyes strabismus hearing problems increased hair hirsutism scoliosis seizures streaked whorled mottled patches skin arms legs middle intellectual disability autism spectrum disorder learning disability mouth tooth problems
Keratosis pilaris,symptoms small bumps goose bumps back upper arms thighs bumps rough sandpaper skin-colored bumps size grain sand slight pinkness bumps bumps face mistaken acne
Pityriasis alba,problem areas skin lesions start slightly red scaly patches round oval they face upper arms neck upper middle these lesions go patches turn light-colored hypopigmented patches tan easily because they red quickly sun skin surrounding patches darkens normally patches visible
Pyogenic granuloma,signs pyogenic granuloma small red lump skinâ bleeds easily site recent injury hands arms face butâ they mouth pregnant
Tinea versicolor,main symptom patches discolored skin african americans color loss skin color increase skin color symptoms sharp borders edges fine scales oftenâ lighter darker surrounding skin back underarms upper arms chest neck forehead darken sun lighter surrounding healthy skin increased sweating mild itching mild swelling
Urticaria pigmentosa,main symptom brownish patches skin these patches contain cells called mastocytes when mastocytes release chemical histamine patches into hive-like bumps younger blister filled fluid bump scratched face red quickly severe cases these symptoms diarrhea fainting uncommon headache wheeze rapid heartbeat abdominal pain
Xeroderma pigmentosum,symptoms 2 years skin symptoms eye symptoms nervous system neurologic symptoms sunburn heal little bit sun exposure blistering little bit sun exposure spider-like blood vessels skin patches discolored skin worse resembling severe aging crusting skin scaling skin oozing raw skin surface discomfort when being bright light photophobia skin cancer young age melanoma basal cell carcinoma squamous cell carcinoma dry eye clouding cornea ulcers cornea swelling inflammation eyelids cancer eyelids cornea sclera intellectual disability delayed growth loss hearing muscle weakness legs arms
Ehlers-Danlos syndrome,symptoms eds vary back pain double-jointedness easily damaged bruised stretchy skin easy scarring poor wound healing flat feet increased joint mobility joints popping early arthritis joint dislocation joint pain premature rupture membranes pregnancy soft velvety skin vision problems
Ectodermal dysplasias,ectodermal dysplasia lack sweat glands means they sweat sweat normal disease their problem controlling fevers when skin cannot sweat hard control temperature properly mild illness high fever disease can't tolerate warm environment air conditioning measures needed keep normal temperature depending genes affected symptoms abnormal nails abnormal missing teeth fewer normal number teeth cleft lip decreased skin color pigment large forehead low nasal bridge thin sparse hair learning disabilities poor hearing poor vision decreased tear production weakened immune system
Erythrasma,main symptoms reddish-brown slightly scaly patches sharp borders they itch slightly patches moist areas groin armpit skin folds patches similar fungal infections ringworm
Pityriasis rubra pilaris,prp chronic skin condition orange salmon-colored scaly patches thick skin hands feet scaly areas cover small islands normal skin called islands sparing areas scaly skin scaly areas itchy there changes nails prp severe it's life threatening prp greatly reduce quality life limit activities daily living
Dermal melanocytosis,dermal melanocytosis isâ cancerous associated disease markings cover large back markings dermal melanocytosis isâ mistaken bruises raise question possible abuse important recognize dermal melanocytosisâ birthmark bruises blue blue-gray spots back buttocks base spine shoulders areas flat irregular shape unclear edges normal skin texture 2 8 centimeters wide larger
Noonan syndrome with multiple lentigines,former name nsml leopard stands problems signs symptoms disorder nsml similar noonan syndrome main symptom tells apart conditions nsml lentigines lentigines large number brown black freckle-like skin markings mainly affect neck upper chest electrocardiograph conduction abnormalities problems electrical pumping functions heart ocular hypertelorism eyes spaced wide apart pulmonary valve stenosis narrowing pulmonary heart valve blood flow lungs causing shortness breath abnormalities genitals undescended testicles retardation growth delayed growth bone growth problems chest spine deafness hearing loss vary mild severe
Boils,boil begin tender pinkish-red swollen firm skin water-filled balloon cyst pain worse fills pus dead tissue pain lessens when boil drains boil drain its own boil needs opened drain main symptoms boil symptoms bump size pea large golf ball white yellow center pustules spread skin areas joining boils quick growth weeping oozing crusting fatigue fever general ill-feeling itching boil skin redness boil
Port-wine stain,early-stage port-wine stains flat pink older stain grows color deepen dark red purple port-wine stains face anywhere thickened cobblestone-like appearance
Selective deficiency of IgA,selective iga deficiency no symptoms symptoms they frequent episodes symptoms bronchitis airway infection chronic diarrhea conjunctivitis eye infection gastrointestinal inflammation ulcerative colitis crohn disease sprue-like illness mouth infection otitis media middle ear infection pneumonia lung infection sinusitis sinus infection skin infections upper respiratory tract infections bronchiectasis disease bronchial tubes lungs damaged enlarged asthma known
Polymorphous light eruption,polymorphous means taking forms eruption means rash name suggests symptoms pmle rash-like pmle spring early summer areas exposed sun symptoms 1 4 days exposure sunlight they small bumps papules blisters redness scaling skin itching burning affected skin swelling blisters
Livedo reticularis,cases lr affects legs face trunk buttocks hands feet involved well there no pain blood flow completely blocked pain skin ulcers
Albinism,albinism these symptoms forms albinism associated symptoms no color hair skin iris eye lighter normal skin hair patches missing skin color crossed eyes light sensitivity rapid eye movements vision problems functional blindness
Dermatitis herpetiformis,symptoms dh damage their intestines eating gluten only intestinal symptoms extremely itchy bumps blisters elbows knees back buttocks rashes size shape sides rash eczema scratch marks skin erosions blisters
Asherman syndrome,adhesions symptoms related several conditions they likely indicate asherman syndrome they suddenly d c uterine surgery amenorrhea lack menstrual periods repeated miscarriages infertility
Endometritis,symptoms swelling abdomen abnormal vaginal bleeding discharge discomfort bowel movement constipation fever general discomfort uneasiness ill pain lower abdomen pelvic region uterine pain
Placental insufficiency,placental insufficiency symptoms certain diseases preeclampsia symptomatic placental insufficiency
Trachoma,symptoms begin 5 12 days being exposed bacteria condition begins slowly inflammation tissue lining eyelids conjunctivitis pink eye untreated scarring symptoms cloudy cornea discharge eye swelling lymph nodes front ears swollen eyelids turned-in eyelashes
Vaginismus,main symptoms vaginismus anxious sexual intercourse mean they cannot sexually aroused problem orgasms when clitoris stimulated difficult painful vaginal penetration sex vaginal penetration possible vaginal pain sexual intercourse pelvic exam
Miscarriage,possible symptoms miscarriage symptoms beginning low back pain abdominal pain dull sharp cramping tissue clot-like material passes vagina vaginal bleeding abdominal cramps
Bartholin cyst or abscess,symptoms tender lump vaginal opening swelling redness pain sitting walking fever low immunity pain sexual intercourse vaginal discharge vaginal pressure
Breast infection,symptoms breast infection breast enlargementâ fullness only breast lump breast pain fever flu-like symptoms nausea vomiting itching nipple discharge contain pus swelling tenderness warmth breast tissue skin redness wedge shape tender enlarged lymph nodes armpit
Cervical dysplasia,there no symptoms
Adhesion,adhesions joints tendons ligaments harder move joint they pain adhesions belly abdomen blockage intestines symptoms adhesions pelvis long-term chronic pelvic pain bloating swelling your belly constipation nausea vomiting no longer being able pass gas pain belly severe crampy
Cervical polyps,polyps symptoms when symptoms they heavy menstrual periods vaginal bleeding douching intercourse abnormal vaginal bleeding menopause periods white yellow mucus leukorrhea
Cervicitis,there no symptoms symptoms these who risk chlamydia tested infection they symptoms abnormal vaginal bleeding intercourse periods unusual vaginal discharge go discharge gray white yellow color painful sexual intercourse pain vagina pressure heaviness pelvis painful urination vaginal itching
Choriocarcinoma,possible symptom abnormal irregular vaginal bleeding who recently hydatidiform mole pregnancy symptoms irregular vaginal bleeding pain associated bleeding enlargement ovaries choriocarcinoma
Hyperemesis gravidarum,morning sickness decreased appetite low level nausea vomiting true hyperemesis because typically able eat drink fluids symptoms hyperemesis gravidarum severe they severe persistent nausea vomiting pregnancy salivating lot normal weight loss signs dehydration dark urine dry skin weakness lightheadedness fainting constipation inability adequate amounts fluid nutrition
Intrauterine growth restriction,pregnant her baby big measurement mother's pubic bone top uterus smaller expected baby's gestational age measurement called uterine fundal height
Subareolar abscess,symptoms areolar abscess swollen tender lump beneath areolar swelling warmth skin drainage possible pus lump fever chills general ill fatigue
Mittelschmerz,mittelschmerz then switch next months row symptoms lower-abdominal pain only goes minutes few hours last up 24 48 hours sharp cramping pain unlike pain severe rare switch sides begins midway menstrual cycle
Ovarian cysts,ovarian cysts no symptoms ovarian cyst likely pain symptoms ovarian cysts changes menstrual periods common follicular cysts these common corpus luteum cysts spotting bleeding cysts large bleeds breaks open interferes blood supply ovary twisted twisting torsion ovary bloating swelling abdomen pain bowel movements pain pelvis shortly beginning menstrual period pain intercourse pelvic pain movement pelvic pain constant dull aching sudden severe pelvic pain nausea vomiting sign torsion twisting ovary its blood supply rupture cyst internal bleeding
Premenstrual syndrome,common symptoms pms symptoms bloating gassy breast tenderness clumsiness constipation diarrhea food cravings headache tolerance noises lights confusion trouble concentrating forgetfulness fatigue slow sluggish feelings sadness depression hopelessness feelings tension anxiety edginess irritable hostile aggressive behavior outbursts anger self others loss sex drive increase mood swings poor judgment poor self-image feelings guilt increased fears sleep problems sleeping too too little
Retroversion of the uterus,retroversion uterus almost symptoms rarely pain discomfort
Uterine prolapse,symptoms symptoms worse when you stand sit long exercise lifting symptoms worse pressure heaviness pelvis vagina problems sexual intercourse leaking urine sudden urge empty bladder low backache uterus cervix bulge into vaginal opening repeated bladder infections vaginal bleeding increased vaginal discharge
Vaginal cysts,vaginal cysts symptoms cases soft lump vaginal wall protruding vagina cysts range size size pea orange bartholin cysts infected swollen painful vaginal cysts discomfort sex trouble inserting tampon cystoceles rectoceles protruding bulge pelvic pressure difficulty urination defecation
Vaginal cancer,symptoms vaginal cancer no symptoms bleeding having sex painless vaginal bleeding discharge normal period pain pelvis vagina
Vaginal yeast infection,symptoms abnormal vaginal discharge discharge range slightly watery white discharge thick white chunky cottage cheese itching burning vagina labia pain intercourse painful urination redness swelling skin vagina vulva
Adenomyosis,cases there no symptoms when symptoms they long-term heavy menstrual bleeding painful menstrual periods worse pelvic pain intercourse
Nabothian cyst,nabothian cyst small white raised bump there
Nipple discharge,nipple discharge normal nipple discharge likely normal color discharge tell you normal discharge milky clear yellow green brown squeezing your nipple check discharge worse leaving nipple alone discharge stop bloody comes only nipple comes out its own you squeezing touching your nipple comes out nipples happens when you squeeze your nipples
Trichotillomania,symptoms begin age 17 hair come out round patches scalp effect uneven appearance pluck hairy areas eyebrows eyelashes hair these symptoms disorder problems uneven appearance hair bare patches diffuse loss hair bowel blockage obstruction eat hair they pull out constant tugging pulling twisting hair denying hair pulling hair regrowth stubble bare spots increasing sense tension hair pulling self-injury behaviors sense relief pleasure gratification hair pulling sad depressed anxiety poor self-image
Anorectal abscess,common symptoms swelling anus constant throbbing pain swelling pain severe bowel movements coughing sitting symptoms infants abscess swollen red tender lump edge anus infant fussy irritable discomfort there no symptoms constipation discharge pus rectum anus fatigue fever night sweats chills redness painful hardened tissue anus tenderness
Compulsive gambling,compulsive gambling ashamed try avoid letting know their problem american psychiatric association defines gambling disorder having 4 symptoms restless irritable when trying cut back quit gambling gambling escape problems feelings sadness anxiety gambling larger amounts money try back losses losing job relationship education career opportunity gambling lying amount money spent gambling making unsuccessful attempts cut back quit gambling needing borrow money gambling losses needing gamble larger amounts money order excitement spending lot thinking gambling remembering ways money gamble
Depression in older adults,usual symptoms depression depression older hard detect common symptoms fatigue appetite loss trouble sleeping aging process physical illness symptoms early depression ignored confused conditions common older
Substance use disorder,symptoms behaviors substance confusion continuing substances when work family being harmed episodes violence hostility when confronted substance dependence lack control substance misuse being unable stop reduce alcohol intake making excuses substances missing work school decrease performance need daily regular substance function neglecting eat caring physical appearance no longer taking activities because substance misuse secretive behavior hide substance substances when alone
Intellectual disability,family you suspect your intellectual disability when your signs intellectual disability range mild severe lack slow development motor skills language skills self-help skills especially when compared peers failure grow intellectually continued infant-like behavior lack curiosity problems keeping up school failure adapt adjust situations difficulty understanding social rules
Premature ejaculation,ejaculates he prematurely range penetration point penetration leave couple unsatisfied
Schizotypal personality disorder,spd confused schizophrenia spd odd beliefs behaviors unlike schizophrenia they disconnected reality notâ hallucinate they delusions spd disturbed they unusual preoccupations fears fear being monitored government agencies commonly disorder behave oddly unusual beliefs aliens they cling these beliefs strongly they difficulty forming keeping relationships spd depression personality disorder borderline personality disorder common mood anxiety substance disorders common spd common signs spd discomfort social situations inappropriate displays feelings no friends odd behavior appearance odd beliefs fantasies preoccupations odd speech
Autism spectrum disorder,parents asd suspect wrong 18 months asd problems normal age 1 2 they then suddenly lose language social skills they symptoms vary moderate severe asd communication problems social interaction problems response sensory information problems problems play behaviors pretend play social interactions verbal nonverbal communication sensitive sight hearing touch smell taste they refuse wear itchy clothes upset they're forced wear clothes upset when routines changed repeat movements unusually attached can't start maintain conversation gestures words language slowly doesn't adjust gaze objects others doesn't refer self right says you want water when means i want water doesn't point objects normally 14 months life repeats words memorized passages commercials doesn't friends doesn't play interactive games withdrawn respond eye contact smiles avoid eye contact treat others objects prefers alone rather others isn't able empathy doesn't startle loud noises high low senses sight hearing touch smell taste normal noises painful hold their hands their ears withdraw physical contact because it's too stimulating overwhelming rubs surfaces mouths licks objects high low response pain doesn't imitate actions others prefers solitary ritualistic play little pretend imaginative play acts out intense tantrums stuck single topic task short attention span narrow interests overactive passive aggressive others self strong need being repeats movements
Brief psychotic disorder,symptoms brief psychotic disorder symptoms alcohol illegal drug they last longer behavior odd out character false ideas what taking delusions hearing aren't real hallucinations strange speech language
Grief,describe grief five stages these reactions might specific order together these emotions who grieving crying spells trouble sleeping lack productivity work denial disbelief numbness anger blaming others bargaining instance i am cured cancer i smoke depressed mood sadness crying acceptance coming terms
Histrionic personality disorder,disorder able function high level successful socially work symptoms acting overly seductive being easily influenced being overly concerned their being overly dramatic emotional being overly sensitive criticism disapproval believing relationships intimate they actually blaming failure disappointment others constantly seeking reassurance approval having low tolerance frustration delayed gratification needing center attention self-centeredness quickly changing emotions shallow others
Seasonal affective disorder,symptoms build up slowly late autumn winter months symptoms forms depression sad long-term depression bipolar disorder thoughts suicide possible hopelessness increased appetite weight gain weight loss common forms depression increased sleep too little sleep common forms depression energy ability concentrate loss interest work activities sluggish movements social withdrawal unhappiness irritability
Developmental coordination disorder,developmental coordination disorder problems motor coordination compared age common symptoms clumsiness delays sitting up crawling walking problems sucking swallowing life problems gross motor coordination jumping hopping standing onâ foot problems visual fine motor coordination writing scissors tying shoelaces tappingâ finger another
Mathematics disorder,trouble math well low scores math classes tests problems trouble reading writing copying numbers problems counting adding numbers making simple mistakes hard telling difference adding subtracting problems understanding math symbols word problems can't line up numbers properly add subtract multiply can't arrange numbers smallest largest opposite can't understand graphs
Rett syndrome,infant rtt normal development 6 18 months symptoms range mild severe symptoms note problems breathing patterns upsetting difficult symptom parents watch why they happen what them well understood experts recommend parents remain calm episode irregular breathing breath holding help remind yourself normal breathing returns your abnormal breathing pattern breathing problems worse stress breathing normal sleep abnormal awake change development excessive saliva drooling floppy arms legs frequently sign intellectual disabilities learning difficulties scoliosis shaky unsteady stiff gait toe walking seizures slowing head growth beginning 5 6 months age loss normal sleep patterns loss purposeful hand movements grasp pick up small objects replaced repetitive hand motions hand wringing constant placement hands mouth loss social engagement ongoing severe constipation gastroesophageal reflux gerd poor circulation cold bluish arms legs severe language development problems
Pica,pica eat pattern eating must last least 1 fit diagnosis pica depending what being eaten how symptoms problems animal feces clay dirt hairballs ice paint sand belly pain nausea bloating blockage stomach intestine fatigue behavior problems school problems findings poisoning poor nutrition
Rumination disorder,symptoms symptoms must go least 1 fit definition rumination disorder upset retching disgusted when they bring up food pleasure repeatedly bringing up regurgitating food effortless vomiting food comes up undigested repeatedly rechewing food
Phonological disorder,normal speech patterns normal young speech errors their language phonological disorder keep incorrect speech patterns age they stopped them incorrect speech rules patterns dropping last sound word replacing certain sounds others leave out sound they able pronounce sound when words nonsensical syllables who drops last consonants say boo book pi pig no problem saying words key go these errors hard understand only family members able understand who severe phonological speech disorder age 3 least half what says understood stranger sounds correctly age 4 5 few sounds l s r v z ch sh th harder sounds completely correct age 7 8
Separation anxiety in children,severe separation anxiety excessive distress when separated their primary caregiver nightmares reluctance go school places because fear separation reluctance go sleep their primary caregiver nearby repeated physical complaints worry losing harm coming their primary caregiver
Dysgraphia,symptoms errors grammar punctuation poor handwriting poor spelling poorly organized writing need say words aloud when writing
Developmental expressive language disorder,expressive language disorder hard getting their meaning message others symptoms disorder below-average vocabulary skills improper tenses future problems making complex sentences problems remembering words
Language disorders in children,language disorders symptoms below symptoms range mild severe receptive language disorder problems understanding language they expressive language disorder problems language express what they thinking need these language problems difficulty social settings times language disorders severe behavioral problems hard understanding what said problems directions spoken them problems organizing their thoughts hard putting words together into sentences short simple sentences word order off difficulty right words when talking placeholder words um vocabulary below level age leave words out sentences when talking certain phrases repeat echo parts questions tenses future improperly
Selective mutism,symptoms pattern must least 1 called selective mutism school count because shyness common period ability speak home family fear anxiety they know well inability speak certain social situations shyness
Reactive attachment disorder of infancy or early childhood,symptoms caregiver neglect child's avoiding caregiver avoiding physical contact difficulty being comforted making distinctions when socializing strangers wanting alone rather interacting others needs comfort stimulation affection needs food toileting play
Stereotypic movement disorder,symptoms disorder movements biting self hand shaking waving head banging hitting own mouthing objects nail biting rocking
Cyclothymic disorder,symptoms periods episodes extreme happiness high activity energy hypomanic symptoms low mood activity energy depressive symptoms least 2 years 1 years adolescents these mood swings severe bipolar disorder major depression ongoing symptoms no 2 symptom-free months row
Attention deficit hyperactivity disorder,adhd symptoms fall into groups adhd mainly inattentive symptoms mainly hyperactive impulsive symptoms others combination these behaviors inattentive symptoms hyperactivity symptoms impulsivity symptoms above findings they grow these problems diagnosed adhd they must out normal range person's age development being able focus inattentiveness being extremely active hyperactivity being able control behavior impulsivity doesn't pay attention details careless mistakes schoolwork problems focusing tasks play doesn't listen when spoken directly doesn't follow instructions doesn't finish schoolwork chores problems organizing tasks activities avoids doesn't tasks require mental effort schoolwork loses homework toys easily distracted forgetful trouble concentrating fidgets squirms seat leaves their seat when they stay their seat runs climbs when they shouldn't doing problems playing working quietly go acts driven motor talks blurts out answers questions been completed problems awaiting their turn interrupts intrudes others butts into conversations games
Child physical abuse,signs physical abuse signs unexplained injuries strange explanation injuries warning signs abusing sudden change behavior school performance alertness watching bad happen acting out behavior leaving home early going home late wanting go home fear when approached black eyes broken bones cannot explained infants whoâ notâ crawl walk broken bones bruise marks shaped hands fingers objects belt bruises cannot explained usual activities bulging fontanelle soft spot separated sutures infant's skull burn marks â asâ cigarette burns choke marks neck circular marks wrists ankles twisting being tied up human bite marks lash marks unexplained unconsciousness infant cannot explain strange explanations child's injuries talks negative harsh discipline abused alcohol drug problems emotional problems mental illness high stress child's hygiene love concern
Psychosis,psychosis disorganized thought speech false beliefs based reality delusions especially unfounded fear suspicion hearing there hallucinations thoughts jump unrelated topics disordered thinking
Suicide and suicidal behavior,certain signs behaviors suicide attempt having trouble concentrating thinking clearly giving belongings talking going need my affairs order suddenly changing behavior especially calmness period anxiety losing interest activitiesâ they enjoy self-destructive behaviors heavily drinking alcohol illegal drugs cutting their pulling friends wanting go out suddenly having trouble school work talking death suicide saying they want hurt themselves talking hopeless guilty changing sleep eating habits arranging ways their own life buying gun pills
Munchausen syndrome by proxy,caretaker extreme fake symptoms illness caretaker what signs caretaker what signs add blood child's urine stool withhold food they can't gain weight heat up thermometers fever up lab drugs throw up diarrhea infect intravenous iv line sick problem mothers small taking older parent caretakers work know lot medical they describe child's symptoms great medical detail they involved team liked staff they these caretakers involved their they devoted hard professionals diagnosis munchausen syndrome proxy lot providers been hospital lot tests surgeries procedures strange symptoms don't fit disease symptoms match test child's symptoms reported caretaker they professionals symptoms gone hospital start when goes home blood samples match child's blood drugs chemicals child's urine blood stool
Mumps,symptoms mumps symptoms males face pain fever headache sore throat loss appetite swelling parotid glands largest salivary glands located ear jaw swelling temples jaw temporomandibular testicle lump testicle pain scrotal swelling
Myelomeningocele,newborn disorder open fluid-filled sac mid lower back symptoms signs symptoms loss bladder bowel control partial complete lack sensation partial complete paralysis legs weakness hips legs feet newborn abnormal feet legs clubfoot buildup fluid skull hydrocephalus
Newborn jaundice,jaundice yellow color skin begins face then moves down chest belly legs soles feet infants severe jaundice tired feed poorly
Patent ductus arteriosus,small pda symptoms infants symptoms fast breathing poor feeding habits rapid pulse shortness breath sweating feeding tiring easily poor growth
Pertussis,initial symptoms similar common cold cases they exposure bacteria severe episodes coughing start 10 12 days later infants young coughing ends whoop noise sound produced when tries breath whoop noise rare infants 6 months age older coughing spells vomiting short loss consciousness pertussis considered when vomiting coughing infants choking spells long pauses breathing common pertussis symptoms runny nose slight fever 102â f 38 9â c lower diarrhea
Premature infant,infant trouble breathing keeping constant temperature
Neonatal respiratory distress syndrome,symptoms minutes birth they several hours symptoms bluish color skin mucus membranes cyanosis brief stop breathing apnea decreased urine output nasal flaring rapid breathing shallow breathing shortness breath grunting sounds breathing unusual breathing movement drawing back chest muscles breathing
Respiratory syncytial virus (RSV),symptoms 4 6 days infection virus symptoms vary depending age older cold-like symptoms young infants only symptoms young infants severe symptoms trouble breathing breathing problems infant medical emergency seek medical help right rsv into severe respiratory infection rsv existing medical conditions worse asthma copd heart failure runny nose coughing sneezing fever wheezing irritability decreased activity eating drinking breathing problems bluish skin color lack oxygen cyanosis severe cases breathing difficulty labored breathing nasal flaring rapid breathing tachypnea shortness breath whistling sound wheezing bronchiolitis pneumonia
Reye syndrome,reye syndrome sick suddenly syndrome begins vomiting last hours vomiting quickly followed irritable aggressive behavior condition worse unable stay awake alert symptoms reye syndrome symptoms disorder confusion lethargy loss consciousness coma mental changes nausea vomiting seizures unusual placement arms legs decerebrate posture arms extended straight turned legs held straight toes pointed downward double vision hearing loss muscle function loss paralysis arms legs speech difficulties weakness arms legs
Sudden infant death syndrome,almost sids deaths happen warning symptoms death when infant thought sleeping
Tetralogy of Fallot,symptoms bluish color skin cyanosis low oxygen level blood worse when baby upset clubbing fingers skin bone enlargement fingernails difficulty feeding poor feeding habits failure gain weight passing out poor development squatting episodes cyanosis increases blood flow lungs
Transposition of the great arteries,symptoms bluish color skin cyanosis low oxygen level blood clubbing fingers toes poor feeding shortness breath
Measles,symptoms measles begin 10 14 days exposure virus called incubation period rash main symptom rash symptoms 3 5 days signs being sick last 4 7 days starts head spreads areas moving down flat discolored areas macules solid red raised areas papules later join together itches bloodshot eyes cough fever light sensitivity photophobia muscle pain red inflamed eyes conjunctivitis runny nose sore throat tiny white spots mouth koplik spots
Encopresis,symptoms being unable hold stool getting toilet bowel incontinence passing stool inappropriate places child's clothes keeping bowel movements secret having constipation hard stools passing large stool almost blocks toilet loss appetite urine retention refusal sit toilet refusal medicines bloating sensation pain abdomen
Hydrocephalus,symptoms hydrocephalus depend infants hydrocephalus fontanelle soft spot bulge head larger expected early symptoms symptoms older age amount brain damage what causing buildup csf fluid eyes gaze downward irritability seizures separated sutures sleepiness vomiting brief shrill high-pitched cry changes personality memory ability reason think changes facial appearance eye spacing crossed eyes uncontrolled eye movements difficulty feeding excessive sleepiness headache irritability poor temper control loss bladder control urinary incontinence loss coordination trouble walking muscle spasticity spasm slow growth 0 5 years slow restricted movement vomiting
Juvenile angiofibroma,symptoms difficulty breathing nose easy bruising frequent repeated nosebleeds headache swelling cheek hearing loss nasal discharge bloody prolonged bleeding stuffy nose
Osteogenesis imperfecta,oi weak bones fractures likely oi below average height short stature severity disease varies greatly classic symptoms because i collagen ligaments oi loose joints hypermobility flat feet types oi development poor teeth symptoms severe forms oi blue tint whites their eyes blue sclera multiple bone fractures early hearing loss deafness bowed legs arms kyphosis scoliosis s-curve spine
Rubella,generally few symptoms fever headache general discomfort malaise runny nose rash they notice symptoms symptoms bruising rare inflammation eyes bloodshot eyes muscle joint pain
Wilms tumor,symptoms abdominal pain abnormal urine color constipation fever general discomfort uneasiness malaise high blood pressure increased growth only loss appetite nausea vomiting swelling abdomen abdominal hernia mass sweating night blood urine hematuria
Congenital nephrotic syndrome,symptoms nephrotic syndrome cough decreased urine output foamy appearance urine low birth weight poor appetite swelling total
Achondroplasia,achondroplastic dwarfism almost achondroplasia normal intelligence normal lifespan disorder slower rate age unusually large head large forehead flat bridge nose crowded crooked teeth short stature well below average height age sex average size trunk short arms legs especially upper arms thighs bowed legs limited range motion elbows spine curvatures called kyphosis lordosis short fingers extra space ring middle finger trident hand decreased muscle tone infants
Amelogenesis imperfecta,enamel tooth soft thin teeth yellow easily damaged baby teeth permanent teeth affected
Amniotic band sequence,severity deformity vary widely small dent toe finger entire missing being severely underdeveloped symptoms abnormal gap head face goes face called cleft finger toe arm leg missing congenital amputation defect cleft hole abdomen chest wall band located those areas permanent band indentation arm leg finger toe
Anencephaly,symptoms anencephaly heart defects 1 out 5 cases absence skull absence parts brain facial feature abnormalities severe developmental delay
Apert syndrome,symptoms several syndromes similar appearance face head severe hand foot features apert syndrome these similar syndromes early closure sutures bones skull noted ridging sutures craniosynostosis frequent ear infections fusion severe webbing 2nd 3rd 4th fingers called mitten hands hearing loss large late-closing soft spot baby's skull fontanelle possible slow intellectual development varies prominent bulging eyes severe under-development midface skeletal limb abnormalities short height webbing fusion toes carpenter syndrome kleeblattschadel cloverleaf skull deformity crouzon disease craniofacial dysostosis pfeiffer syndrome saethre-chotzen syndrome
Bezoar,symptoms indigestion stomach upset distress nausea vomiting diarrhea pain gastric ulcers
Incontinentia pigmenti,skin symptoms there 4 stages infants ip born streaky blistering areas stage 2 when areas heal they turn into rough bumps stage 3 bumps go leave behind darkened skin called hyperpigmentation several years skin returns normal stage 4 there areas lighter-colored skin hypopigmentation thinner ip associated central nervous system problems ip abnormal teeth hair loss vision problems delayed development loss movement paralysis intellectual disability muscle spasms seizures
Blount disease,lower legs turn inward called bowing legs below knee rapidly worse
Bowlegs,symptoms knees thatâ notâ touch when standing feet together ankles touching bowing legs sides symmetrical bowed legs continue age 3
Canavan disease,symptoms begin life parents tend notice when their reaching certain developmental milestones head control symptoms abnormal posture flexed arms straight legs food material flows back into nose feeding problems increasing head size irritability poor muscle tone especially neck muscles lack head control when baby pulled lying sitting position poor visual tracking blindness reflux gastrointestinal vomiting seizures severe intellectual disability swallowing difficulties
Caput succedaneum,symptoms soft puffy swelling scalp newborn infant possible bruising color change scalp swelling swelling extend sides scalp swelling portion head
Fractured clavicle in the newborn,baby move painful injured arm baby hold lifting baby arms pain fracture fingers problem can't few weeks hard lump where bone healing lump only sign newborn broken collar bone
Cleidocranial dysostosis,cleidocranial dysostosis jaw brow sticks out middle their nose nasal bridge wide collar bones missing abnormally pushes shoulders together front primary teeth fall out expected teeth later normal extra set teeth grow teeth crooked intelligence level normal symptoms ability touch shoulders together front delayed closure fontanelles soft spots loose joints prominent forehead frontal bossing short forearms short fingers short stature increased risk getting flat foot abnormal curvature spine scoliosis knee deformities high risk hearing loss infections increased risk fracture decreased bone density
Craniosynostosis,symptoms depend craniosynostosis they types craniosynostosis no soft spot fontanelle newborn's skull raised hard ridge affected sutures unusual head shape slow no increase head size baby grows sagittal synostosis scaphocephaly common affects main suture top head early closing forces head grow long narrow wide babies tend broad forehead common frontal plagiocephaly next common affects suture runs ear ear top head causing flattened forehead raised eyebrow prominent ear baby's nose pulled common metopic synostosis rare affects suture forehead child's head shape described trigonocephaly because top head triangular narrow pointed forehead range mild severe
Craniotabes,symptoms soft areas skull especially suture line soft areas pop out bones soft flexible thin suture lines
Chickenpox,chickenpox symptoms rash chickenpox rash 10 21 days coming into contact who disease cases 250 500 small itchy fluid-filled blisters red spots skin pox leave scars they infected bacteria likely scratching who vaccine mild case chickenpox cases they recover quickly only few poxes fewer 30 these cases harder diagnose these spread chickenpox others fever headache stomach ache blisters face middle scalp blisters cloudy then scab blisters groups they mouth vagina eyelids skin problems eczema thousands blisters
Cri du chat syndrome,symptoms cry high-pitched sound cat downward slant eyes epicanthal folds extra fold skin inner corner eye low birth weight slow growth low-set abnormally shaped ears hearing loss heart defects intellectual disability partial webbing fusing fingers toes curvature spine scoliosis single line palm hand skin tags front ear slow incomplete development motor skills small head microcephaly small jaw micrognathia wide-set eyes
Hypervitaminosis D,excess vitamin d abnormally high level calcium blood hypercalcemia severely damage kidneys soft tissues bones symptoms constipation decreased appetite anorexia dehydration fatigue confusion frequent urination irritability muscle weakness vomiting excessive thirst polydipsia high blood pressure passing large amounts urine polyuria
Twin-to-twin transfusion syndrome,donor twin smaller twin birth infant anemia dehydrated pale recipient twin born larger redness skin too blood higher blood pressure twin too blood cardiac failure because high blood volume infant need medicine strengthen heart function unequal size identical twins referred discordant twins
Meconium aspiration syndrome,babies who passed meconium into amniotic fluid breathe into their lungs labor delivery they unlikely symptoms problems babies who breathe fluid bluish skin color cyanosis infant working hard breathe noisy breathing grunting extra muscles breathe breathing rapidly no breathing lack respiratory effort apnea limpness birth
Infant of diabetic mother,infant larger usual babies born length mother's womb large gestational age cases especially mothers longstanding illness baby smaller small gestational age symptoms blue skin color rapid heart rate rapid breathing signs immature lungs heart failure poor sucking lethargy weak cry seizures sign severe low blood sugar poor feeding puffy face tremors shaking shortly birth jaundice yellow skin color
Meatal stenosis,symptoms abnormal strength direction urine stream bed wetting bleeding hematuria end urination discomfort urination straining urination incontinence night visible narrowing urethral opening
Rh incompatibility,rh incompatibility symptoms ranging mild deadly its mildest rh incompatibility destruction red blood cells there no effects birth infant yellowing skin whites eyes jaundice low muscle tone hypotonia lethargy
Metatarsus adductus,front foot bent angled middle foot back foot ankles normal half metatarsus adductus these changes feet club foot problem foot pointed down ankle turned
Diastasis recti,diastasis recti ridge runs down middle belly stretches bottom breastbone belly button increases muscle straining infants condition easily when baby tries sit up when infant relaxed you edges rectus muscles diastasis recti commonly who multiple pregnancies because muscles been stretched times extra skin soft tissue front abdominal wall only signs condition early pregnancy later pregnancy top pregnant uterus bulging out abdominal wall outline parts unborn baby severe cases
Epstein pearls,symptoms whitish-yellow nodules gums roof mouth they emerging teeth
Kwashiorkor,symptoms changes skin pigment decreased muscle mass diarrhea failure gain weight grow fatigue hair changes change color texture increased severe infections damaged immune system irritability large belly sticks out protrudes lethargy apathy loss muscle mass rash dermatitis shock late stage swelling edema
Prader-Willi syndrome,signs prader-willi syndrome birth symptoms intense craving food they almost food hoarding rapid weight gain morbid obesity morbid obesity newborns small floppy reduced muscle tone male infants undescended testicles trouble feeding infant poor weight gain almond-shaped eyes delayed muscle motor function development narrowed head temples rapid weight gain short stature slow mental development small hands feet comparison child's 2 diabetes high blood pressure joint lung problems
Neonatal conjunctivitis,infected newborn infants drainage eyes 1 2 weeks birth eyelids puffy red tender there watery bloody thick pus-like drainage infant's eyes
Pierre Robin sequence,symptoms condition cleft palate high-arched palate jaw small small chin jaw back throat repeated ear infections small opening roof mouth whichâ choking liquids coming back out nose teeth when baby born tongue large compared jaw
Diphtheria,symptoms 2 5 days bacteria enter your there no symptoms fever chills sore throat hoarseness painful swallowing croup-like barking cough drooling suggests airway blockage bluish coloration skin bloody watery drainage nose breathing problems difficulty breathing fast breathing high-pitched breathing sound stridor skin sores tropical areas
Interstitial keratitis,symptoms eye pain excessive tearing sensitivity light photophobia
Erythroderma,symptoms there secondary infections skin redness 80 90 scaly skin patches thickened skin skin itchy painful odor swelling arms legs fast heart beat loss fluids dehydration loss temperature regulation
Lacrimal gland tumor,symptoms double vision fullness eyelid face pain
Central serous choroidopathy,symptoms dim blurred blind spot center vision distortion straight lines affected eye objects smaller farther affected eye
Neuronal ceroid lipofuscinoses (NCL),symptoms ncl abnormally increased muscle tone spasm blindness vision problems dementia lack muscle coordination intellectual disability movement disorder loss speech seizures unsteady walk
Cat-scratch disease,who contact infected cat symptoms common symptoms bump papule blister pustule site injury sign fatigue fever headache lymph node swelling lymphadenopathy site scratch bite overall discomfort malaise loss appetite sore throat weight loss
Congenital cataract,congenital cataracts forms cataract symptoms infant visually aware world them cataracts eyes gray white cloudiness pupil normally black red eye glow red reflex pupil missing photos 2 eyes unusual rapid eye movements nystagmus
Subconjunctival hemorrhage,bright red patch white eye patch pain there no discharge eye vision change
Keratosis obturans,symptoms mild severe pain reduced hearing ability inflammation ear canal
Retinopathy of prematurity,blood vessel changes cannot naked eye eye exam ophthalmologist needed reveal problems there five stages rop infant rop classified having plus disease abnormal blood vessels match pictures diagnose condition symptoms severe rop stage i there mildly abnormal blood vessel growth stage ii blood vessel growth moderately abnormal stage iii blood vessel growth severely abnormal stage iv blood vessel growth severely abnormal there partially detached retina stage v there total retinal detachment abnormal eye movements crossed eyes severe nearsightedness white-looking pupils leukocoria
Blepharitis,symptoms you you sand dust your eye when you blink eyelashes fall out eyelids scarred condition continues long-term red irritated eyelids scales stick base eyelashes burning eyelids crusting itching swelling eyelids
Glaucoma,open-angle glaucoma angle-closure glaucoma symptoms come go steadily worse you notice congenital glaucoma symptoms noticed when few months secondary glaucoma no symptoms you aware vision loss damage severe slow loss peripheral vision called tunnel vision main vision loss advanced glaucoma blindness sudden severe pain eye decreased cloudy vision called steamy vision nausea vomiting rainbow-like halos lights red eye eye swollen cloudiness front eye enlargement eye eyes red eye sensitivity light tearing symptoms related underlying problem causing glaucoma depending symptoms open-angle glaucoma angle-closure glaucoma
Meibomianitis,symptoms swelling redness eyelid edges symptoms dry eye slight blurring vision excess oil tears cleared blinking frequent styes
Optic nerve atrophy,optic nerve atrophy vision dim reduces field vision ability fine detail lost colors faded pupil able react light eventually â its ability react light lost
Orbital pseudotumor,symptoms pain eye severe restricted eye movement decreased vision double vision eye swelling proptosis red eye rare
Supranuclear ophthalmoplegia,supranuclear ophthalmoplegia unable move their eyes directions especially upward depending what condition causing supranuclear ophthalmoplegia associated symptoms mild dementia stiff uncoordinated movements those parkinson disease symptoms disorders associated supranuclear ophthalmoplegia
Dacryoadenitis,symptoms swelling outer portion upper eyelid possible redness tenderness pain swelling excess tearing discharge swelling lymph nodes front ear
Endophthalmitis,symptoms call your right you these symptoms eye surgery decreased vision pain redness swelling eyelids
Ozena,nasal crusting discharge congestion bad smell common symptoms ozena ozena long period nasal swelling
Cavernous sinus thrombosis,symptoms bulging eyeball face cannot move eye particular direction drooping eyelids headaches vision loss
Ethmoiditis,symptoms symptoms serious infections headache eyes runny nose nasal congestion loss sense smell vision loss double vision redness bulging eyes
Glomus jugulare tumor,symptoms difficulty swallowing dysphagia dizziness hearing problems loss hearing pulsations ear hoarseness pain weakness loss movement face facial nerve palsy
Glomus tympanum tumor,symptoms hearing problems loss ringing heart beat sounds ear pulsatile tinnitus weakness loss movement face facial nerve palsy
Glossopharyngeal neuralgia,pain head jabbing rare cases sides involved symptoms severe pain areas connected ninth cranial nerve pain episodes severe episodes times awaken sleep triggered back nose throat nasopharynx back tongue ear throat tonsil voice box larynx chewing coughing laughing speaking swallowing yawning sneezing cold beverages touching blunt object tonsil affected
Palatal myoclonus,symptoms clicking ear popping ear fluttering sounds ear normal hearing
Aural polyps,bloody drainage ear common symptom hearing loss
Oral mucous cyst,symptoms mucoceles symptoms ranula painless bothersome because you're aware bumps your mouth clear bluish pink soft smooth round dome-shaped vary size up 1 cm diameter break open their own recur painless swelling floor mouth below tongue bluish dome-shaped cyst large chewing swallowing talking affected cyst grows into neck muscle breathing stop medical emergency
Tongue tie,newborn infant symptoms tongue tie similar symptoms who having problems breastfeeding symptoms breastfeeding mother problems breast pain plugged milk ducts painful breasts frustrated acting irritable fussy feeding difficulty creating keeping suction nipple infant tired 1 2 minutes fall asleep eating enough poor weight gain weight loss problems latching onto nipple infant chew nipple there speech pronunciation difficulties older
Nasal polyps,you small polyps you symptoms polyps block nasal passages sinus infection symptoms polyps you you head cold runny nose stuffed up nose sneezing your nose blocked loss smell loss taste headache pain you sinus infection snoring
Choanal atresia,newborns generally prefer breathe their nose typically infants only breathe their mouths when they cry babies choanal atresia difficulty breathing they crying choanal atresia affect sides nasal airway choanal atresia blocking sides nose acute breathing problems bluish discoloration breathing failure infants need resuscitation delivery half infants blockage only severe problems symptoms chest retracts breathing mouth crying difficulty breathing birth cyanosis bluish discoloration infant crying inability nurse breathe inability pass catheter nose into throat persistent one-sided nasal blockage discharge
Laryngeal nerve damage,symptoms injury left right laryngeal nerves breathing problem urgent medical problem difficulty speaking difficulty swallowing hoarseness
Ramsay Hunt syndrome,symptoms severe pain ear painful rash eardrum ear canal earlobe tongue roof mouth affected nerve hearing changes sensation spinning vertigo weakness face difficulty closing eye eating food falls out weak corner mouth making expressions making fine movements face well facial droop paralysis face changes taste sensation loss taste excess loss tearing eye affected
Nonallergic rhinopathy,symptoms runny nose nasal congestion stuffy nose sneezing watery nasal drainage
Enlarged adenoids,enlarged adenoids breathe mouth because nose blocked mouth breathing mostly night mouth breathing symptoms enlarged adenoids sleep problems enlarged adenoids frequent ear infections bad breath cracked lips dry mouth persistent runny nose nasal congestion restless sleeping snore lot episodes breathing sleep sleep apnea
Osteosarcoma,symptom bone pain joint symptom overlooked especially young because common joint pain symptoms bone fracture routine movement limitation motion limping tumor leg pain when lifting tumor arm tenderness swelling redness site tumor
Food poisoning,symptoms common types food poisoning start 2 6 hours eating food longer shorter depending food poisoning possible symptoms abdominal cramps diarrhea bloody fever chills headache nausea vomiting weakness serious
Aarskog syndrome,symptoms condition belly button sticks out bulge groin scrotum delayed sexual maturity delayed teeth downward palpebral slant eyes palpebral slant direction slant inner outer corner eye hairline widow's peak mildly sunken chest pectus excavatum mild moderate cognitive problems mild moderate short height obvious 1 3 years poorly middle section face rounded face scrotum surrounds penis shawl scrotum short fingers toes mild webbing single crease palm hand small broad hands feet short fingers curved-in fifth finger small nose nostrils tipped forward testicles come down undescended top portion ear folded slightly wide groove above upper lip crease below lower lip wide-set eyes droopy eyelids
Lesch-Nyhan syndrome,too uric acid gout-like swelling joints cases kidney bladder stones lesch-nyhan delayed motor development followed abnormal movements increased reflexes striking feature lesch-nyhan syndrome self-destructive behavior chewing off fingertips lips unknown how disease these problems
Noonan syndrome,symptoms delayed puberty down-slanting widely-spaced eyes hearing loss varies low-set abnormally shaped ears mild intellectual disability only 25 cases sagging eyelids ptosis short stature small penis undescended testicles unusual chest shape sunken chest called pectus excavatum webbed short-appearing neck
Progeria,symptoms growth failure life narrow shrunken wrinkled face baldness loss eyebrows eyelashes short stature large head size face macrocephaly open soft spot skull fontanelle small jaw micrognathia dry scaly thin skin limited range motion teeth delayed absent formation
Congenital rubella,symptoms infant cloudy corneas white appearance pupil deafness developmental delay excessive sleepiness irritability low birth weight below average mental functioning intellectual disability seizures small head size skin rash birth
Treacher Collins syndrome,symptoms outer ears abnormal almost completely missing hearing loss small jaw micrognathia large mouth defect lower eyelid scalp hair reaches cheeks cleft palate
Trisomy 13,symptoms cleft lip palate clenched hands outer fingers top inner fingers close-set eyes eyes actually fuse together into decreased muscle tone extra fingers toes polydactyly hernias umbilical hernia inguinal hernia hole split cleft iris coloboma low-set ears intellectual disability severe scalp defects missing skin seizures single palmar crease skeletal limb abnormalities small eyes small head microcephaly small lower jaw micrognathia undescended testicle cryptorchidism
Trisomy 18,symptoms clenched hands crossed legs feet rounded bottom rocker-bottom feet low birth weight low-set ears mental delay poorly fingernails small head microcephaly small jaw micrognathia undescended testicle unusual shaped chest pectus carinatum
Aase syndrome,symptoms absent small knuckles cleft palate deformed ears droopy eyelids inability fully extend joints birth narrow shoulders pale skin triple-jointed thumbs
Adrenocortical carcinoma,symptoms increased cortisol adrenal gland hormones symptoms increased aldosterone symptoms low potassium fatty rounded hump high back below neck buffalo hump flushed rounded face pudgy cheeks moon face obesity stunted growth short stature virilization appearance male characteristics increased hair especially face pubic hair acne deepening voice enlarged clitoris females muscle cramps weakness pain abdomen
Aicardi syndrome,symptoms start when ages 3 5 months condition jerking infantile spasms childhood seizure aicardi syndrome brain defects symptoms coloboma cat's eye intellectual disability smaller-than-normal eyes microphthalmia
Alstrom syndrome,common symptoms condition occasionally blindness severe vision impairment infancy dark patches skin acanthosis nigricans deafness impaired heart function cardiomyopathy heart failure obesity progressive kidney failure slowed growth symptoms childhood-onset 2 diabetes gastrointestinal reflux hypothyroidism liver dysfunction small penis
Bassen-Kornzweig syndrome,symptoms balance coordination difficulties curvature spine decreased vision worse developmental delay failure thrive grow infancy muscle weakness poor muscle coordination age 10 protruding abdomen slurred speech stool abnormalities fatty stools pale color frothy stools abnormally foul-smelling stools
Ellis-van Creveld syndrome,symptoms cleft lip palate epispadias undescended testicle cryptorchidism extra fingers polydactyly limited range motion nail problems missing deformed nails short arms legs especially forearm lower leg short height 3 5â 5 feet 1â 1 5 meters tall sparse absent fine textured hair tooth abnormalities peg teeth widely-spaced teeth teeth birth natal teeth delayed missing teeth
Fragile X syndrome,behavior problems associated fragile x syndrome physical signs these problems birth others puberty family members who fewer repeats fmr1 gene intellectual disability premature menopause difficulty becoming pregnant problems tremors poor coordination autism spectrum disorder delay crawling walking twisting hand flapping hand biting hyperactive impulsive behavior intellectual disability speech language delay tendency avoid eye contact flat feet flexible joints low muscle tone large size large forehead ears prominent jaw long face soft skin
Orgasmic dysfunction in women,symptoms orgasmic dysfunction being unable reach orgasm taking longer you want reach orgasm having only unsatisfying orgasms
Charley horse,when muscle goes into spasm tight described knot pain severe
Bladder outlet obstruction,symptoms boo vary abdominal pain continuous full bladder frequent urination pain urination dysuria problems starting urination urinary hesitancy slow uneven urine flow times being unable urinate straining urinate urinary tract infection waking up night urinate nocturia urinary incontinence
Lead poisoning,there possible symptoms poisoning affect parts single high dose severe emergency symptoms common poisoning slowly repeated exposure small amounts case there obvious symptoms low levels exposure harm child's mental development problems worse level blood higher harmful because affect children's nerves brains younger harmful unborn vulnerable possible complications symptoms poisoning high levels vomiting internal bleeding staggering walk muscle weakness seizures coma behavior attention problems failure school hearing problems kidney damage reduced iq slowed growth abdominal pain cramping sign high toxic dose aggressive behavior anemia low red blood cell count constipation difficulty getting pregnant difficulty sleeping headaches hearing loss irritability loss previous developmental skills young low appetite energy reduced sensations
Mercuric chloride poisoning,symptoms mercuric chloride poisoning abdominal pain severe breathing difficulty severe decreased urine output stop completely diarrhea bloody drooling metallic taste mouth lesions sores pain throat mouth severe shock extremely low blood pressure swelling throat throat closure inability breathe vomiting blood
Mercuric oxide poisoning,symptoms mercuric oxide poisoning abdominal pain severe breathing difficulty severe bloody diarrhea decreased urine output stop completely drooling metallic taste mouth mouth soresâ ulcers throat swelling swelling throat shock extremely low blood pressure vomiting blood
Mercury poisoning,elemental mercury elemental mercury harmless touched swallowed thick slippery falls off skin leaves stomach intestines being absorbed lot damage elemental mercury into air small droplets breathed into lungs mistake when try vacuum up mercury spilled onto ground breathing enough elemental mercury symptoms right these called acute symptoms long-term symptoms small amounts inhaled these called chronic symptoms chronic symptoms depending how mercury inhaled permanent lung damage death long-term brain damage inhaled elemental mercury there been cases mercury being injected skin fever rash infection requiring surgical drainage removal mercury inorganic mercury unlike elemental mercury inorganic mercury poisonous when swallowed depending how swallowed symptoms inorganic mercury enters your bloodstream attack kidneys brain permanent kidney damage kidney failure large amount bloodstream massive blood fluid loss diarrhea kidney failure death organic mercury organic mercury sickness breathed eaten placed skin long periods organic mercury problems years decades right means being exposed small amounts organic mercury years likely symptoms later single large exposure problems long-term exposure likely symptoms nervous system being exposed large amounts organic mercury called methylmercury pregnant permanent brain damage baby providers recommend eating fish especially high-mercury fish swordfish pregnant limiting consumption fish small well talk their what they eat pregnant metallic taste mouth vomiting difficulty breathing bad cough swollen bleeding gums burning stomach throat bloody diarrhea vomiting numbness pain certain parts your skin uncontrollable shaking tremor inability walk well blindness double vision memory problems seizures death large exposures
Naphthalene poisoning,stomach problems 2 days coming contact poison they fever symptoms note condition called glucose-6-phosphate dehydrogenase deficiency vulnerable effects naphthalene abdominal pain nausea vomiting diarrhea coma confusion convulsions drowsiness headache increased heart rate tachycardia low blood pressure low urine output stop completely pain when urinating blood urine shortness breath yellowing skin jaundice
Nitric acid poisoning,symptoms swallowing nitric acid symptoms breathing inhaling nitric acid poison touches your skin eyes you abdominal pain severe burns skin mouth drooling fever mouth pain severe rapid drop blood pressure shock throat swelling breathing difficulty throat pain severe vomiting bloody bluish-colored lips fingernailsâ cyanosis chest tightness choking coughing coughing up blood dizziness low blood pressure rapid pulse shortness breath weakness blisters burns pain vision loss
Oxalic acid poisoning,symptoms oxalic acid poisoning symptoms getting oxalic acid skin eyes abdominal pain burns blisters where acid contacted skin lips tongue gums chest pain collapse drooling mouth pain seizures shockâ rapid drop blood pressure throat pain swelling difficulty breathing tremors unintentional trembling vomiting burning severe pain vision loss
Acetone poisoning,below symptoms acetone poisoning exposure parts heart blood vessels cardiovascular system stomach intestines gastrointestinal system nervous system breathing respiratory system urinary system low blood pressure nausea vomiting pain belly fruity odor sweet taste mouth drunkenness coma unconscious unresponsive drowsiness stupor confusion decreased level consciousness lack coordination difficulty breathing slowed breathing rate shortness breath increased need urinate
Potassium carbonate poisoning,symptoms potassium carbonate poisoning symptoms getting potassium carbonate skin eyes burns severe pain mouth throat throat swelling difficulty breathing drooling severe abdominal pain diarrhea chest pain rapid drop blood pressure shock vomiting bloody burning severe pain vision loss
Potassium hydroxide poisoning,symptoms swallowing potassium hydroxide symptoms getting potassium hydroxide skin eyes burns severe pain mouth throat throat swelling difficulty breathing drooling severe abdominal pain diarrhea chest pain rapid drop blood pressure shock vomiting bloody burning severe pain vision loss
Boric acid poisoning,main symptoms boric acid poisoning blue-green vomit diarrhea bright red rash skin symptoms blisters collapse comaâ lack responsiveness seizures drowsiness fever headache lack desire lethargy low blood pressure restlessness significantly decreased urine output none sloughing skin twitching facial muscles arms hands legs feet weakness
Sodium carbonate poisoning,symptoms swallowing sodium carbonate symptoms skin eye contact breathing problems throat swelling collapse diarrhea drooling eye irritation redness pain hoarseness low blood pressure rapidly severe pain mouth throat chest abdominal shock swallowing difficulty vomiting skin burning drainage pain eye burning drainage pain vision loss
Sodium hydroxide poisoning,below symptoms sodium hydroxide poisoning exposure parts airways lungs esophagus intestines stomach eyes ears nose throat heart blood skin breathing difficulty inhaling sodium hydroxide lung inflammation sneezing throat swelling breathing difficulty blood stool burns esophagus food pipe stomach diarrhea severe abdominal pain vomiting possibly bloody drooling severe pain throat severe pain burning nose eyes ears lips tongue vision loss collapse low blood pressure rapidly severe change blood ph too too little acid blood shock burns hives irritation holes skin tissue skin
Sodium hypochlorite poisoning,watered-down diluted sodium hypochlorite generally only mild stomach irritation swallowing larger amounts serious symptoms industrial-strength bleach contains higher concentrations sodium hypochlorite severe injury mix ammonia sodium hypochlorite bleach bleach-containing products common household error produces chlorine toxic gas choking serious breathing problems symptoms sodium hypochlorite poisoning burning tearing red eyes burns esophagus chest pain tightness coma lack responsiveness coughing fumes delirium agitation confusion drooling gagging sensation low blood pressure pain mouth throat skin irritation exposed burns blistering shock extremely low blood pressure slow heartbeat stomach abdominal pain throat swelling difficulty breathing vomiting bloody weakness
Trisodium phosphate poisoning,below symptoms trisodium phosphate poisoning exposure parts airways lungs esophagus stomach intestines eyes ears nose throat heart blood skin breathing difficulty inhaling trisodium phosphate coughing throat swelling breathing difficulty blood stool burns esophagus food pipe stomach diarrhea severe abdominal pain vomiting possibly bloody drooling severe pain throat severe pain burning nose eyes ears lips tongue vision loss low blood pressure rapidly collapse severe change blood acid level shock burns hives holes skin tissue skin skin irritation
Ammonium hydroxide poisoning,below symptoms ammonia exposure poisoning parts airways lungs eyes ears nose throat esophagus stomach intestines heart blood skin breathing difficulty ammonia inhaled coughing throat swelling breathing difficulty wheezing inability swallow severe pain throat severe pain burning nose eyes ears lips tongue vision loss blood stool burns esophagus food pipe stomach severe abdominal pain vomiting possibly blood collapse low blood pressure rapidly severe change ph too too little acid blood damage organs burns holes skin tissue irritation
Sulfuric acid poisoning,initial symptoms severe pain contact symptoms swallowing symptoms breathing poison symptoms skin eye contact breathing difficulty throat swelling burns mouth throat drooling fever rapid development low blood pressure shock severe pain mouth throat speech problems vomiting blood vision loss bluish skin lips fingernails cyanosis breathing difficulty weakness chest pain tightness choking coughing coughing up blood dizziness low blood pressure rapid pulse shortness breath skin burning drainage pain eye burning drainage pain vision loss
Cobalt poisoning,you exposed high levels cobalt weeks months symptoms possible symptoms you swallow large amount cobalt worrisome cobalt poisoning when you breathe into your lungs only happen industrial settings where large amounts drilling polishing processes release fine particles containing cobalt into air breathing cobalt dust chronic lung problems you breathe substance long periods you likely breathing problems similar asthma pulmonary fibrosis shortness breath decreased exercise tolerance cobalt poisoning prolonged constant your skin likely irritation rashes go slowly swallowing large amount absorbable cobalt rare likely dangerous nausea vomiting absorbing large amount cobalt longer periods serious problems cardiomyopathy problem where your heart big floppy problems pumping blood deafness nerve problems ringing ears tinnitus thickening blood thyroid problems vision problems
Copper poisoning,swallowing large amounts copper touching large amounts copper hair turn color green breathing copper dust fumes acute syndrome metal fume fever mff mff long-term exposure lung inflammation permanent scarring decreased lung function symptoms long-term exposure abdominal pain diarrhea vomiting yellow skin whites eyes jaundice chest pain chills cough fever general weakness headache metallic taste mouth anemia low red blood cell count burning sensation chills convulsions dementia diarrhea bloody blue color difficulty speaking fever involuntary movements jaundice yellow skin kidney failure liver failure metallic taste mouth muscle aches nausea pain shock tremor shaking vomiting weakness
Hydrochloric acid poisoning,symptoms swallowing hydrochloric acid symptoms breathing hydrochloric acid poison touches your skin eyes you mouth throat burn causing severe pain drooling breathing difficulty swelling throat severe abdominal pain bloody vomiting severe chest pain fever rapid drop blood pressure shock bluish color lips fingernails chest tightness choking coughing up blood dizziness low blood pressure rapid pulse shortness breath weakness blisters burns pain vision loss
Hydrofluoric acid poisoning,swallowing breathing inhaling acid poison touched your skin eyes you hydrofluoric acid poisoning direct effects heart irregular life-threatening heartbeats who come into contact poison likely combination symptoms burns mouth throat causing severe pain drooling breathing difficulty throat mouth swelling burning abdominal pain vomiting blood chest pain collapse low blood pressure shock irregular heartbeat bluish lips fingernails cyanosis chills chest tightness choking coughing blood rapid pulse dizziness fever weakness blisters burns pain vision loss
Morphine overdose,when you correct prescribed dose these medicines effects addition relieving pain you drowsy confused daze constipated possibly nauseated when you too medicine symptoms serious symptoms systems eyes ears nose throat gastrointestinal system heart blood vessels nervous system respiratory system skin symptoms pinpoint pupils constipation nausea spasms pain stomach intestinal tract vomiting low blood pressure weak pulse coma unresponsiveness drowsiness possible seizures difficulty breathing slow breathing requires effort shallow breathing no breathing bluish-colored fingernails lips cyanosis muscle damage being immobile unresponsive
Naproxen sodium overdose,symptoms naproxen sodium overdose agitation confusion incoherence understandable blurred vision coma seizures diarrhea dizziness unsteadiness movement problems drowsiness headache severe heartburn stomach pain possible bleeding stomach intestines nausea vomiting rash ringing ears slow labored breathing wheezing
Pentobarbital overdose,symptoms pentobarbital overdose blurred double vision rapid side-to-side movement eyes nystagmus coma decreased level consciousness lack responsiveness confusion dizziness drowsiness tiredness fainting nausea rash blisters shock extremely low blood pressure slowed absent breathing stupor decreased level alertness slurred speech weakness uncoordinated movement staggering gait ataxia commonly
Nicotine poisoning,symptoms nicotine poisoning abdominal cramps agitation restlessness excitement confusion breathing difficult rapid stopped burning sensation mouth drooling seizures depression fainting coma lack responsiveness headache muscle twitching damage palpitations fast pounding heartbeat followed slow heart rate vomiting weakness
Oxazepam overdose,symptoms oxazepam overdose blurred double vision rapid side-to-side movement eyesâ nystagmus coma decreased level consciousness lack responsiveness confusion dizziness drowsiness tiredness fainting nausea rash slowed absent breathing stupor decreased level alertness slurred speech weakness uncoordinated movement staggering gait ataxia commonly
Para-aminobenzoic acid,symptoms allergic reaction paba paba overdose â note paba reactions allergic reactions overdoses diarrhea dizziness eye irritation touches eyes fever liver failure nausea vomiting rash allergic reactions shortness breath slowed breathing stupor altered thinking decreased level consciousness coma unresponsiveness
Pentazocine overdose,symptoms eyes ears nose throat heart blood vessels lungs muscles nervous system skin stomach intestines pentazocine weak opioid opioid withdrawal symptoms who substitute stronger formulations symptoms withdrawal hearing loss pinpoint pupils heart rhythm disturbances low blood pressure weak pulse breathing slow labored shallow no breathing muscle spasticity muscle damage being immobile coma coma lack responsiveness confusion drowsiness seizures cyanosis blue fingernails lips jaundice turning yellow rash nausea vomiting spasms stomach intestines abdominal cramps anxiety restlessness diarrhea goose bumps rapid heart rate vomiting
Antidiarrheal drug overdose,who overdosed medicine these symptoms note symptoms up 12 hours apathy loss desire slow breathing breathing stops pounding racing heartbeat palpitations slowdown stoppage bowels coma decreased level consciousness lack responsiveness constipation seizures convulsions drowsiness dry mucous membranes mouth eye changes pupil size small normal-sized large eyes move quickly flushed skin hallucinations hearing aren't there restlessness urination difficulty vomiting
Petroleum jelly overdose,these symptoms swallowing large amount petroleum jelly large amount petroleum jelly eyes nose skin eyes nose skin irritation these tissues petroleum jelly aspirated enters breathing tube lungs symptoms serious abdominal pain coughing diarrhea irritation throat shortness breath cough difficulty breathing activity chest pain coughing up blood fever chills night sweats weight loss
Phencyclidine overdose,symptoms pcp overdose who pcp dangerous themselves others try approach agitated who you think pcp agitation overly excited violent behavior altered state consciousness catatonic trance talk move react coma convulsions seizures hallucinations high blood pressure side-to-side eye movementsâ nystagmus psychosis loss contact reality uncontrolled movement lack coordination
Promethazine overdose,bladder kidneys heart blood vessels nervous system urinary hesitancy inability urinate rapid heartbeat weakness low blood pressure drowsiness orâ comaâ lack responsiveness agitation nervousness confusion excitation disorientation hallucinations depression fever unsteadiness restlessness inability sit involuntary repetitive movements seizures tremor unintentional trembling dry mouth flushed skin involuntary tongue movement large dilated pupils vision difficulty muscle stiffness spasms face neck
Pheniramine overdose,below symptoms overdose pheniramine parts bladder kidneys eyes ears nose throat heart blood vessels nervous system skin stomach intestines inability urinate difficulty urinating blurred vision dilated enlarged pupils dry mouth ringing ears rapid heartbeat increased blood pressure agitation coma convulsions seizures delirium hallucinations disorientation drowsiness fever nervousness tremors unsteadiness weakness flushed skin warm skin nausea vomiting
Phenobarbital overdose,symptoms phenobarbital overdose blurred double vision rapid side-to-side movement eyes nystagmus coma decreased level consciousness lack responsiveness confusion dizziness drowsiness tiredness fainting nausea rash shock extremely low blood pressure slowed absent breathing stupor decreased level alertness slurred speech weakness uncoordinated movement staggering gait ataxia commonly
Phenytoin overdose,symptoms phenytoin overdose coma confusion seizures occasionally dizziness fever low blood pressure muscle rigidity spasms sleepiness side-to-side eye movement nystagmus slurred speech swollen gums tremor unintentional trembling unsteadiness
Piroxicam overdose,symptoms piroxicam overdose airways lungs eyes ears nose throat nervous system skin stomach intestines rapid breathing slow labored breathing wheezing ringing ears blurred vision agitation confusion incoherence understandable collapse comaâ decreased level consciousness lack responsiveness convulsions seizures drowsiness headache severe unsteadiness movement problems rash diarrhea heartburn nausea vomiting stomach pain possible bleeding stomach intestines
Propoxyphene overdose,symptoms eyes ears nose throat heart blood vessels lungs muscles nervous system skin stomach intestines propoxyphene weak opioid opioid withdrawal symptoms who substitute stronger formulations symptoms withdrawal hearing loss pinpoint pupils heart rhythm disturbances low blood pressure weak pulse breathing slow labored shallow no breathing muscle spasticity muscle damage being immobile coma coma lack responsiveness confusion drowsiness seizures cyanosis blue fingernails lips jaundice turning yellow rash nausea vomiting spasms stomach intestines abdominal cramps anxiety restlessness diarrhea goose bumps rapid heart rate vomiting
Propyl alcohol,symptoms abdominal pain coma lack responsiveness decreased absent reflexes difficulty breathing dizziness headache lethargy tiredness low blood pressure sign serious poisoning increased risk death low urine output nausea vomiting slowed labored breathing slurred speech stupor decreased level alertness confusion uncoordinated movements vomiting blood
Calcium carbonate with magnesium overdose,symptoms overdose calcium carbonate magnesium bone pain chronic overuse constipation decreased reflexes diarrhea dry mouth irregular heartbeat poor balance shallow rapid breathing skin flushing stupor lack alertness
Aspirin overdose,airways lungs eyes ears nose throat nervous system skin stomach intestines symptoms chronic overdose rapid breathing slow labored breathing wheezing ringing ears blurred vision agitation confusion incoherence understandable collapse coma lack responsiveness seizures drowsiness headache severe unsteadiness problems moving rash diarrhea heartburn nausea vomiting bloody stomach pain possible bleeding stomach intestines fatigue slight fever confusion collapse rapid heart beat uncontrollable rapid breathing
Secobarbital overdose,symptoms secobarbital overdose blurred double vision rapid side-to-side movement eyes nystagmus coma decreased level consciousness lack responsiveness confusion dizziness drowsiness tiredness fainting muscle skin damage discoloration blisters ulcers lying hard surface stuporous coma nausea rash blisters shock extremely low blood pressure slowed absent breathing stupor decreased level alertness slurred speech weakness uncoordinated movement staggering gait ataxia commonly
Doxepin overdose,below symptoms overdose doxepin parts airways lungs bladder kidneys eyes ears nose throat heart blood mouth stomach intestinal tract nervous system skin slow breathing difficulty breathing hard start urinating hard empty bladder blurred vision ringing ears irregular heartbeat fatal low blood pressure shock constipation dry mouth nausea vomiting unpleasant taste mouth agitation confusion drowsiness decreased alertness coma headache muscle rigidity â lack coordination restlessness seizures sensitive sunlight
Sodium bisulfate poisoning,symptoms swallowing tablespoon 15 milliliters acid chemical touches your skin symptoms your eyes you breathing difficulty burning pain mouth chest pain burns esophagus swallowing tube diarrhea drooling gaggling sensation vomiting bloody severe low blood pressure shock causing weakness blisters burns painful red skin decreased vision eye pain eye redness tearing
Sulindac overdose,symptoms sulindac overdose airways lungs eyes ears nose throat nervous system skin stomach intestines rapid breathing hyperventilation slow labored breathing wheezing ringing ears blurred vision agitation confusion incoherence understandable drowsinessâ comaâ unresponsiveness convulsions headache severe unsteadiness movement problems rash diarrhea heartburn nausea vomiting bloody stomach abdominal pain
Thioridazine overdose,below symptoms overdose thioridazine parts bladder kidneys eyes ears nose throat heart blood lungs mouth stomach intestinal tract muscles bones nervous system cannot completely empty bladder blurred vision drooling dry mouth nasal congestion swallowing difficulties ulcers mouth tongue throat vision color changes brown tinge yellow eyes rapid heartbeat slow heartbeat irregular heartbeat high low blood pressure difficulty breathing fluid buildup lungs breathing stop severe cases constipation loss appetite nausea muscle spasms muscle stiffness neck face stiffness drowsiness coma difficulty walking dizziness fever hypothermia temperature lower normal seizures tremor weakness lack coordination menstrual changes blue discoloration skin changing purplish color
Tolmetin overdose,below symptoms overdose tolmetin parts airways lungs eyes ears nose throat kidneys bladder nervous system stomach intestinal tract skin rapid breathing slow breathing wheezing blurred vision ringing ears kidney failure coma confusion convulsions dizziness drowsiness incoherence understandable unsteadiness abdominal pain bleeding stomach intestines diarrhea heartburn nausea vomiting bloody rash
Trazodone overdose,below symptoms overdose trazodone parts airways lungs heart blood vessels nervous system difficulty breathing stopped breathing chest pain irregular heartbeat low blood pressure fainting slow heart rate coma lack responsiveness dizziness drowsiness headache insomnia seizures lack coordination tremor abnormal erection lasts 4 hours permanent damage penis priapism
Acetaminophen and codeine overdose,below symptoms overdose acetaminophen combined codeine parts airways lungs eyes heart blood vessels nervous system skin stomach gastrointestinal system urinary system shallow breathing slow labored breathing stopped breathing small pupils low blood pressure coma lack responsiveness convulsions seizures drowsiness stupor lack alertness bluish skin fingernails lips cold clammy skin heavy sweating nausea vomiting spasms stomach intestines liver failure kidney failure
Bacitracin overdose,bacitracin safe getting eyes redness pain itching eating bacitracin large amounts stomach pain vomiting rare cases bacitracin allergic reaction redness itching skin reaction severe there difficulty swallowing breathing bacitracin body-wide systemic antibiotic parts world injection pain shot skin rash nausea vomiting bone marrow kidney failure who sensitive neomycin another antibiotic skin sensitive bacitracin
Camphor overdose,symptoms abdominal pain anxiety â agitation excitation hallucinations burning mouth throat tremors twitching facial muscles seizures excessive thirst muscle spasms rigid muscles nausea vomiting rapid pulse skin irritation slow breathing sleepiness unconsciousness
Bacitracin zinc overdose,bacitracin zinc safe getting bacitracin zinc ointment intended skin eyes redness pain itching eating bacitracin large amounts pain your stomach you might throw up rare cases bacitracin zinc allergic reaction redness itching skin reaction severe there difficulty swallowing breathing
Zinc poisoning,symptoms pain burning sensations convulsions cough fever chills low blood pressure metallic taste mouth no urine output rash shock collapse shortness breath vomiting watery bloody diarrhea yellow eyes yellow skin
Zinc oxide overdose,zinc oxide poisoning these symptoms harmful effects zinc oxide come breathing gas zinc oxide industrial sites chemical welding industry condition known metal fume fever symptoms metal fume fever metallic taste mouth fever headache chest pain shortness breath symptoms start 4 12 hours breathing fumes serious injury lungs fever chills cough diarrhea mouth throat irritation nausea vomiting stomach pain yellow eyes skin
Aminophylline overdose,serious life-threatening symptoms theophylline overdose seizures disturbances heart rhythm symptoms stomach intestines heart blood lungs muscles joints nervous system symptoms babies stomach intestines heart blood lungs muscles joints nervous system diarrhea increased appetite increased thirst nausea vomiting possibly blood high low blood pressure irregular heartbeat rapid heart rate pounding heartbeat palpitations breathing difficulty muscle twitching cramping abnormal movements confused thinking poor judgment agitation psychosis when extreme convulsions seizures dizziness fever headache irritability restlessness sweating trouble sleeping nausea vomiting irregular heartbeat low blood pressure rapid heartbeat shock rapid deep breathing muscle cramps twitching convulsions seizures irritability tremors
Thiazide overdose,symptoms thiazide overdose confusion dizziness fainting drowsiness dry mouth fever frequent urination pale-colored urine heart rhythm problems low blood pressure muscle cramps twitching nausea vomiting rash seizures convulsions skin sensitive sunlight yellow skin slow breathing vision problems you yellow weakness coma unresponsiveness
Beta-blockers overdose,below symptoms beta-blocker overdose parts airways lungs eyes ears nose throat heart blood nervous system low blood sugar common overdose nervous system symptoms breathing trouble shortness breath gasping wheezing who asthma blurred vision double vision irregular heartbeat lightheadedness low blood pressure rapid slow heartbeat heart failure shortness breath swelling legs shock extremely low blood pressure weakness nervousness excessive sweating drowsiness confusion convulsions seizures fever coma decreased level consciousness unresponsiveness
Caffeine overdose,symptoms caffeine overdose symptoms babies acute symptoms caffeine intoxication overdose poisoning generalized anxiety disorder almost identical breathing trouble changes alertness agitation confusion hallucinations convulsions seizures diarrhea dizziness fever increased thirst increased urination irregular heartbeat muscle twitching nausea vomiting rapid heartbeat sleeping trouble muscles tense then relaxed nausea vomiting rapid deep breathing rapid heartbeat shock tremors
Calcium-channel blocker overdose,symptoms calcium-channel blocker overdose agitation hyperactivity delirium confused thinking possible hallucinations breathing difficulty confusion constipation lightheadedness dizziness drowsiness increased blood sugar irregular heartbeat nausea vomiting rapid heartbeat slow heartbeat slurred speech shock extremely low blood pressure weakness
Cardiac glycoside overdose,symptoms vague especially older they parts ones asterisk next them only chronic overdoses eyes ears nose throat skin stomach intestines heart blood nervous system mental blurred vision halos objects yellow green white allergic reaction possible stevens-johnson syndrome serious rash difficulty swallowing breathing hives rash diarrhea loss appetite nausea vomiting stomach pain irregular heartbeat slow heartbeat shock extremely low blood pressure weakness confusion depression drowsiness fainting hallucinations headache lethargy weakness apathy caring
Corticosteroids overdose,symptoms corticosteroid overdose above symptoms when corticosteroids correctly likely chronic overuse altered mental status agitation psychosis burning itching skin convulsions seizures deafness depression dry skin heart rhythm disturbances rapid pulse irregular pulse high blood pressure increased appetite increased infection risk muscle weakness nausea vomiting nervousness sleepiness stopping menstrual cycle swelling lower legs ankles feet weak bones osteoporosis bone fractures long-term weakness worsening conditions stomach inflammation acid reflux ulcers diabetes
Sports cream overdose,below symptoms sports cream overdose allergic reaction parts airways lungs eyes ears nose throat kidneys nervous system eating poison skin stomach intestines no breathing rapid breathing shallow breathing buildup fluid lungs eye irritation loss vision ringing ears thirst throat swelling kidney failure agitation convulsions seizures dizziness drowsiness hallucinations hyperactivity collapse shock fever sweating rash allergic reaction mild burn extremely high concentrations repeated doses loss appetite nausea vomiting possibly blood
Estrogen overdose,symptoms estrogen overdose breast tenderness discolored urine emotional changes drowsiness excessive vaginal bleeding 2 7 days overdose fluid retention headache nausea vomiting skin rash
H2 receptor antagonists overdose,symptoms h2 receptor antagonist overdose abnormal heartbeat rapid slow heartbeat agitation confusion drowsiness diarrhea difficulty breathing dilated pupils flushing hallucinations hearing isn't there low blood pressure nausea vomiting slurred speech sweating yellowing your skin jaundice eyes dark urine your liver been affected
Laxative overdose,nausea vomiting abdominal cramping diarrhea common symptoms laxative overdose dehydration electrolyte chemicals minerals imbalance common below symptoms specific actual product bisacodyl senna cascara sagrada phenolphthalein sodium phosphate magnesium-containing products castor oil gastrointestinal irritation mineral oil aspiration pneumonia condition where vomited stomach contents inhaled into lungs products containing methylcellulose carboxymethylcellulose polycarbophil psyllium choking intestinal blockage they plenty fluids cramps diarrhea abdominal pain bloody stools collapse diarrhea abdominal pain collapse diarrhea dizziness drop blood pressure low blood sugar rash abdominal pain collapse diarrhea muscle weakness vomiting abdominal pain collapse coma death diarrhea watery drop blood pressure flushing gastrointestinal irritation muscle weakness painful bowel movements painful urination slowed breathing thirst vomiting
Nitroglycerin overdose,below symptoms nitroglycerin overdose parts airways lungs eyes ears nose throat heart blood vessels nervous system skin stomach intestines shortness breath slow breathing blurred vision double vision involuntary eye movements being able heartbeat palpitations low blood pressure rapid heartbeat slow heartbeat convulsions seizures coma lack responsiveness confusion dizziness fainting headache weakness bluish color lips fingernails cold skin flushing diarrhea cramping loss appetite nausea vomiting
Oral hypoglycemics overdose,symptoms overdose medicine who stroke having another stroke their blood sugar drops too low agitation violent nervousness anxiety tremor shaking apathy lack desire coma decreased level consciousness lack responsiveness confusion convulsions seizures especially infants increased appetite nausea rapid heartbeat stupor decreased level consciousness plus confusion sweating tingling tongue lips
Piperonyl butoxide with pyrethrins poisoning,symptoms poisoning these products difficulty breathing shortness breath wheezing eye irritation touches eyes muscle weakness convulsions tremors nausea vomiting rash allergic reaction salivating usual sneezing chest pain coma
Tetrahydrozoline poisoning,symptoms altered mental state coma lack responsiveness difficulty breathing no breathing blurred vision blue lips fingernails cyanosis changes blood pressure high low later change pupil size fast slow heartbeat headache irritability low temperature nausea vomiting nervousness tremors seizures weakness
Thyroid preparation overdose,symptoms poisoning medicine anxiety nervousness tremor shaking insomnia seizures confusion muscle aches cramps irregular heartbeat palpitations chest pain discomfort changes menstrual pattern dilated pupils excessive sweating skin flushing nausea vomiting diarrhea weight loss shock extremely low blood pressure collapse
Wart remover poisoning,below symptoms wart remover poisoning parts airways lungs eyes ears nose throat kidneys nervous system skin stomach intestines no breathing rapid breathing shallow breathing fluid lungs eye irritation loss vision ringing ears tinnitus thirst throat burning swelling kidney failure agitation collapse convulsions seizures dizziness drowsiness fever hallucinations hyperactivity rash allergic reaction mild burn high amounts skin loss appetite nausea vomiting possibly blood
Adrenergic bronchodilator overdose,below symptoms adrenergic bronchodilator overdose parts airways lungs bladder kidneys eyes ears nose throat heart blood vessels nervous system skin stomach intestines breathless short breath shallow breathing rapid breathing no breathing no urine output blurred vision dilated pupils burning throat chest pain high blood pressure then low blood pressure rapid heartbeat shock extremely low blood pressure chills coma convulsions seizures fever irritability nervousness tingling hands feet tremor weakness blue lips fingernails nausea vomiting
Anticoagulant rodenticides poisoning,symptoms blood urine bloody stools bruising bleeding skin confusion lethargy altered mental status bleeding brain low blood pressure nosebleed pale skin shock vomiting blood
Multiple vitamin overdose,iron overdose vomiting diarrhea bloody dark weakness severe overdoses coma low blood pressure liver failure lung injury death calcium overdose impair functioning kidneys increase ph blood nausea vomiting confusion changes thinking mentation itching extreme cases irregular heartbeat vitamin d overdose contribute high levels calcium blood vitamin overdose nausea vomiting dizziness blurry vision additional symptoms multivitamin overdose parts bladder kidneys eyes ears nose mouth throat heart blood muscles joints nervous system skin hair stomach intestines cloudy urine frequent urination increased urine amount dry cracking lips chronic overdose eye irritation increased sensitivity eyes light irregular heartbeat rapid heartbeat bone pain joint pain muscle pain muscle weakness confusion mood changes convulsions seizures fainting fatigue headache mental changes irritability flushing reddened skin niacin vitamin b3 dry cracking skin itching burning skin rash yellow-orange areas skin sensitivity sun likely sunburn hair loss long-term overdose intestinal bleeding iron appetite loss constipation iron calcium diarrhea possibly bloody nausea vomiting stomach pain weight loss long-term overdose
Phenothiazine overdose,below symptoms phenothiazine overdose parts airways lungs bladder kidneys eyes ears nose mouth throat heart blood muscles joints nervous system reproductive system skin stomach intestines these symptoms when medicine properly no breathing rapid breathing shallow breathing difficult slow urination inability completely empty bladder urinary retention blurred vision difficulty swallowing drooling dry mouth nasal congestion small large pupils sores mouth tongue throat yellow eyes icterus low blood pressure severe pounding heartbeat rapid heartbeat muscle spasms muscle stiffness rapid involuntary movements face chewing blinking grimaces tongue movements agitation irritability confusion convulsions seizures disorientation coma lack responsiveness drowsiness fever low temperature restlessness linked repeated foot shuffling rocking pacing akathisia tremor motor tics cannot control dystonia uncoordinated movement slow movement shuffling long-term overuse weakness changes menstrual patterns rash sun sensitivity rapid sunburn skin color changes constipation loss appetite nausea
Acetaminophen overdose,symptoms note symptoms 12 hours acetaminophen swallowed abdominal pain upset stomach appetite loss coma seizures diarrhea irritability jaundiceâ yellow skin whites eyes nausea vomiting sweating
Birth control pill overdose,symptoms overdose birth control pills breast tenderness discolored urine drowsiness heavy vaginal bleeding 2 7 days overdose headache emotional changes nausea vomiting rash
Brompheniramine overdose,below symptoms brompheniramine overdose parts bladder kidneys eyes ears nose mouth throat heart blood vessels nervous system skin stomach intestines inability urinate difficulty urinating blurred vision dilated wide pupils dry mouth ringing ears rapid heartbeat increased blood pressure agitation coma convulsions seizures delirium confusion disorientation hallucinations drowsiness fever irregular rapid heartbeat nervousness tremor unsteadiness weakness flushed dry skin constipation nausea vomiting
Butazolidin overdose,below symptoms phenylbutazone overdose parts arms legs bladder kidneys eyes ears nose throat heart blood vessels nervous system skin stomach intestines effects butazolidin pronounced longer lasting those nsaids because its metabolism breakdown slower comparable nsaids swelling lower legs ankles feet blood urine decreased amount urine kidney failure no urine blurred vision ringing ears low blood pressure agitation confusion drowsiness coma convulsions seizures dizziness incoherence understandable severe headache unsteadiness loss balance coordination blisters rash diarrhea heartburn nausea vomiting possibly blood stomach pain
Calcium carbonate overdose,calcium overdose impair functioning kidneys increase ph blood nausea vomiting confusion changes thinking mentation itching extreme cases irregular heartbeat symptoms calcium carbonate overdose abdominal pain bone pain coma confusion constipation depression diarrhea headache irritability irregular heartbeat loss appetite muscle twitching nausea vomiting thirst weakness
Campho-Phenique overdose,below symptoms campho-phenique overdose parts airways lungs bladder kidneys eyes ears nose throat heart blood vessels nervous system skin stomach intestines irregular breathing little no urine output burning mouth throat collapse shock low blood pressure rapid pulse agitation coma lack responsiveness convulsions seizures dizziness hallucinations muscle stiffness uncontrolled muscle movements stupor confusion mental slowness twitching facial muscles bluish-colored lips fingernails skin redness applying too skin sweating extreme yellow skin abdominal pain diarrhea excessive thirst nausea vomiting
Chlordiazepoxide overdose,below symptoms chlordiazepoxide overdose parts airways lungs bladder kidneys eyes ears nose mouth throat heart blood nervous system skin stomach intestines difficulty breathing shallow breathing difficulty urinating double vision blurred vision rapid side-to-side movement eyes nystagmus irregular heartbeat low blood pressure rapid heartbeat drowsiness stupor coma confusion depression dizziness lightheaded fainting loss balance coordination low temperature memory loss seizures tremors weakness uncoordinated movements bluish-colored lips fingernails rash yellow skin abdominal pain nausea
Chlorpromazine overdose,below symptoms chlorpromazine overdose parts airways lungs bladder kidneys eyes ears nose mouth throat heart blood muscles bones joints nervous system reproductive system skin stomach intestines no breathing rapid breathing shallow breathing inability urinate weak urine stream blurred vision difficulty swallowing drooling dry mouth sores gums tongue throat stuffy nose yellow eyes high low blood pressure pounding heartbeat rapid irregular heartbeat muscle spasms rapid involuntary movements face chewing blinking grimaces tongue movements stiff muscles neck back agitation irritability confusion convulsions seizures disorientation coma lack responsiveness drowsiness fever low temperature restlessness linked repeated foot shuffling rocking pacing akathisia tremor motor tics cannot control dystonia â uncoordinated movement slow movement shuffling long-term overuse â weakness change female menstrual pattern bluish skin color hot skin rash constipation loss appetite nausea
Clinitest tablets poisoning,symptoms poisoning clinitest tablets blood urine burns burning pain mouth throat esophagus swallowing tube collapse convulsions seizures diarrhea watery bloody lightheadedness low blood pressure no urine output pain bowel movement severe abdominal pain throat swelling breathing trouble vomiting bloody weakness
Codeine overdose,symptoms codeine overdose these symptoms when correct amount codeine bluish fingernails lipsâ cyanosis breathing problems slow labored breathing shallow breathing no breathing cold clammy skin confusion constipation drowsiness fatigue weakness flushing skin itching lightheadedness dizziness loss consciousness coma low blood pressure weak pulse muscle twitches nausea vomiting tiny pupils spasms stomach intestines
Prochlorperazine overdose,below symptoms prochlorperazine overdose parts airways lungs bladder kidneys eyes ears nose mouth throat heart blood muscles joints nervous system reproductive system skin stomach intestines these symptoms when medicine properly no breathing rapid breathing shallow breathing difficult slow urination inability completely empty bladder blurred vision difficulty swallowing drooling dry mouth nasal congestion small large pupils sores mouth tongue throat yellow eyes jaundice low blood pressure severe pounding heartbeat rapid heartbeat muscle spasms muscle stiffness rapid involuntary movements face chewing blinking grimaces tongue movements agitation irritability confusion convulsions seizures disorientation coma drowsiness fever low temperature restlessness linked repeated foot shuffling rocking pacing tremor motor tics cannot control uncoordinated movement slow movement shuffling long-term overuse weakness changes menstrual patterns rash sun sensitivity rapid sunburn skin color changes constipation loss appetite nausea
Contac overdose,symptoms contac overdose agitation blurred vision convulsions seizures depression delirium acute confusion disorientation nervousness hallucinations drowsiness enlarged dilated pupils fever inability urinate completely empty bladder increased blood pressure irregular heartbeat muscle pain spasms tremor unsteadiness nausea vomiting rapid heartbeat yellow eyes jaundice
Cyproheptadine overdose,below symptoms cyproheptadine overdose parts bladder kidneys eyes ears nose mouth throat heart blood vessels nervous system skin stomach intestines inability urinate difficulty urinating blurred vision dilated wide pupils dry mouth ringing ears tinnitus rapid heartbeat increased blood pressure agitation comaâ lack responsiveness convulsions seizures delirium acute confusion disorientation hallucinations drowsiness fever irregular rapid heartbeat nervousness tremor shaking unsteadiness weakness flushed dry skin constipation nausea vomiting
Desipramine hydrochloride overdose,below symptoms desipramine hydrochloride overdose parts these symptoms severe who certain medicines affect serotonin chemical brain airways lungs bladder kidneys eyes ears nose mouth throat stomach intestines heart blood nervous system breathing slowed labored urine flow easily cannot urinate blurred vision dilated wide pupils dry mouth eye pain risk glaucoma vomiting constipation irregular heartbeat low blood pressure rapid heartbeat shock agitation restlessness confusion hallucinations seizures drowsiness stupor lack alertness coma uncoordinated movement rigidity stiffness limbs
Dextromethorphan overdose,symptoms dextromethorphan overdose these symptoms severe who certain medicines affect serotonin chemical brain breathing problems slow labored breathing shallow breathing no breathing especially young bluish-colored fingernails lips blurred vision coma constipation seizures drowsiness dizziness hallucinations slow unsteady walking high low blood pressure muscle twitches nausea vomiting pounding heartbeat palpitations rapid heartbeat raised temperature spasms stomach intestines
Diazepam overdose,common symptom diazepam overdose falling into deep sleep coma being able breathe well enough symptoms bluish-colored lips fingernails vision problems blurred vision double vision breathing slow labored stopped confusion depression dizziness drowsiness lack alertness excitability hiccups rapid side-to-side movement eyes rash stomach upset tiredness tremor weakness uncoordinated movement
Diclofenac sodium overdose,below symptoms diclofenac sodium overdose parts airways lungs eyes ears bladder kidneys stomach intestines heart blood nervous system skin wheezing trouble breathing especially those who asthma lung conditions blurred vision ringing ears little no urine output diarrhea nausea common possible bleeding stomach intestines stomach pain vomiting common blood chest pain high low blood pressure increased heart rate edema swelling legs agitation confusion coma decreased level consciousness lack responsiveness severe overdose seizures severe overdose dizziness common drowsiness common blurred vision common delirium making sense movement problems numbness tingling unsteadiness headache rash
Amitriptyline hydrochloride overdose,below symptoms amitriptyline hydrochloride overdose parts these symptoms severe who certain medicines affect serotonin chemical brain airways lungs bladder kidneys eyes ears nose throat heart blood nervous system stomach intestines slowed labored breathing cannot urinate urine flow easily blurred vision dilated wide pupils eye pain risk glaucoma dry mouth irregular heart rate low blood pressure rapid heartbeat shock agitation coma seizures drowsiness hallucinations headache inability concentrate lack alertness stupor muscle rigidity stiffness limbs restlessness uncoordinated movement constipation vomiting
Dilantin overdose,symptoms dilantin overdose vary they coma confusion staggering gait walk early sign unsteadiness uncoordinated movements early sign involuntary jerky repeated movement eyeballs called nystagmus early sign seizures tremor uncontrollable repeated shaking arms legs drowsiness slow slurred speech lethargy low blood pressure nausea vomiting swollen gums fever rare severe blistering skin rare slow irregular heartbeat only when intravenously hospital swelling purplish discoloration hand only when intravenously hospital
Hydromorphone overdose,symptoms hydromorphone overdose warning severe overdose hydromorphone death bluish-colored fingernails lips breathing problems slow labored breathing shallow breathing no breathing cold clammy skin low temperature coma confusion constipation dizziness drowsiness fatigue flushing skin itching lightheadedness loss consciousness low blood pressure muscle twitches nausea vomiting pinpoint pupils spasms stomach intestines weakness weak pulse
Dimenhydrinate overdose,below symptoms dimenhydrinate overdose parts bladder kidneys eyes ears nose mouth throat heart blood vessels nervous system skin stomach intestines inability urinate blurred vision dry mouth enlarged pupils dry eyes ringing ears low blood pressure rapid heartbeat agitation confusion seizures delirium depression drowsiness hallucinations hearing aren't there increased sleepiness nervousness tremor unsteadiness dry red skin nausea vomiting
Diphenhydramine overdose,below symptoms diphenhydramine overdose parts bladder kidneys eyes ears nose mouth throat heart blood vessels nervous system skin stomach intestines inability urinate blurred vision dry mouth enlarged pupils dry eyes ringing ears low blood pressure rapid heartbeat agitation confusion seizures delirium depression drowsiness hallucinationsâ hearing aren't there increased sleepiness nervousness tremor unsteadiness dry red skin nausea vomiting
Ethanol poisoning,symptoms chronic alcohol overuse additional symptoms multiple organ failure abdominal pain confusion slurred speech internal stomach intestinal bleeding slowed breathing stupor decreased level alertness coma unsteady walking vomiting bloody
Amitriptyline and perphenazine overdose,below symptoms amitriptyline perphenazine overdose parts these symptoms severe who certain medicines affect serotonin chemical brain airways lungs bladder kidneys eyes ears nose throat mouth heart blood muscles joints nervous system reproductive system skin stomach intestines slowed labored breathing no breathing hard start urinating urine stream weak inability completely empty bladder blurred vision dry mouth enlarged pupils eye pain risk glaucoma nasal congestion unpleasant taste mouth irregular heartbeat low blood pressure severe rapid heartbeat shock muscles rigid muscle cramps spasms stiffness limbs stiff muscles neck face back agitation coma decreased level consciousness lack responsiveness seizures delirium disorientation drowsiness lower normal temperature restlessness uncoordinated movement tremor weakness change menstrual patterns itchy skin rash constipation loss appetite nausea vomiting
Eucalyptus oil overdose,below symptoms eucalyptus oil overdose parts airways lungs eyes ears nose throat mouth heart blood muscles joints nervous system skin stomach intestines rapid breathing shallow breathing wheezing difficulty swallowing burning sensation mouth tiny pupils rapid weak heartbeat low blood pressure muscle weakness drowsiness headache unconsciousness dizziness seizures convulsions slurred speech redness swelling oil touching skin abdominal pain diarrhea nausea vomiting
Eugenol oil overdose,main symptoms clove oil overdose nervous system problems breathing problems liver failure below symptoms eugenol oil overdose parts airways lungs bladder kidneys eyes ears nose throat mouth stomach intestines heart blood nervous system shallow breathing rapid breathing coughing up blood blood urine no urine output painful urination burns mouth throat abdominal pain diarrhea liver failure especially nausea vomiting rapid heartbeat coma agitation somnolence dizziness seizures unconsciousness
Fenoprofen calcium overdose,below symptoms fenoprofen calcium overdose parts airways lungs eyes ears bladder kidneys stomach intestines heart blood nervous system skin wheezing trouble breathing especially those who asthma lung conditions blurred vision ringing ears little no urine output diarrhea nausea common possible bleeding stomach intestines stomach pain vomiting common blood chest pain high low blood pressure increased heart rate edema swelling legs agitation confusion coma decreased level consciousness lack responsiveness severe overdose seizures severe overdose dizziness common drowsiness common blurred vision common delirium making sense movement problems numbness tingling unsteadiness headache rash
Fluoride overdose,symptoms fluoride overdose abdominal pain abnormal tasteâ mouthâ salty soapy taste diarrhea drooling eye irritation eyes headache abnormal levels calcium potassium blood irregular slow heartbeat cardiac arrest severe cases nausea vomiting shallow breathing tremors rhythmic movements weakness
Hydrogen peroxide poisoning,symptoms hydrogen peroxide poisoning differ depending swallowed inhaled symptoms abdominal pain cramping airway irritation severe exposed industrial higher 10 solutions breathing difficulty large amount swallowed inhaled aches burns mouth throat swallowed chest pain eye burns eyes seizures rare stomach swelling temporary white color skin vomiting blood
Hydroxyzine overdose,dilated pupils classic symptom hydroxyzine overdose below symptoms hydroxyzine overdose parts airways lungs bladder kidneys eyes ears nose throat mouth heart blood nervous system skin stomach intestines shortness breath difficulty urinating blurred vision dry mouth enlarged pupils dry eyes ringing ears rapid heartbeat low blood pressure pounding heartbeat palpitations agitation coma decreased level consciousness lack responsiveness seizures delirium depression disorientation dizziness drowsiness hallucinations hearing aren't there nervousness sleeping difficulties tremor uncoordinated movement unsteadiness dry red flushed skin nausea vomiting
Ibuprofen overdose,symptoms areas eyes ears nose throat mouth gastrointestinal heart blood kidneys lungs nervous system skin ringing ears blurred vision diarrhea heartburn nausea vomiting bloody stomach pain possible bleeding stomach intestines low blood pressure shock weaknessâ little no urine production breathing difficult breathing slow wheezing agitation confusion incoherent understandable drowsiness coma convulsions dizzinessâ headacheâ severe unsteadiness trouble moving rash sweating chills
Imipramine overdose,below symptoms imipramine overdose parts these symptoms severe who certain medicines affect serotonin chemical brain airways lungs bladder kidneys eyes ears mouth nose throat heart blood vessels nervous system skin stomach intestines slow labored breathing cannot urinate hard start urinating weak urine stream blurred vision dry mouth enlarged pupils eye pain risk glaucoma dry eyes ringing ears low blood pressure irregular heartbeat pounding heartbeat palpitations rapid heartbeat shock agitation coma lack responsiveness confusion seizures delirium depression drowsiness hallucinations inability concentrate nervousness tremor unsteadiness rigidity stiffness limbs dry red skin constipation vomiting
Indomethacin overdose,below symptoms indomethacin overdose parts eyes ears nose throat bladder kidneys heart blood stomach intestines lungs airways nervous system skin blurred vision ringing ears little no urine output chest pain high low blood pressure increased heart rate edema swelling legs diarrhea nausea common possible bleeding stomach intestines stomach pain vomiting common blood difficulty breathing wheezing headache agitation coma decreased level consciousness lack responsiveness severe overdoses confusion delirium making sense drowsiness fatigue weakness numbness tingling seizures severe overdoses unsteadiness blistering rash bruising sweating
Iodine poisoning,symptoms iodine poisoning abdominal pain coughing delirium diarrhea bloody fever gum tooth soreness loss appetite metallic taste mouth mouth throat pain burning no urine output rash salivation producing saliva seizures shock shortness breath stupor decreased level alertness thirst vomiting
Iron overdose,below symptoms iron overdose parts airways lungs stomach intestines these common symptoms 6 hours ingestion heart blood nervous system skin note symptoms go few hours then return 1 later buildup fluids lungs black possibly bloody stools diarrhea liver damage several days ingestion metallic taste mouth nausea vomiting blood dehydration low blood pressure fast weak pulse shock early blood loss stomach intestines later toxic effects iron chills coma decreased level consciousness lack responsiveness 1 2 hour 1 hour overdose convulsions dizziness drowsiness fever headache lack desire bluish-colored lips fingernails flushing pale skin color yellowing skin jaundice
Isopropanol alcohol poisoning,symptoms isopropanol poisoning acting drunk slurred speech stupor uncoordinated movement coma decreased level consciousness lack responsiveness unconsciousness unpaired movements eyes throat pain abdominal pain burns damage clear covering front eye cornea dizziness headache low temperature low blood pressure low blood sugar nausea vomiting contain blood rapid heart rate skin redness pain slowed breathing urination problems too too little urine
Ketoprofen overdose,below symptoms ketoprofen overdose parts eyes ears nose throat heart blood stomach intestines lungs airways nervous system skin blurred vision ringing ears congestive heart failure chest discomfort shortness breath leg swelling high blood pressure low blood pressure diarrhea nausea common possible bleeding stomach intestines stomach pain vomiting common blood difficulty breathing wheezing headache agitation coma decreased level consciousness lack responsiveness severe overdoses confusion drowsiness dizziness common fatigue weakness numbness tingling seizures severe overdoses unsteadiness blistering rash bruising sweating
Lanolin poisoning,symptoms lanolin poisoning symptoms allergic reactions diarrhea rash swelling redness skin vomiting eye lip mouth throat swelling rash shortness breath
Mouthwash overdose,symptoms mouthwash overdose abdominal pain burns damage clear covering front eye eye coma diarrhea dizziness drowsiness headache low temperature low blood pressure low blood sugar nausea rapid heart rate rapid shallow breathing skin redness pain slowed breathing slurred speech throat pain uncoordinated movement unconsciousness unresponsive reflexes urination problems too too little urine vomiting contain blood
Lithium toxicity,symptoms types lithium toxicity described below acute toxicity common symptoms taking too lithium symptom groups stomach intestinal symptoms neurologic symptoms intestinal symptoms heart problems rare cases chronic toxicity there likely stomach intestinal symptoms symptoms severe cases chronic toxicity there nervous system kidney problems acute-on-chronic toxicity there combination acute chronic symptoms above nervous system intestinal symptoms nausea vomiting diarrhea stomach pains dizziness weakness coma decreased level consciousness lack responsiveness hand tremors lack coordination arms legs muscle twitches seizures slurred speech uncontrollable eye movement changes mental status altered thinking slow heart rate increased reflexes slurred speech uncontrolled shaking tremors kidney failure drinking lot fluids urinating normal memory problems movement disorders muscle twitches hand tremors problems keeping salts your psychosis disturbed thought processes unpredictable behavior coma decreased level consciousness lack responsiveness lack coordination arms legs seizures slurred speech
Lomotil overdose,symptoms lomotil overdose note symptoms up 12 hours slow breathing breathing stops pounding heartbeat palpitations rapid heartbeat slowdown stoppage bowels coma decreased level consciousness lack responsiveness constipation seizuresâ convulsions drowsiness dry mucous membranes mouth eye changes pupil size small normal-sized large eyes move quickly flushed skin hallucinations hearing aren't there restlessness urination difficulty vomiting
Hydrocodone and acetaminophen overdose,symptoms hydrocodone acetaminophen overdose bluish-colored fingernails lips cyanosis breathing problems slow labored breathing shallow breathing no breathing cold clammy skin decreased level consciousness lack responsiveness loss consciousness coma confusion dizziness drowsiness fatigue lightheadedness liver failure acetaminophen overdose causing yellow skin eyes jaundice low blood pressure muscle twitches nausea vomiting tiny pupils seizures spasms stomach intestines weakness weak pulse
Meclofenamate overdose,below symptoms meclofenamate overdose parts â eyes ears nose throat heart blood kidneys lungs airways nervous system skin stomach intestines blurred vision ringing ears congestive heart failure chest discomfort shortness breath leg swelling high low blood pressure decreased urine output no urine output difficulty breathing wheezing headache agitation coma decreased level consciousness lack responsiveness confusion convulsions drowsiness fatigue weakness numbness tingling unsteadiness blistering rash bruising sweating diarrhea nauseaâ common possible bleeding stomach intestines stomach pain vomiting common blood
Menthol poisoning,below symptoms menthol poisoning parts bladder kidneys lungs stomach intestines heart blood nervous system blood urine no urine output rapid breathing shallow breathing abdominal pain diarrhea nausea vomiting pounding heartbeat palpitations rapid heartbeat convulsions dizziness tremor unconsciousness unsteady walking
Meperidine hydrochloride overdose,below symptoms meperidine overdose parts eyes ears nose throat heart blood lungs nervous system skin stomach intestines these symptoms when correct dose medicine changes pupil size small normal-sized wide low blood pressure weak pulse breathing slow labored breathing shallow no breathing coma decreased level consciousness lack responsiveness confusion convulsions seizures dizziness drowsiness fatigue lightheadedness muscle twitching weakness blue fingernails lips cold clammy skin itching constipation nausea vomiting spasms stomach intestines
Meprobamate overdose,key symptoms meprobamate poisoning decreased levels consciousness lack responsiveness low blood pressure below symptoms meprobamate overdose parts eyes ears nose throat stomach intestines heart blood lungs nervous system skin blurred vision double vision rapid side-to-side movement eyes vomiting low blood pressure pounding heartbeat palpitations rapid heart rate slow heart rate labored breathing slowed breathing wheezing coma decreased level consciousness lack responsiveness confusion convulsions dizziness excitability drowsiness lack alertness stupor slurred speech tremor uncoordinated movement weakness blue lips fingernails tiny red spots skin
Merthiolate poisoning,symptoms merthiolate poisoning abdominal pain diarrhea decreased urine output drooling extreme difficulty breathing metallic taste memory problems mouth sores seizures shock skin numbness swelling throat severe thirst walking problems vomiting bloody
Methadone overdose,below symptoms methadone overdose parts eyes ears nose throat stomach intestines heart blood lungs nervous system skin tiny pupils constipation nausea vomiting spasms stomach intestines low blood pressure weak pulse breathing problems slow labored shallow breathing no breathing coma decreased level consciousness lack responsiveness confusion disorientation dizziness drowsiness fatigue muscle twitches weakness blue fingernails lips cold clammy skin
Methanol poisoning,symptoms airway lungs eyes heart blood nervous system skin nails stomach intestines breathing difficulty no breathing blindness complete partial described snow blindness blurred vision dilation widening pupils low blood pressure agitated behavior coma unresponsiveness confusion difficulty walking dizziness headache seizures bluish-colored lips fingernails cyanosis abdominal pain severe diarrhea liver problems jaundice yellow skin bleeding nausea pancreatitis nausea vomiting abdominal pain vomiting bloody fatigue leg cramps weakness yellow skin jaundice
Methyl salicylate overdose,below symptoms methyl salicylate overdose parts bladder kidneys eyes ears nose throat heart blood lungs airways nervous system stomach intestines kidney failure decreased no urine output eye irritation burning redness tearing pain light sensitivity loss vision ulcers cornea ringing ears throat swelling collapse low blood pressure difficulty breathing no breathing rapid breathing agitation confusion hallucinations coma decreased level consciousness lack responsiveness deafness dizziness drowsiness headache fever seizures nausea vomiting possibly bloody
Mineral oil overdose,mineral oil laxative effect symptoms overdose mineral oil been breathed into lungs cough shortness breath chest pain symptoms pneumonia abdominal pain dehydration severe diarrhea diarrhea nausea vomiting
Peppermint oil overdose,below symptoms peppermint oil overdose parts heart blood lungs stomach intestines kidneys bladder nervous system skin slow heartbeat shallow breathing slow breathing rapid breathing abdominal pain diarrhea nausea vomiting blood urine no urine production convulsions depression dizziness twitching unconsciousness uncoordinated movement redness
Sassafras oil overdose,below symptoms sassafras oil overdose parts stomach intestines heart blood lungs nervous system skin abdominal pain diarrhea nausea vomiting low blood pressure pounding heartbeat palpitations rapid heartbeat rapid breathing shallow breathing dizziness hallucinations unconsciousness burns oil skin
Cold wave lotion poisoning,below symptoms cold wave lotion poisoning parts eyes ears nose throat heart blood lungs airways nervous system skin stomach intestines mouth irritation burning redness eyes possibly serious damage ulcers erosions deep burns cornea eyes weakness low blood sugar shortness breath drowsiness headache seizures convulsions bluish-colored lips fingers rash red blistered skin cramping diarrhea stomach pain vomiting
Cologne poisoning,symptoms poisoning cologne especially prone low blood sugar symptoms low blood sugar abdominal pain anxiety decreased level consciousness coma lack responsiveness diarrhea nausea vomiting bloody dizziness headache trouble walking normally low temperature low blood sugar low blood pressure too little too urine output rapid heart rate seizures convulsions slowed breathing slurred speech stupor swaying throat pain uncoordinated movement confusion irritability nausea sleepiness weakness
Cuticle remover poisoning,symptoms cuticle remover poisoning collapse chest pain diarrhea drooling eye pain redness eye ulcer formation decreased vision product touched eyes inability breathe because throat swells shut rapid drop blood pressure severe abdominal pain severe pain mouth severe pain throat vomiting
Deodorant poisoning,symptoms deodorant poisoning deodorant your eye burns eye abdominal pain blurred vision breathing difficulty burning pain throat collapse coma decreased level consciousness lack responsiveness diarrhea watery bloody inability walk normally lack alertness stupor low blood pressure no urine output rash slurred speech vomiting
Depilatory poisoning,symptoms depilatory poisoning abdominal pain blurred vision breathing difficulty burning pain throat burns eye depilatory cream eye collapse shock coma decreased level consciousness lack responsiveness diarrhea watery bloody drooling inability walk normally low blood pressure no urine output rash slurred speech stupor decreased level consciousness vomiting
Aftershave poisoning,symptoms aftershave poisoning isopropanol these symptoms especially prone low blood sugar these symptoms abdominal pain change alertness level unconscious coma decreased level consciousness lack responsiveness eye irritation burning redness tears headache low temperature low blood pressure low blood sugar nausea vomiting contain blood rapid heart rate slowed breathing slurred speech stupor throat pain unable walk normally urination difficulties too too little urine output dizziness unresponsive reflexes uncoordinated movement confusion irritability nausea sleepiness weakness
Face powder poisoning,symptoms face powder poisoning abdominal pain blurred vision breathing difficulty burning pain throat burns eye redness tearing substance eye diarrhea watery bloody rash vomiting
Hair bleach poisoning,symptoms hair bleach poisoning abdominal pain blurred vision breathing difficulty mild lung irritation when vapors household strength hydrogen peroxide 3 inhaled severe lung irritation when vapors industrial strength solutions higher 10 inhaled burning pain throat burns eye redness tearing collapse coma decreased level consciousness lack responsiveness diarrhea watery bloody low blood pressure inability walk normally no urine output rash slurred speech stupor vomiting
Hair dye poisoning,symptoms hair dye poisoning abdominal pain blurred vision breathing difficulty burning pain throat burns eye redness tearing collapse coma decreased level consciousness lack responsiveness diarrhea watery bloody low blood pressure inability walk normally no urine output rash slurred speech stupor vomiting
Hair spray poisoning,symptoms hair spray poisoning abdominal pain blurred vision breathing difficulty burning pain throat burns eye redness tearing collapse coma decreased level consciousness lack responsiveness diarrhea watery bloody low blood pressure inability walk normally no urine output rash slurred speech stupor decreased level consciousness vomiting
Hair straightener poisoning,below symptoms hair straightening poisoning parts eyes ears nose mouth throat heart blood lungs skin stomach intestines loss vision severe pain throat severe pain burning nose eyes ears lips tongue collapse low blood pressure rapidly severe change blood acid levels organ damage breathing difficulty throat swelling breathing difficulty burn holes skin tissues skin irritation blood stool burns food pipe esophagus severeâ abdominal pain vomiting might bloody
Hair tonic poisoning,symptoms alcohol these products they similar being drunk symptoms coma decreased level consciousness lack responsiveness diarrhea increased urination lack alertness stupor painful urination slowed breathing slurred speech unsteady walk vomiting possibly bloodyâ
Hand lotion poisoning,symptoms hand lotion poisoning diarrhea nausea vomiting possible blockage intestines stomach pain
Aloe,symptoms aloe poisoning breathing difficulty breathing product contains aloe diarrhea loss vision rash severe abdominal pain skin irritation throat swelling breathing difficulty vomiting
Liquid Incense,elow symptoms liquid incense poisoning parts eyes ears nose throat heart blood lungs nervous system stomach intestines skin blurred vision burning pain throat burns eye low blood pressure rapid heart rate difficulty breathing rapid breathing headache anxiety coma decreased level consciousness lack responsiveness convulsions euphoria intoxication impaired judgment seizures stupor decreased level consciousness abdominal pain diarrhea watery bloody vomiting blue skin fingers rash
Lavender oil,symptoms lavender oil poisoning blurred vision difficulty breathing burning pain throat burns eye you your eye confusion decreased level consciousness diarrhea watery bloody stomach pain vomiting rash
Sachet poisoning,symptoms sachet poisoning eye irritation diarrhea difficulty swallowing nausea vomiting rapid breathing shallow breathing stomach pain throat irritation
Shaving cream poisoning,shaving cream poisonous symptoms allergic reactions shaving cream touches eyes symptoms blurred vision breathing difficulty burning pain throat burns eye diarrhea watery bloody stomach pain rash vomiting
Swallowing sunscreen,sunscreens generally considered nonpoisonous nontoxic symptoms mild allergic reactions skin eye irritation symptoms eye irritation touched eyes nausea vomiting rash shortness breath common allergic reactions slowed breathing large amount swallowed wheezing common allergic reactions
Talcum powder poisoning,symptoms talcum powder poisoning breathing inhaling talc dust especially infants happens accident long period breathing problems common problem inhaling talcum powder below symptoms talcum powder poisoning parts bladder kidneys eyes ears nose throat heart blood lungs nervous system skin stomach intestines urine output greatly decreased no urine output cough throat irritation eye irritation throat irritation collapse low blood pressure chest pain coughâ particles lung difficulty breathing rapid shallow breathing wheezing coma decreased level consciousness lack responsiveness convulsions seizures drowsiness lethargy generalized weakness twitching arms hands legs feet twitching facial muscles blisters blue skin lips fingernails diarrhea vomiting
Benzene poisoning,below symptoms benzene poisoning parts eyes ears nose throat heart blood lungs chest nervous system skin stomach intestines blurred vision burning sensation nose throat irregular heartbeat rapid heartbeat shock collapse rapid shallow breathing tightness chest dizziness drowsiness nervousness convulsionsâ seizures euphoria being drunk headache staggering tremors unconsciousness weakness pale skin small red dots skin loss appetite nauseaâ vomiting
Nail polish poisoning,below symptoms nail polish poisoning parts â bladder kidneys eyes ears nose throat gastrointestinal system heart blood circulation lungs nervous system increased need urinate eye irritation possible eye damage nausea vomiting abdominal pain chest pain irregular heartbeat difficulty breathing slowed breathing rate shortness breath drowsiness balance problems coma euphoria high hallucinations headache seizures stupor confusion decreased level consciousness walking problems
Lip moisturizer poisoning,symptoms you allergy dye moisturizer you tongue throat swelling wheezing trouble breathing diarrhea eye irritation product touched eye intestinal blockage nausea vomiting shortness breath extremely high doses
Automatic dishwasher soap poisoning,symptoms automatic dishwasher soap poisoning affect parts eyes ears nose throatâ heart blood circulationâ lungs skin stomach intestines severe pain throat severe pain burning nose eyes ears lips tongue loss vision throat swelling breathing trouble low blood pressure quickly collapse severe change blood acid levels organ damage breathing difficulty breathing poison irritation burns necrosis tissue death skin tissues underneath severe abdominal pain vomiting bloody burns esophagus food pipe blood stool
Oil-based paint poisoning,poisoning symptoms affect parts eyes ears nose throat heart lungs nervous system skin stomach intestines blurred decreased vision difficulty swallowing eye nose irritation burning tearing redness runny nose rapid heartbeat cough shallow breathing rapid slow painful coma confusion depression dizziness headache irritability lightheadedness nervousness stupor decreased level consciousness unconsciousness blisters burning itchiness numbness tingling abdominal pain diarrhea nausea vomiting
Paraffin poisoning,eating lot paraffin intestinal obstruction abdominal pain nausea vomiting possible constipation paraffin contains dye who allergy dye tongue throat swelling wheezing trouble breathing
Photographic fixative poisoning,poisoning symptoms abdominal pain cough shortness breath burning pain throat blurred vision eye irritation burning coma diarrhea watery bloody green-blue colored low blood pressure skin irritation rash stupor confusion decreased level consciousness vomiting ringing ears lack coordination
Pine oil poisoning,pine oil poisoning affect parts eyes ears nose throat lungs gastrointestinal tract heart blood circulation nervous system difficulty swallowing throat burning eye burning breathing trouble abdominal pain diarrhea nausea vomiting rapid heartbeat coma confusion depression dizziness headache irritability lightheadedness nervousness stupor decreased level consciousness unconsciousness
Plastic casting resin poisoning,below symptoms poisoning plastic casting resin parts airways lungs eyes ears nose throat stomach intestines heart blood vessels skin difficulty breathing rapid breathing drooling eye pain loss vision severe pain mouth throat severe pain burning nose eyes ears lips tongue throat swelling breathing difficulty voice changes hoarseness muffled voice severe abdominal pain vomiting vomiting blood burns food pipe esophagus blood stool low blood pressure rapidly collapse irritation burns holes skin tissues skin
Plastic resin hardener poisoning,below symptoms poisoning plastic resin hardeners parts airways lungs eyes ears nose throatâ heart blood vesselsâ stomach intestinesâ skin breathing difficulty breathing fumes rapid breathing drooling severe pain throat severe pain burning nose eyes ears lips tongue throat swelling breathing difficulty vision loss voice changes hoarseness muffled voice low blood pressure rapidly collapse shock severe abdominal pain vomiting possibly bloody burns food pipe esophagus blood stool irritation burns holes skin tissues skin
Refrigerant poisoning,lungs eyes ears nose throat stomach intestines heart blood skin symptoms breathing substance breathing difficulty throat swelling breathing difficulty severe pain throat severe pain burning nose eyes ears lips tongue loss vision severe abdominal pain vomiting burns food pipe esophagus vomiting blood blood stool irregular heart rhythms collapse irritation burn necrosis holes skin underlying tissues
Shampoo - swallowing,symptoms you allergy dye shampoo you tongue throat swelling wheezing trouble breathing vomiting diarrhea
Baking powder overdose,symptoms baking powder overdose thirst abdominal pain nausea vomiting severe diarrhea severe
Swallowing soap,symptoms might diarrhea vomiting
Starch poisoning,swallowing cooking starch blockage intestines stomach pain swallowing laundry starch long period symptoms below parts bladder kidneys eyes ears nose throat heart blood skin stomach intestines nervous system starch inhaled wheezing rapid breathing shallow breathing chest pain starch contacts eyes redness tearing burning decreased urine output no urine output yellow eyes jaundice collapse fever low blood pressure blisters bluish skin lips fingernails flaking skin yellow skin diarrhea vomiting coma decreased level consciousness lack responsiveness convulsions seizures drowsiness twitching arms hands legs feet twitching facial muscles
Steam iron cleaner poisoning,below symptoms steam iron cleaner poisoning parts eyes ears nose throat stomach intestines heart blood lungs airways nervous system skin stomach intestines burns severe pain mouth throat burns pain ulcers eyes drooling burns loss vision blood stool burns esophagus diarrhea nausea vomiting containing blood severe abdominal pain collapse shock rapid drop blood pressure breathing difficulty throat swelling burns breathing tubes trachea bronchi lung tissue irritation coma headache seizures burns ulcers skin tissues skin irritation diarrhea nausea vomiting severe abdominal pain
Toilet bowl cleaners and deodorizers poisoning,below symptoms poisoning parts blood eyes ears nose throat heart blood vessels lungs airways nervous system skin stomach intestines severe change blood acid level organ damage burns pain throat burns pain nose eyes ears lips tongue drooling burns loss vision collapse low blood pressureâ rapidly breathing difficulty throat swelling burns breathing passages irritation coma headache seizures burns ulcers skin tissues skin irritation blood stool burns food pipe esophagus diarrhea nausea vomiting containing blood severe abdominal pain
Toothpaste overdose,swallowing large amount regular toothpaste stomach pain possible intestinal blockage these additional symptoms when swallowing large amount toothpaste containing fluoride convulsions diarrhea difficulty breathing drooling heart attack salty soapy taste mouth slow heart rate shock tremors vomiting weakness
Turpentine oil poisoning,below symptoms turpentine poisoning parts bladder kidneys eyes ears nose throat heart blood lungs airways nervous system skin blood urine kidney failure no urine produced loss vision severe pain throat severe pain burning nose eyes ears lips tongue collapse low blood pressure rapidly breathing difficulty breathing turpentine severe cough choking throat swelling breathing difficulty dizziness drowsiness nervousness convulsions seizures euphoria being drunk headache staggering tremors unconsciousness weakness bluish skin color burns irritation blood stool burns food pipe esophagus severe abdominal pain vomiting vomiting blood
Varnish poisoning,below symptoms varnish poisoning parts eyes ears nose throat kidneys bladder lungs airways heart blood nervous system skin stomach intestines loss vision severe pain throat severe pain burning nose eyes ears lips tongue blood urine kidneys stop working kidney failure breathing difficulty throat swelling breathing difficulty collapse low blood pressure rapidly coma decreased level consciousness lack responsiveness dizziness impaired memory insomnia irritability loss coordination sensation being drunk severe brain damage sleepiness stupor decreased level consciousness walking difficulties burns irritation blood stool burns esophagus severe abdominal pain vomiting vomiting blood
Watercolor paints - swallowing,eat several tubes watercolors symptoms
Baking soda overdose,symptoms baking soda overdose constipation convulsions diarrhea being full frequent urination irritability muscle spasms muscle weakness vomiting
Window cleaner poisoning,below symptoms window cleaner poisoning parts these older window cleaners contain poisonous ingredients above eyes ears nose throat heart blood lungs airways nervous system skin stomach intestines loss vision severe pain throat severe pain burning nose eyes ears lips tongue collapse low blood pressure rapidly breathing difficulty breathing fumes cleaner throat swelling breathing difficulty coma decreased level consciousness lack responsiveness dizziness insomnia irritability severe brain damage sleepiness stupor decreased level consciousness walking difficulties irritation burns ulcers skin tissues skin blood stool burns food pipe esophagus severe abdominal pain vomiting vomiting blood
Antifreeze poisoning,below symptoms antifreeze poisoning parts airways lungs bladder kidneys eyes ears nose throat heart blood muscles joints nervous system skin stomach gastrointestinal tract rapid breathing no breathing blood urine no urine output decreased urine output blurred vision blindness rapid heartbeat low blood pressure leg cramps coma convulsions dizziness fatigue headache slurred speech stupor lack alertness unconsciousness unsteady walk weakness blue lips fingernails nausea vomiting
Asphalt cement poisoning,below symptoms asphalt poisoning parts eyes ears nose throat heart blood lungs airways skin stomach intestines loss vision severe pain throat severe pain burning nose eyes ears lips tongue collapse low blood pressure rapidly shock breathing difficulty breathing asphalt throat swelling breathing difficulty burns irritation holes ulcers skin tissues skin blockage intestines blood stool burns food pipe esophagus severeâ abdominal pain vomiting contain blood
Diesel oil,diesel oil poisoning symptoms parts eyes ears nose throat gastrointestinal system heart blood vessels lungs airways dangerous effects hydrocarbon diesel oil poisoning inhaling fumes nervous system skin loss vision severe pain throat severe pain burning nose eyes ears lips tongue blood stool burns throat esophagus severe abdominal pain vomiting vomiting blood collapse low blood pressure rapidly shock breathing difficulty empyema infected fluid surrounding lungs hemorrhagic pulmonary edema bloody fluid lungs lung irritation cough respiratory distress failure pneumothorax lung collapse partial complete pleural effusion fluid surrounding lungs reducing their ability expand secondary bacterial viral infection throat swelling breathing difficulty agitation blurred vision brain damage low oxygen levels memory issues decreased ability think clearly coma decreased level consciousness lack responsiveness confusion decreased coordination dizziness headache seizures somnolence sleepiness decreased responsiveness weakness burns irritation
Ammonia poisoning,symptoms affect parts airways lungs chest body-wide symptoms eyes ears nose mouth throat heart blood nervous system skin stomach gastrointestinal tract cough chest pain severe chest tightness difficulty breathing rapid breathing wheezing fever tearing burning eyes temporary blindness throat pain severe mouth pain lip swelling rapid weak pulse collapse shock confusion difficulty walking dizziness lack coordination restlessness stupor altered level consciousness bluish-colored lips fingernails severe burns contact longer few minutes severe stomach pain vomiting
Beeswax poisoning,beeswax considered nonpoisonous blockage intestines swallows large amount ointment swallowed medicine component effects poisoning
Bubble bath soap poisoning,symptoms swallowing bubble bath soap diarrhea vomiting
Bug spray poisoning,symptoms bug spray vary depending what spray symptoms swallowing sprays contain pyrethrins below symptoms sprays contain deet parts eyes ears nose throat heart blood large amount deet swallowed lungs airways nervous system deet especially dangerous small seizures small who regularly deet their skin long periods only products smaller amounts deet these products only short periods products containing deet probably infants skin stomach intestines swallows small amount deet serious complication deet poisonings damage nervous system death possible who nervous system damage deet breathing difficulty coughing loss alertness stupor blood oxygen level being out balance tremors large amount swallowed seizures large amount swallowed upset stomach cramps stomach pain nausea vomiting temporary burning redness deet sprayed into these parts washing symptoms go burns eye require medicine low blood pressure slow heartbeat breathing difficulty throat swelling burns breathing passages irritation clumsiness when walking coma lack responsiveness disorientation insomnia mood changes these symptoms long-term large amounts deet 50 concentration death seizures hives mild skin redness irritation these symptoms mild go when product washed off skin severe skin reactions blistering burning permanent scars skin these symptoms when products contain large amount deet long period military personnel game wardens these types products moderate severe stomach irritation nausea vomiting
Button batteries,puts battery up their nose breathes these symptoms swallowed battery no symptoms stuck food pipe esophagus stomach these symptoms breathing problems cough pneumonia battery goes unnoticed possible complete blockage airway wheezing abdominal pain bloody stools cardiovascular collapse shock chest pain drooling nausea vomiting possibly bloody metallic taste mouth painful difficult swallowing
Candles poisoning,candle wax considered nonpoisonous blockage intestines large amount swallowed who allergic scent color ingredients candle allergic reaction touching candle symptoms rash blistering skin swelling tearing redness eye been touched fingers contact candles
Castor oil overdose,symptoms castor oil overdose abdominal cramps chest pain diarrhea dizziness hallucinations rare fainting nausea shortness breath skin rash throat tightness
Cedar leaf oil poisoning,below symptoms cedar leaf oil poisoning parts eyes ears nose throat stomach intestines heart blood vessels lungs airways nervous system skin loss vision severe pain throat severe pain burning nose eyes ears lips tongue abdominal pain blood stool chest pain burns esophagus painful swallowing difficulty vomiting vomiting blood collapse low blood pressure weakness rapidly breathing difficulty throat swelling breathing difficulty coma decreased level consciousness lack responsiveness seizures convulsions stupor decreased level consciousness burn irritation
Anti-rust product poisoning,anti-rust product poisoning symptoms parts eyes ears nose throat gastrointestinal system heart blood kidneys dangerous effects poisoning anti-rust products come inhaling substance lungs airways nervous system skin loss vision severe pain throat severe pain burning nose eyes ears lips tongue blood stool burns throat esophagus severe abdominal pain vomiting vomiting blood collapse low blood pressure methemoglobinemia dark blood abnormal red blood cells too too little acid blood damage organs kidney failure breathing difficulty throat swelling breathing difficulty asphyxiaâ state having insufficient oxygen blood chemical pneumonitis inflammation lung secondary bacterial viral infection hemorrhagic pulmonary edema respiratory distress failure pneumothorax pleural effusion empyema agitation coma confusion dizziness incoordination somnolence headache blurred vision weakness brain damage low oxygen level burns irritation holes necrosis skin tissues underneath
Swallowing chalk,symptoms abdominal pain constipation cough diarrhea nausea vomiting shortness breath
Chlorine poisoning,chlorine poisoning symptoms parts airways lungs blood eyes ears nose throat gastrointestinal system heart blood vessels skin breathing difficulty breathing chlorine throat swelling breathing difficulty water filling lungs pulmonary edema severe change acid level blood ph balance damage organs loss vision severe pain throat severe pain burning nose eyes ears lips tongue blood stool burns food pipe esophagus severe abdominal pain vomiting vomiting blood collapse low blood pressure rapidly shock burns holes necrosis skin tissues underneath irritation
Chlorinated lime poisoning,chlorinated lime poisoning symptoms parts blood eyes ears nose throat gastrointestinal system heart circulatory system lungs airways skin severe change acid level blood ph balance damage organs loss vision severe pain throat severe pain burning nose eyes ears lips tongue blood stool burns possible holes throat esophagus severe abdominal pain vomiting vomiting blood collapse low blood pressure rapidly shock breathing difficulty breathing chlorinated lime throat swelling breathing difficulty burns holes necrosis skin tissues underneath irritation
Detergent poisoning,detergent poisoning symptoms parts blood eyes ears nose throat gastrointestinal system heart circulation system lungs airways skin severe change acid level blood ph balance damage organs loss vision severe pain throat severe pain burning nose eyes ears lips tongue blood stool burns possible holes throat esophagus swallowing tube severe abdominal pain vomiting vomiting blood collapse low blood pressure rapidly shock breathing difficulty breathing detergent throat swelling breathing difficulty burns holes necrosis skin tissues underneath irritation
Drain cleaner poisoning,symptoms drain cleaner poisoning symptoms getting sodium hydroxide skin eyes abdominal pain severe breathing difficulty throat swelling burns mouth throat chest pain collapse diarrhea drooling loss vision poison touched eyes mouth pain severe rapid drop blood pressure shock throat pain severe severe burns tissue damage vomiting bloody burning severe pain vision lossâ
Drain opener poisoning,drain opener poisoning symptoms parts blood eyes ears nose throat gastrointestinal system heart circulatory system lungs airways skin severe change acid level blood ph balance damage organs burns eyes permanent vision loss severe pain throat severe pain burning nose eyes ears lips tongue blood stool burns possible holes throat esophagus severe abdominal pain vomiting vomiting blood collapse low blood pressure rapidly shock breathing difficulty breathing drain opening agent throat swelling breathing difficulty burns holes necrosis skin tissues underneath irritation
Drainpipe cleaners,drainpipe cleaner poisoning symptoms parts airways lungs blood eyes ears nose throat gastrointestinal system heart circulatory system skin breathing difficulty breathing drainpipe cleaner throat swelling breathing difficulty severe change acid level blood ph balance damage organs loss vision severe pain throat severe pain burning nose eyes ears lips tongue blood stool burns possible holes throat esophagus severe abdominal pain vomiting vomiting blood collapse low blood pressure rapidly shock burns holes necrosis skin tissues underneath irritation
Dye remover poisoning,dye remover poisoning symptoms parts airways lungs blood eyes ears nose throat gastrointestinal system heart circulatory system skin breathing difficulty breathing dye remover throat swelling breathing difficulty severe change acid level blood ph balance damage organs loss vision severe pain throat severe pain burning nose eyes ears lips tongue blood stool burns possible holes perforations esophagus severe abdominal pain trouble swallowing vomiting vomiting blood collapse low blood pressure rapidly shock burns holes necrosis skin tissues underneath irritation
Cloth dye poisoning,cloth dye poisoning symptoms parts airways lungs blood eyes ears nose throat gastrointestinal system heart circulatory system skin breathing difficulty breathing dye throat swelling breathing difficulty severe change acid level blood ph balance damage organs loss vision severe pain throat severe pain burning nose eyes ears lips tongue blood stool burns possible holes perforations esophagus severe abdominal pain vomiting vomiting blood collapse low blood pressure rapidly shock burns holes necrosis skin tissues underneath irritation
Furniture polish poisoning,furniture polish poisoning symptoms parts symptoms depend how poisoning how poison involved swallowing poison poison touched your skin eyes you poison breathed inhaled aspirated agitation confusion coma decreased level consciousness lack responsiveness dizziness breathing difficulty low blood pressure rapidly severe pain throat mouth nose eyes ears severe stomach pain throat swelling vomiting possibly bloody blood your stools skin burns irritation vision loss blurred vision breathing problems difficulty breathing no breathing collapsed lung pneumothorax coma lack responsiveness confusion coordination problems dizziness fever fluid lung headache inflammation lungs infection lungs secondary pneumonia low blood pressure shock lung bleeding convulsions seizures sleepiness stupor decreased awareness sleepiness confusion
Ink remover poisoning,symptoms types alcohol poisoning methanol isopropyl alcohol poisoning symptoms various parts eyes ears nose throat gastrointestinal system heart blood kidneys lungs airways muscles bones nervous system skin brain damage decreased breathing stupor decreased awareness sleepiness confusion unconsciousness blindness blurred vision enlarged dilated pupils abdominal pain nausea vomiting severe bleeding vomiting blood hemorrhage low blood pressure shock severe change level acid blood ph balance failure organs weakness collapse kidney failure rapid shallow breathing fluid lungs blood lungs stopped breathing leg cramps coma decreased level consciousness lack responsiveness dizziness fatigue headache convulsions seizures blue skin lips fingernails cyanosis
Ink poisoning,symptoms eye irritation staining skin mucous membranes
Jewelry cleaner poisoning,jewelry cleaner poisoning symptoms parts airways lungs eyes ears nose throat gastrointestinal system heart blood skin breathing difficulty breathing chemicals throat swelling breathing difficulty severe pain throat severe pain burning nose eyes ears lips tongue vision loss abdominal pain severe bloody stools burns possible holes esophagus food pipe vomiting possibly blood collapse low blood pressure rapidly shock severe change blood acid level organ damage burns holes skin underlying tissues irritation
Lacquer poisoning,lacquer poisoning symptoms parts airways lungs bladder kidneys eyes ears nose throat stomach intestines heart blood nervous system skin breathing difficulty inhalation throat swelling breathing difficulty blood urine no urine production kidney failure severe pain throat severe pain burning nose eyes ears lips tongue vision loss abdominal pain severe bloody stools burns possible holes esophagus food pipe vomiting possibly bloody collapse low blood pressure rapidly shock coma decreased level consciousness lack responsiveness brain damage sleepiness stupor decreased awareness sleepiness confusion burns irritation necrosis holes skin underlying tissues
Metal polish poisoning,metal polish poisoning symptoms parts airways lungs eyes ears nose throat stomach intestines heart blood brain spine skin breathing difficultyâ inhalation throat swelling breathing difficulty severe pain burning throat mouth nose eyes ears vision loss abdominal pain severe bloody stools burns esophagus food pipe vomiting possibly blood collapse low blood pressure rapidly shock coma decreased level consciousness lack responsiveness convulsions dizziness drowsiness headache nervousness staggering stupor decreased awareness sleepiness confusion weakness burns irritation necrosis holes skin underlying tissues
Mildew remover poisoning,mildew remover poisoning symptoms parts airways lungs eyes ears nose throat stomach intestines heart blood nervous system skin breathing difficulty inhalation throat swelling breathing difficulty severe pain throat severe pain burning nose eyes ears lips tongue vision loss abdominal pain severe bloody stools burns esophagus food pipe vomiting possibly blood collapse low blood pressure rapidly shock severe change blood acid levels organ damage coma decreased level consciousness lack responsiveness stupor decreased awareness sleepiness confusion burns irritation necrosis holes skin underlying tissues
Mineral spirits poisoning,mineral spirit poisoning symptoms parts airways lungs eyes ears nose throat stomach intestines heart blood nervous system skin breathing difficulty inhalation throat swelling breathing difficulty severe pain throat severe pain burning nose eyes ears lips tongue vision loss abdominal pain severe blood stools burns esophagus food pipe vomiting possibly bloody collapse low blood pressure rapidly shock rapid heartbeat burning sensations convulsions seizures dizziness loss alertness memory problems nervousness numbness arms legs burns irritation necrosis holes skin underlying tissues
Oven cleaner poisoning,oven cleaner poisoning symptoms parts airways lungs eyes ears nose throat stomach intestines heart blood skin breathing difficulty breathing fumes throat swelling breathing difficulty severe pain throat severe pain burning nose eyes ears lips tongue vision loss abdominal pain bloody stools burns possible holes esophagus food pipe vomiting possibly bloody collapse low blood pressure rapidly shock severe change blood acid level organ damage burns holes skin underlying tissues irritation
"Paint, lacquer, and varnish remover poisoning",paint lacquer varnish remover poisoning symptoms various parts airways lungs eyes ears nose throat stomach intestines kidney heart blood skin nervous system blood lungs coughing blood breathing difficulty inhalation fluid lungs throat swelling breathing difficulty rapid shallow breathing severe pain throat severe pain burning nose eyes ears lips tongue vision loss abdominal pain severe bloody stools burns esophagus food pipe vomiting possibly blood kidney failure collapse low blood pressure rapidly shock severe change level acid blood ph balance failure organs burns irritation necrosis holes skin underlying tissues coma decreased level consciousness lack responsiveness confusion convulsions seizures dizziness sniffing being drunk euphoria incoordination unsteadiness
Windshield washer fluid,symptoms windshield washer fluid poisoning affect systems airway lungs eyes heart blood nervous system skin nails stomach intestines symptoms breathing difficulty no breathing blindness complete partial described snow blindness blurred vision dilation widening pupils low blood pressure agitated behavior coma unresponsiveness confusion difficulty walking dizziness headache seizures bluish-colored lips fingernails cyanosis abdominal pain severe diarrhea liver problems jaundice yellow skin bleeding nausea pancreatitis nausea vomiting abdominal pain vomiting bloody fatigue leg cramps weakness yellow skin jaundice
Carbon monoxide poisoning,when you breathe carbon monoxide poison replaces oxygen your bloodstream your heart brain then starved oxygen symptoms vary those high risk severe bodily damage young older lung heart disease who high altitudes smokers carbon monoxide harm fetus unborn baby womb symptoms carbon monoxide poisoning animals poisoned carbon monoxide who pets home notice their animals weak unresponsive carbon monoxide exposure pets sick humans these symptoms viral illnesses carbon monoxide poisoning confused these conditions delay getting help breathing problems no breathing shortness breath rapid breathing chest pain suddenly angina coma confusion convulsions dizziness drowsiness fainting fatigue general weakness achiness headache hyperactivity impaired judgment irritability low blood pressure muscle weakness rapid abnormal heartbeat shock nausea vomiting unconsciousness
Dry cell battery poisoning,symptoms depend size battery battery leaked chemicals symptoms acidic dry cell battery poisoning symptoms breathing large amounts acidic battery fumes contents dust smoke burning batteries symptoms alkaline battery poisoning decreased mental ability irritation burns mouth muscle cramps slurred speech swelling lower legs ankles feet spastic walk tremor weakness bronchial irritation cough decreased mental ability difficulty sleeping headache muscle cramps numbness fingers toes itching skin pneumonia irritation blockage airways slurred speech spastic walk weakness legs abdominal pain breathing difficulty throat swelling diarrhea drooling rapid drop blood pressure shock throat pain vomiting
Gasoline poisoning,gasoline poisoning symptoms various parts airways lungs eyes ears nose throat stomach intestines heart blood nervous system skin breathing difficulty throat swelling pain vision loss abdominal pain blood stools burns esophagus food pipe vomiting possibly blood collapse low blood pressure rapidly shock convulsions seizures come lack responsiveness decreased alertness responsiveness depression dizziness drowsiness being drunk euphoria headache staggering weakness burns irritation
Kerosene poisoning,kerosene poisoning symptoms various parts airways lungs eyes ears nose throat stomach intestines heart blood nervous system skin breathing difficulty inhalation throat swelling breathing difficulty pain vision loss abdominal pain bloody stools burns esophagus food pipe vomiting possibly blood collapse low blood pressure rapidly shock convulsions seizures coma lack responsiveness decreased alertness responsiveness depression dizziness drowsiness being drunk euphoria headache staggering weakness burns irritation
Tar remover poisoning,below symptoms tar remover poisoning parts airways lungs eyes ears nose throat heart blood stomach intestines nervous system skin breathing difficulty throat swelling breathing difficulty severe pain burning throat nose eyes ears lips tongue vision loss collapse low blood pressure shock abdominal pain severe blood stools burns esophagus food pipe nausea vomiting bloody depression dizziness drowsiness being drunk euphoria headache loss alertness unconsciousness seizures staggering weakness burns irritation holes skin tissues skin
Metal cleaner poisoning,below symptoms metal cleaner poisoning parts airways lungs eyes ears nose throat heart blood stomach intestines nervous system skin breathing difficulty breathing chemical throat swelling breathing difficulty severe pain throat severe pain burning nose eyes ears lips tongue vision loss collapse low blood pressure shock abdominal pain severe blood stool burns food pipe esophagus diarrhea nausea vomiting possibly blood depression dizziness drowsiness being drunk euphoria headache loss alertness unconsciousness seizures staggering weakness burns irritation necrosis holes skin underlying tissues
Wax poisoning,general wax poisonous eats small amount crayon wax pass child's system causing problem eating large amounts wax crayons intestinal obstruction attempting smuggle illegal drugs international borders swallow packets illegal substances layered wax packaging ruptures drug released causing severe poisoning wax then intestinal obstruction well
Pencil eraser swallowing,swallowing pencil eraser intestinal blockage abdominal pain nausea vomiting infants irritable
Pencil swallowing,graphite relatively nonpoisonous there no symptoms symptoms they stomachache vomiting bowel obstruction blockage choke swallowing pencil symptoms repeated coughing chest pain shortness breath rapid breathing piece pencil their nose symptoms nose pain drainage breathing problems infants irritable
Rubber cement poisoning,symptoms who repeatedly sniff rubber cement high symptoms below parts airways lungs eyes ears nose throat heart blood stomach intestines nervous system skin breathing difficulty inhalation throat swelling breathing difficulty burning nose lips throat eyes vision loss change acid balance blood organ damage collapse low blood pressure shock abdominal pain nausea vomiting convulsions seizures dizziness headache muscle spasms nerve problems unconsciousness lack responsiveness unsteady walk irritation
Shellac poisoning,below symptoms shellac poisoning parts eyes ears nose throat heart blood kidneys lungs airways muscles bones nervous system skin stomach intestines blindness blurred vision wide pupils low blood pressure severe change acid level blood organ failure weakness collapse kidney failure rapid shallow breathing fluid lungs blood lungs stopped breathing leg cramps coma decreased level consciousness lack responsiveness dizziness fatigue headache seizures convulsions blue-colored skin lips fingernails diarrhea nausea vomiting
Solder poisoning,symptoms bladder kidneys eyes ears nose mouth throat stomach intestines heart blood muscles joints nervous system skin symptoms tin zinc chloride bladder kidneys eyes ears nose mouth throat stomach intestines skin symptoms ethylene glycol symptoms cadmium symptoms bismuth symptoms silver symptoms antimony symptoms copper kidney damage metallic taste vision problems yellow eyes jaundice hearing loss abdominal pain constipation diarrhea excessive thirst loss appetite vomiting weight loss collapse high blood pressure low blood pressure shock paralysis muscle aches fatigue weakness joint pain coma decreased level consciousness lack responsiveness confusion excitability hallucinations headache irritability lack desire sleeping difficulty tremor twitching uncoordinated movements seizures convulsions pale skin yellow skin jaundice decreased urine output no urine output burns mouth throat yellow eyes jaundice diarrhea vomiting yellow skin jaundice disturbance acid balance blood failure organs kidney failure kidney damage reduced brain function intelligence reduced lung function softening bones kidney failure diarrhea eye irritation gum disease gingivitis kidney damage metallic taste skin irritation grayish-black staining skin mucous membranes silver deposits eyes chemical burns depression dizziness eczema skin dryness irritation headache irritation mucous membranes mouth nose stomach problems abdominal pain diarrhea vomiting heart kidney liver failure uncommon confusion uncommon fever
Wood stain poisoning,below symptoms wood stain poisoning parts eyes ears nose throat stomach intestines heart blood lungs airways nervous system skin loss vision severe pain throat severe pain burning nose eyes ears lips tongue blood stool burns food pipe esophagus diarrhea nausea severe abdominal pain vomiting vomiting blood collapse low blood pressure rapidly shock breathing difficulty breathing fumes throat swelling breathing difficulty brain damage confusion memory loss difficulty concentrating dizziness lightheadedness burn holes skin tissues skin irritation
Household glue poisoning,symptoms breathing sniffing glue fumes severe poisonings swallowing large amounts swallowing glue blockage gastrointestinal tract stomach intestines abdominal pain nausea vomiting anxiety seizures breathing large amounts drunk dazed dizzy appearance difficulty breathing respiratory failure excitability headache irritability loss appetite nausea red runny nose stupor decreased level consciousness confusion coma
Caulking compound poisoning,below symptoms caulking compound poisoning parts eyes ears nose throat stomach intestines heart blood lungs airways nervous system skin loss vision pain throat pain burning nose eyes ears lips tongue abdominal pain blood stool burns food pipe esophagus nausea vomiting vomiting blood collapse low blood pressure rapidly shock breathing difficulty breathing substance throat swelling breathing difficulty concentration problems headache lightheadedness burn irritation
Toluene and xylene poisoning,below symptoms toluene xylene poisoning parts eyes ears nose throat stomach intestines heart blood vessels kidneys lungs airways nervous system skin blurred vision burning pain hearing loss bloody stools abdominal pain severe loss appetite nausea vomiting bloody irregular heartbeat low blood pressure shock kidney damage breathing difficulty chest pain cough rapid shallow breathing convulsions seizures dizziness drowsiness extreme well-being euphoria headache memory loss nervousness staggering tremors unconsciousness lack responsiveness dry cracked skin pale skin
Acid soldering flux poisoning,below symptoms flux poisoning parts eyes ears nose throat kidneys bladder stomach intestines heart blood vessels lungs airways skin loss vision severe pain throat severe pain burning nose eyes ears lips tongue decreased urine output kidney failure blood stool burns food pipe esophagus severe abdominal pain nausea vomiting vomiting blood collapse irregular heart beat low blood pressure rapidly shock breathing difficulty breathing chemical throat swelling breathing difficulty burn holes skin tissues skin irritation
Glaze poisoning,below symptoms glaze poisoning parts eyes ears nose throat kidneys bladder stomach intestines heart blood muscles joints nervous system skin note these symptoms generally only repeated poisonings long period metallic taste mouth vision problems yellow eyes jaundice decreased urine output kidney damage constipation abdominal pain diarrhea increased thirst loss appetite vomiting weight loss low blood pressure high blood pressure fatigue joint pain muscle soreness paralysis weakness coma decreased level consciousness lack responsiveness confusion excitability hallucinations headache inability sleep irritability lack desire tremor twitching being uncooperative uncoordinated movements hearing loss seizures pale skin yellow skin jaundice
Insecticide poisoning,below symptoms insecticide poisoning parts symptoms pyrethrin poisoning lungs airways nervous system skin symptoms organophosphate carbamate poisoning heart blood lungs airways nervous system bladder kidneys eyes ears nose throat stomach intestines skin note serious poisoning organophosphate your bare skin you don't wash your skin soon you large amounts chemical soak skin you protected life-threatening paralysis death quickly symptoms paradichlorobenzene poisoning eyes ears throat mouth lungs airways muscles nervous system skin stomach intestines note paradichlorobenzene mothballs toxic they replaced toxic camphor naphthalene types breathing difficulty coma decreased level consciousness lack responsiveness seizures irritation redness swelling slow heart rate breathing difficulty wheezing anxiety coma decreased level consciousness lack responsiveness seizures dizziness headache weakness increased urination drooling increased saliva increased tears eyes small pupils abdominal cramps diarrhea loss appetite nausea vomiting blue-colored lips fingernails burning mouth breathing problems rapid slow painful cough shallow breathing muscle spasms changes alertness headache slurred speech weakness yellow skin jaundice diarrhea abdominal pain nausea vomiting
Lighter fluid poisoning,below symptoms lighter fluid poisoning parts eyes ears nose throat kidneys bladder stomach intestines heart blood lungs airways nervous system skin loss vision severe pain throat severe pain burning nose eyes ears lips tongue decreased urine output blood stool severe abdominal pain burns food pipe esophagus vomiting vomiting blood collapse low blood pressure rapidly shock breathing difficulty chest pain cough throat swelling breathing difficulty coma decreased level consciousness lack responsiveness confusion dizziness excitability extreme sleepiness hallucinations headache inability sleep irritability lack desire tremor twitching uncoordinated movements seizures convulsions staggering burns holes skin tissues skin irritation
Malathion poisoning,below symptoms malathion poisoning parts airways lungs bladder kidneys eyes ears nose throat heart blood nervous system skin stomach gastrointestinal tract chest tightness difficulty breathing wheezing increased airway secretions mucus no breathing increased urination inability control urine flow incontinence increased salivation increased tears eyes small pupils cases pupils dilated react light low high blood pressure slow heart rate cases heart rate rapid weakness agitation anxiety coma confusion convulsions dizziness headache muscle twitching blue lips fingernails sweating abdominal cramps diarrhea loss appetite nausea vomiting
Propane poisoning,symptoms depend contact touching liquid propane frostbite-like symptoms burning sensation convulsions cough diarrhea dizziness fever general weakness headache heartbeat irregular heartbeat rapid lightheadedness loss consciousness coma unresponsiveness nausea vomiting nervousness pain numbness arms legs skin irritation slow shallow breathing weakness
Diazinon poisoning,below symptoms diazinon poisoning parts airways lungs bladder kidneys eyes ears nose throat heart blood nervous system skin stomach gastrointestinal tract chest tightness difficulty breathing no breathing increased urination inability control urine flow incontinence increased salivation increased tears eyes small dilated pupils react light low high blood pressure slow rapid heart rate weakness agitation anxiety coma confusion convulsions dizziness headache muscle twitching blue lips fingernails sweating abdominal cramps diarrhea loss appetite nausea vomiting
Grass and weed killer poisoning,symptoms glyphosate poisoning abdominal cramps anxiety breathing difficulty coma blue lips fingernails rare diarrhea dizziness drowsiness headache irritation mouth throat low blood pressure nausea vomiting vomit blood weakness kidney failure slow heart rate
Swimming pool cleaner poisoning,below symptoms swimming pool cleaner poisoning parts eyes ears nose throat stomach intestines heart blood lungs airways skin loss vision severe pain throat severe pain burning nose eyes ears lips tongue blood stool burns food pipe esophagus severe abdominal pain nausea vomiting contain blood collapse low blood pressure rapidly shock too too little acid blood organ damage breathing difficulty breathing substance throat swelling breathing difficulty burn holes skin tissues skin irritation
Dirt - swallowing,swallowing dirt constipation blockage intestines these stomach pain severe there contaminants soil these substances symptoms
Plant fertilizer poisoning,symptoms plant fertilizer poisoning gray blue-colored fingernails lips palms hand burning skin burning throat nose eyes dizziness fainting itchy skin low blood pressure shock seizures shortness breath skin redness stomach pain stomach upset nausea vomiting cramps
Centipede,symptoms centipede bite who allergic centipede venom centipede bites painful they fatal won't need treatment managing symptoms pain bite swelling bite redness bite lymph node swelling rare numbness bite rare difficulty breathing rapid heart rate throat swelling
Fire ants,symptoms fire ant sting those allergic fire ant venom multiple fire ant stings vomiting diarrhea swelling throughout shortness breath low blood pressure rapid heartbeat shock swelling redness itchiness pain site bite pus-filled blisters last 3 8 days possible scab bite lasts 3 10 days difficulty breathing rapid heart rate throat swelling
Funnel-web spider bite,funnel-web spider bites painful dangerous they been known these symptoms parts eyes ears nose throat heart blood lungs muscles joints nervous system skin stomach intestines drooling drooping eyelids double vision swallowing difficulty tingling numbness mouth lips 10 15 minutes collapse shock rapid heart rate difficulty breathing joint pain severe muscle spasms legs belly agitation confusion coma lack responsiveness headache numbness mouth lips tremors shaking shivering chills heavy sweating redness site bite diarrhea nausea vomiting
Jellyfish stings,symptoms stings types jellyfish lion's mane portuguese man-of-war sea nettle sea wasp box jellyfish great majority bites stings forms poisoning danger drowning being stung allergic reaction venom breathing difficulty muscle cramps skin burning blistering severe abdominal pain changes pulse chest pain chills collapse shock headache muscle pain muscle spasms numbness weakness pain arms legs raised red spot where stung runny nose watery eyes swallowing difficulty sweating mild skin rash mild stings muscle cramps breathing difficulty lot contact abdominal pain breathing difficulty changes pulse chest pain collapse shock headache muscle pain muscle spasms nausea vomiting pain arms legs raised red spot where stung severe burning pain sting site blistering skin tissue death sweating
Millipede toxin,millipede toxin skin symptoms millipede toxin eyes symptoms nausea vomiting you come into contact large number millipedes their toxins staining skin turns brown intense burning itching blisters blindness rare inflammation membrane lining eyelids conjunctivitis inflammation cornea keratitis pain tearing spasm eyelids
"Bee, wasp, hornet, or yellow jacket sting",below symptoms bee wasp hornet yellow jacket sting parts eyes ears nose throat heart blood vessels lungs skin stomach intestines these symptoms allergic reaction venom swelling throat lips tongue mouth rapid heart rate severe decrease blood pressure collapse shock difficulty breathing hives itching swelling pain site sting abdominal cramping diarrhea nausea vomiting
Scorpion fish sting,scorpion fish sting intense pain swelling site sting swelling spread affect entire arm leg minutes below symptoms scorpion fish sting parts airways lungs heart blood skin stomach intestines nervous system difficulty breathing collapse shock low blood pressure weakness irregular heartbeat bleeding lighter color site sting severe pain site sting pain quickly spread entire limb skin color changes amount oxygen supplying decreases abdominal pain diarrhea nausea vomiting anxiety delirium agitation confusion fainting fever infection headache muscle twitching numbness tingling spreading out site sting paralysis seizures tremors shaking
Scorpions,mild cases only symptom mild tingling burning site sting severe cases symptoms parts eyes ears lungs nose mouth throat heart blood kidneys bladder muscles joints nervous system skin double vision difficulty breathing no breathing rapid breathing drooling itching nose throat spasm larynx voice box tongue thick increased decreased heart rate irregular heartbeat inability hold urine decreased urine output muscle spasms anxiety convulsions seizures paralysis random movements head eye neck restlessness stiffness heightened sensitivity touch sting sweating abdominal cramps inability hold stool nausea vomiting
Poisoning - fish and shellfish,harmful substances ciguatera scombroid shellfish poisonings heat stable no amount cooking prevent you becoming poisoned you eat contaminated fish symptoms depend specific poisoning ciguatera poisoning symptoms 2 12 hours eating fish they shortly these symptoms you start strange sensations these symptoms worse you drink alcohol your meal scombroid poisoning symptoms immediately eating fish they below well-known types seafood poisoning their symptoms paralytic shellfish poisoning 30 minutes eating contaminated seafood you numbness tingling your mouth sensation spread down your arms legs you dizzy headache cases your arms legs temporarily paralyzed nausea vomiting diarrhea these symptoms common neurotoxic shellfish poisoning symptoms similar those ciguatera poisoning eating contaminated clams mussels you nausea vomiting diarrhea these symptoms followed soon strange sensations numbness tingling your mouth headache dizziness hot cold temperature reversal amnesic shellfish poisoning strange rare poisoning begins nausea vomiting diarrhea these symptoms followed short-term memory loss common nervous system symptoms abdominal cramps diarrhea severe watery nausea vomiting your teeth loose fall out confusing hot cold temperatures instance you ice cube burning you match freezing your skin headache probably common symptom low heart rate low blood pressure severe cases metallic taste mouth breathing problems wheezing chest tightness severe cases extremely red skin face flushing hives itching nausea vomiting peppery bitter taste
Stingray,below symptoms stingray sting parts airways lungs ears nose throat heart blood nervous system skin stomach intestines breathing difficulty salivating drooling no heartbeat irregular heartbeat low blood pressure collapse shock fainting cramps muscle twitching headache numbness tingling paralysis weakness bleeding discoloration blistering containing blood pain swelling lymph nodes sting severe pain site sting sweating swelling sting site throughout especially sting skin trunk diarrhea nausea vomiting
Stonefish sting,stonefish sting intense pain swelling site sting swelling spread entire arm leg minutes below symptoms stonefish sting parts airways lungs heart blood skin stomach intestines nervous system difficulty breathing no heartbeat irregular heartbeat low blood pressure collapse shock bleeding severe pain site sting pain spread quickly into entire limb lighter color sting change color oxygen decreases abdominal pain diarrhea nausea vomiting anxiety delirium agitation confusion fainting fever infection headache muscle twitching numbness tingling spreading out site sting paralysis seizures tremors shaking
Tarantula spider bite,tarantula bites you you pain site bite similar bee sting bite warm red when these spiders threatened rubs its hind legs its own surface flicks thousands tiny hairs threat these hairs barbs pierce human skin causing swollen itchy bumps itching last weeks you allergic tarantula venom these symptoms breathing difficulty loss blood flow major organs extreme reaction eyelid puffiness itchiness low blood pressure collapse shock rapid heart rate skin rash swelling site bite swelling lips throat
Tick bite,watch symptoms tick-borne diseases weeks tick bite these muscle joint aches stiff neck headache weakness fever swollen lymph nodes flu-like symptoms watch red spot rash starting site bite called erythema migrans symptoms below bite itself diseases bite symptoms variety tick another common ticks stopped breathing difficulty breathing blisters rash severe pain site lasting several weeks kinds ticks swelling site kinds ticks weakness uncoordinated movement
Wasp sting,below symptoms wasp sting parts eyes ears nose throat heart blood vessels lungs skin stomach intestines note symptoms marked asterisk allergic reaction venom venom itself swelling throat lips tongue mouth rapid heart rate severe decrease blood pressure collapse shock difficulty breathing hives itching swelling pain site sting abdominal cramping diarrhea nausea vomiting
Black widow spider,symptom black widow bite pain similar pinprick when bite minor swelling redness target-shaped sore 15 minutes 1 hour dull muscle pain spreads bite whole symptoms pregnant contractions go into labor bite upper you pain your chest bite your lower you pain your abdomen anxiety difficulty breathing headache high blood pressure increased saliva increased sweating light sensitivity muscle weakness nausea vomiting numbness tingling bite site then spreading out bite restlessness seizures death who bitten painful muscle cramps spasms facial swelling hours bite pattern swelling confused allergy drug treatment
Brown recluse spider,when spider bites you you sharp sting pain several hours being bitten severe serious reactions symptoms rarely these symptoms serious cases blood supply cut off bite black tissue scarring eschar site eschar sloughs off 2 5 weeks leaving ulcer skin fatty tissue ulcer months heal leave deep scar chills itching general ill-feeling discomfort fever nausea reddish purplish color circle bite sweating large sore ulcer bite coma lack responsiveness blood urine yellowing skin whites eyes jaundice kidney failure seizures
Caterpillars,below symptoms exposure caterpillar hairs parts eyes mouth nose throat nervous system respiratory system skin stomach intestines whole drooling pain redness inflamed membranes nose increased tears mouth throat burning swelling pain redness eye headache cough shortness breath wheezing blisters hives itching rash redness vomiting caterpillar caterpillar hairs eaten pain severe allergic reaction anaphylaxis rare combination symptoms itching nausea headache fever vomiting muscle spasms tingling skin swollen glands rare
Heroin overdose,heroin high because its effects short-lived euphoria blissful apathy they overdose they extremely sleepy unconsciousness stop breathing deaths heroin breathing below symptoms heroin overdose parts airways lungs eyes ears nose throat heart blood skin stomach intestines nervous system no breathing shallow breathing slow difficult breathing dry mouth extremely small pupils small head pin pinpoint pupils discolored tongue low blood pressure weak pulse bluish-colored nails lipsâ cyanosis constipation spasms stomach intestines coma lack responsiveness delirium confusion disorientation drowsiness uncontrolled muscle movements
Caladium plant poisoning,symptoms eating parts plant plant touching eye blistering swelling mouth severe enough prevent normal speaking swallowing burning mouth throat damage outer clear layer cornea eye diarrhea eye pain hoarse voice difficulty speaking increased salivation nausea vomiting swelling blistering mouth tongue
Calla lily poisoning,symptoms blistering swelling mouth severe enough prevent normal speaking swallowing blisters mouth burning mouth throat diarrhea hoarse voice increased saliva production nausea vomiting pain swallowing redness swelling pain burning eyes possible corneal damage swelling mouth tongue
Dieffenbachia poisoning,symptoms blistering swelling mouth severe enough prevent normal speaking swallowing blisters mouth burning mouth throat diarrhea hoarse voice increased saliva production nausea vomiting pain swallowing redness swelling pain burning eyes possible corneal damage swelling mouth tongue
Elephant ear poisoning,symptoms elephant ear poisoning blistering swelling mouth severe enough prevent normal speaking swallowing blisters mouth burning mouth throat increased saliva production pain when swallowing hoarse voice diarrhea nausea vomiting redness pain burning eyes swelling tongue mouth eyes
Grass allergy,symptoms breathing difficulty headache itchy watery eyes runny nose sneezing stuffy nose
Jack-in-the-pulpit poisoning,symptoms blistering swelling mouth severe enough prevent normal speaking swallowing blisters mouth burning mouth throat diarrhea hoarse voice increased saliva production nausea vomiting pain swallowing redness swelling pain burning eyes possible corneal damage swelling mouth tongue
Jerusalem cherry poisoning,effects jerusalem cherry poisoning mostly affect primarily gastrointestinal delayed 8 10 hours central nervous system poisoning dangerous symptoms abdominal pain stomach pain delirium agitation confusion diarrhea dilated pupils fever hallucinations headache loss sensation lower normal temperature hypothermia nausea vomiting paralysis shock slow pulse slowed breathing vision changes
Philodendron poisoning,symptoms poisoning blistering swelling mouth severe enough prevent normal speaking swallowing blisters mouth burning mouth throat diarrhea hoarse voice increased saliva production nausea vomiting pain swallowing redness swelling pain burning eyes possible corneal damage swelling mouth tongue
Pokeweed poisoning,symptoms seizures convulsions diarrhea hemorrhagic bloody headache loss consciousness unresponsiveness low blood pressure muscle spasms nausea vomiting rapid pulse slow difficult breathing stomach pain weakness
Potato plant poisoning - green tubers and sprouts,effects mostly gastrointestinal they delayed 8 10 hours central nervous system effects large ingestions these poisonings dangerous symptoms abdominal stomach pain delirium agitation confusion diarrhea dilated wide pupils fever hallucinations headache loss sensation lower normal temperature hypothermia nausea vomiting paralysis shock slow pulse slowed breathing vision changes
Rhubarb leaves poisoning,symptoms blistering swelling mouth severe enough prevent normal speaking swallowing breathing difficulty blisters mouth burning mouth throat coma unconsciousness lack responsiveness diarrhea hoarse voice increased saliva production nausea vomiting kidney stones flank back pain red-colored urine seizures convulsions stomach pain weakness
Yew poisoning,symptoms altered mental status stupor confusion decreased awareness blue-colored lips cyanosis breathing difficulty coma unresponsiveness lack consciousness convulsions diarrhea dizziness enlarged dilated pupils headache muscle weakness nausea vomiting rapid collapse slow fast irregular heartbeat stomach pain tremor shaking arms legs
Foxglove poisoning,symptoms heart blood possible symptoms hallucinations loss appetite halos who been poisoned long period irregular slow heartbeat collapse low blood pressure shock blurred vision confusion depression disorientation hallucinations halos objects yellow green white headache lethargy loss appetite rash hives stomach pain vomiting nausea diarrhea weakness drowsiness
Jimsonweed poisoning,symptoms jimsonweed poisonings affect various systems bladder kidneys eyes ears nose throat mouth stomach intestines heart blood nervous system skin whole little no urine production urinary retention abdominal pain urinary retention blurred vision dilated enlarged pupils dry mouth nausea vomiting elevated blood pressure rapid pulse irregular pulse coma lack responsiveness seizures convulsions death delirium agitation severe confusion dizziness hallucinations headache mumbling incoherent speech repetitive picking behavior red skin hot dry skin fever thirst
Lily of the valley poisoning,poisoning symptoms affect parts heart blood eyes ears nose mouth throat stomach intestines nervous system skin note depression loss appetite visual halos only chronic overdose cases irregular slow heartbeat collapse blurred vision halos objects yellow green white diarrhea loss appetite nausea vomiting stomach pain excessive urination night confusion depression disorientation drowsiness fainting headache lethargy sleepiness weakness rash hives
Mistletoe poisoning,symptoms mistletoe poisoning affect parts eyes ears nose mouth throat stomach intestines heart blood nervous system blurred vision diarrhea nausea vomiting stomach pain weakness drowsiness
Oleander poisoning,oleander poisoning affect parts heart blood eyes ears nose mouth throat stomach intestines nervous system skin note depression loss appetite halos chronic overdose cases irregular slow heartbeat low blood pressure weakness blurred vision vision disturbances halos objects diarrhea loss appetite nausea vomiting stomach pain confusion death depression disorientation dizziness drowsiness fainting headache lethargy hives rash
Poinsettia plant exposure,poinsettia plant exposure affect parts eyes direct contact stomach intestines symptoms mild skin burning redness nausea vomiting stomach ache skin rash itching
Poison ivy - oak - sumac,symptoms exposure addition skin symptoms affect eyes mouth rash spread touching undried sap moving skin oil stick animal fur explains why contract skin irritation dermatitis their outdoor pets blisters burning skin itching redness skin swelling
Black nightshade poisoning,black nightshade poisoning affect areas eyes ears nose mouth throat stomach intestines heart blood lungs nervous system whole dry mouth enlarged dilated pupils diarrhea stomach pain vomiting pulse slow low blood pressure shock slowed breathing delirium agitation confusion hallucinations headache loss sensation paralysis sweating dry skin elevated temperature hyperthermia
Blue nightshade poisoning,blue nightshade poisoning affect parts eyes ears nose throat stomach intestines heart blood lungs nervous system whole dry mouth enlarged dilated pupils diarrhea nausea vomiting stomach pain pulse slow shock slow breathing delirium agitation confusion hallucinations headache loss sensation paralysis sweating dry skin elevated temperature hyperthermia
Carbolic acid poisoning,below symptoms carbolic acid poisoning parts bladder kidneys eyes ears nose mouth throat stomach intestines heart blood lungs airways nervous system skin whole blue green-colored urine decreased urine output no urine output severe burns mouth food pipe esophagus yellow eyes jaundice abdominal stomach pain severe bloody stools diarrhea nausea vomiting possibly bloody low blood pressure shock rapid heart rate deep rapid breathing wheezing trouble breathing life threatening inhaled coma decreased level consciousness lack responsiveness seizures convulsions hyperactivity lack alertness stupor blue lips fingernails cyanosis burns yellow skin jaundice excessive thirst heavy sweating
Chlorophyll poisoning,chlorophyll considered nonpoisonous who swallow chlorophyll no symptoms rare cases symptoms swallow chlorophyll their tongue yellow black their urine stool green chlorophyll touches skin mild burning itching diarrhea loose bowel movements stools stomach cramps
Cyanoacrylates poisoning,skin sticks together when these products skin they hives types skin irritation serious injury product comes contact eye cyanoacrylates medical value when properly
Fuel oil poisoning,below symptoms fuel oil poisoning parts eyes ears nose throat stomach intestines heart blood lungs nervous system skin loss vision pain throat pain burning nose eyes ears lips tongue abdominal pain blood stool diarrhea nausea vomiting contain blood collapse low blood pressure rapidly breathing difficulty breathing fumes throat swelling breathing difficulty depression difficulty concentrating dizziness drowsiness being drunk euphoria headaches lightheadedness loss alertness unconsciousness seizures convulsions staggering weakness blisters burn irritation peeling skin
Merbromin poisoning,below symptoms merbromin poisoning parts bladder kidneys eyes ears nose mouth throat stomach intestines heart blood lungs nervous system decreased urine output stop completely kidney damage excessive saliva inflammation gums metallic taste mouth mouth sores swelling throat severe completely throat swollen salivary glands thirst diarrhea bloody stomach pain severe vomiting shock breathing difficulty severe dizziness memory problems problems balance coordination speech difficulties tremor mood personality changes insomnia
Myristica oil poisoning,below symptoms myristica oil poisoning parts airways lungs eyes ears nose throat stomach intestines heart blood nervous system skin chest pain double vision dry mouth eye irritation abdominal pain dehydration nausea rapid heartbeat agitation anxiety brief euphoria being drunk delirium agitation confusion drowsiness hallucinations headache lightheadedness seizures convulsions tremors shaking arms legs redness flushing
Paradichlorobenzene poisoning,below symptoms paradichlorobenzene poisoning parts eyes ears throat mouth lungs airways muscles nervous system skin stomach intestines burning mouth breathing problems rapid slow painful cough shallow breathing muscle spasms changes alertness headache slurred speech weakness yellow skin jaundice abdominal pain diarrhea nausea vomiting
Stoddard solvent poisoning,below symptoms stoddard solvent poisoning parts eyes ears nose mouth throat stomach intestines heart blood lungs airways nervous system skin burns mouth severe throat pain severe pain burning eyes ears nose mouth vision loss abdominal pain bloody stools burns food pipe esophagus nausea vomiting rapid heartbeat collapse shock weakness breathing difficulty severe throat swelling breathing difficulty burning sensations difficulty concentrating drowsiness headaches lightheadedness seizures dizziness memory problems nervousness numbness arms legs staggering unconsciousness burns irritation holes skin underlying tissues
Calcium hydroxide poisoning,below symptoms calcium hydroxide poisoning parts eyes ears nose throat stomach intestines heart blood lungs airways skin loss vision severe pain throat severe pain burning nose eyes ears lips tongue blood stool burns food pipe esophagus severe abdominal pain vomiting vomiting blood collapse low blood pressure rapidly shock severe change acid level blood ph balance damage organs breathing difficulty breathing substance throat swelling breathing difficulty burns holes necrosis skin tissues underneath irritation
Binge eating disorder,binge eating disorder binge eating its own another eating disorder bulimia bulimia eat large amounts high-calorie foods secret binge eating they force themselves vomit laxatives exercise vigorously eats large amounts food short period 2 hours able control overeating unable stop eating control amount food eats food fast keeps eating when full gorging uncomfortably full eats hungry eats alone secret guilty disgusted ashamed depressed eating
Rheumatic fever,rheumatic fever mainly affects ages 5 15 who strep throat scarlet fever 14 28 days these illnesses symptoms affect systems general symptoms symptoms joints skin changes condition affects brain nervous system called sydenham chorea symptoms condition fever nosebleeds pain abdomen heart problems no symptoms shortness breath chest pain pain swelling redness warmth mainly knees elbows ankles wrists change move joint another ring-shaped snake-like skin rash trunk upper arms legs skin lumps nodules loss control emotions bouts unusual crying laughing quick jerky movements mainly affect face feet hands
Central sleep apnea,central sleep apnea episodes disrupted breathing sleep symptoms symptoms apnea problem nervous system symptoms depend onâ theâ parts nervous system affected â chronic fatigue daytime sleepiness morning headaches restless sleep shortness breath swallowing problems voice changes weakness numbness throughout
Otitis media with effusion,unlike ear infection ome act sick ome obvious symptoms older complain muffled hearing sense fullness ear younger turn up television volume because hearing loss
Plantar fasciitis,common symptom pain stiffness bottom heel heel pain dull sharp bottom foot ache burn pain worse pain slowly come suddenly intense activity morning when you your steps standing sitting awhile when climbing stairs intense activity walking running jumping sports
Coronary heart disease,cases symptoms noticeable you disease symptoms true early stages chd chest pain discomfort angina common symptom you pain when heart getting enough blood oxygen pain symptoms chest pain heavy squeezing your heart you your breast bone sternum you your neck arms stomach upper back pain activity emotion goes rest medicine called nitroglycerin symptoms shortness breath fatigue activity exertion lightheaded passing out exertion fatigue shortness breath general weakness
Anemia caused by low iron - children,mild anemia no symptoms iron level blood counts lower your severe anemia your act irritable short breath crave unusual foods pica eat food tired weak sore tongue headaches dizziness blue-tinged pale whites eyes brittle nails pale skin
Complex regional pain syndrome,key symptom pain cases crps stages crps follow pattern severe symptoms right others stay stage stage 1 lasts 1 3 months stage 2 lasts 3 6 months stage 3 irreversible changes pain symptoms severe long-lasting depression anxiety intense burning stronger expected injury worse rather better begins point injury spread whole limb arm leg opposite changes skin temperature switching warm cold faster growth nails hair muscle spasms joint pain severe burning aching pain worsens slightest touch breeze skin slowly blotchy purple pale red thin shiny swollen sweaty continued changes skin nails cracked break easily pain becoming worse slower hair growth stiff joints weak muscles limited movement limb because tightened muscles tendons contracture muscle wasting pain entire limb
West Nile virus infection,symptoms 1 14 days becoming infected mild disease generally called west nile fever symptoms these symptoms last 3 6 days last severe forms disease called west nile encephalitis west nile meningitis depending what affected symptoms need prompt attention abdominal pain fever headache sore throat lack appetite muscle aches nausea vomiting diarrhea rash swollen lymph nodes confusion change ability think clearly loss consciousness coma muscle weakness stiff neck weakness arm leg
Severe acute respiratory syndrome (SARS),who sars symptoms main symptoms common symptoms common symptoms lung symptoms worse illness fever stopped cough difficulty breathing fever 100 4â f 38 0â c higher breathing symptoms chills shaking cough starts 2 7 days symptoms headache muscle aches tiredness cough produces phlegm sputum diarrhea dizziness nausea vomiting
Premenstrual dysphoric disorder,symptoms pmdd similar those pms they severe debilitating they least mood-related symptom symptoms menstrual bleeding they better few days period starts here common pmdd symptoms lack ofâ interest daily activities relationships fatigue low energy sadness hopelessness possibly thoughts suicide anxiety out control food cravings binge eating mood swings bouts crying panic attacks irritability anger affects bloating breast tenderness headaches joint muscle pain problems sleeping trouble concentrating
Non-small cell lung cancer,symptoms early lung cancer symptoms symptoms nsclc late stages these symptoms serious conditions important talk your you symptoms chest pain cough go coughing up blood fatigue loss appetite losing weight trying shortness breath wheezing bone pain tenderness eyelid drooping hoarseness changing voice joint pain nail problems shoulder pain weakness swallowing difficulty swelling face weakness
Ventricular fibrillation,who vf episode suddenly collapse unconscious happens because brain muscles receiving blood heart symptoms minutes 1 hour collapse chest pain dizziness nausea rapid irregular heartbeat palpitations shortness breath
Bruise,main symptoms pain swelling skin discoloration bruise begins pinkish red color tender touch difficult muscle been bruised deep thigh bruise painful when you walk run eventually bruise changes bluish color then greenish-yellow finally returns normal skin color heals
Postpartum depression,feelings anxiety irritation tearfulness restlessness common you your baby these postpartum feelings called baby blues they almost go soon need treatment postpartum depression when baby blues fade when signs depression start 1 months childbirth symptoms postpartum depression symptoms depression times life sad depressed mood you symptoms mother postpartum depression agitation irritability changes appetite feelings worthlessness guilt you withdrawn unconnected lack pleasure interest activities loss concentration loss energy problems doing tasks home work significant anxiety thoughts death suicide trouble sleeping unable herself her baby afraid alone her baby negative feelings baby think harming baby these feelings scary they almost acted you tell your them right worry intensely baby little interest baby
Fibroadenoma of the breast,fibroadenomas single lumps several lumps affect breasts lumps lumps smooth well-defined borders they grow size especially pregnancy fibroadenomas smaller menopause taking hormone therapy easily moveable skin firm painless rubbery
Gangrene,symptoms depend location gangrene skin involved gangrene skin symptoms affected your gangrene gallbladder gas gangrene symptoms discoloration blue black skin affected red bronze affected beneath skin foul-smelling discharge loss happen severe pain confusion fever gas tissues beneath skin general ill low blood pressure persistent severe pain
Brain tumor - primary - adults,tumors symptoms they large tumors symptoms slowly symptoms depend tumor's size location how spread there brain swelling common symptoms headaches brain tumors symptoms symptoms pituitary tumor changes person's mental function headaches seizures especially older weakness worse when wakes up morning clear up few hours sleep vomiting confusion double vision weakness numbness worse coughing exercise change position change alertness sleepiness unconsciousness coma changes hearing taste smell changes affect touch ability pain pressure temperatures stimuli confusion memory loss difficulty swallowing difficulty writing reading dizziness abnormal sensation movement vertigo eye problems eyelid drooping pupils sizes uncontrollable eye movement vision difficulties decreased vision double vision total loss vision hand tremor lack control bladder bowels loss balance coordination clumsiness trouble walking muscle weakness face arm leg numbness tingling personality mood behavior emotional changes trouble speaking understanding others who speaking abnormal nipple discharge absent menstruation periods breast development enlarged hands feet excessive hair facial changes low blood pressure obesity sensitivity heat cold
Child neglect and emotional abuse,emotional abuse these emotional abuse these signs emotionally abused they neglect these neglect these signs neglected providing safe environment witnesses violence severe abuse parents threatening violence abandonment constantly criticizing blaming problems child's parent caregiver concern refuses help others problems school eating disorders weight loss poor weight gain emotional issues low self-esteem depression anxiety extreme behavior acting out trying hard please aggressiveness trouble sleeping vague physical complaints rejecting giving love feeding dressing proper clothing giving needed medical dental leaving alone long called abandonment go school regularly smell bad dirty tell you there no home them depressed bizarre behavior alcohol drugs
Apnea of prematurity,breathing pattern newborns regular called periodic breathing pattern likely newborns born early consists episodes shallow breathing short pauses breathing lasting few seconds these episodes then followed periods regular breathing generally considered normal pattern expected mature full-term babies pattern breathing length breathing pauses age baby important when deciding needs evaluated apnea episodes events last longer 20 seconds considered serious baby drop heart rate heart rate drop called bradycardia called brady drop oxygen level oxygen saturation called desaturation called desat
Hyperglycemia - infants,babies hyperglycemia no symptoms babies high blood sugar produce large amounts urine dehydrated high blood sugar sign baby added stress problems infection heart failure
Low calcium level  - infants,babies hypocalcemia no symptoms babies low blood calcium levels jittery tremors twitching rarely they seizures these babies slow heart rate low blood pressure
Osteopenia - premature infants,premature infants born 30 weeks degree osteopenia physical symptoms infants severe osteopenia decreased movement swelling arm leg unknown fracture
Transient tachypnea - newborn,newborns ttn breathing problems soon birth starting 1 2 hours symptoms bluish skin color cyanosis rapid breathing noises grunting flaring nostrils movements ribs breastbone known retractions
Hyperhidrosis,primary symptom hyperhidrosis sweating
Osteonecrosis,there no symptoms early stages bone damage worsens you symptoms pain joint increase severe bone collapses pain rest limited range motion groin pain hip joint affected limping condition leg difficulty overhead movement shoulder joint affected worsening arthritic symptoms joint when condition deteriorates
Methicillin-resistant Staphylococcus aureus (MRSA),normal healthy staph their skin us infection symptoms called colonization being colonized who colonized mrsa spread sign staph skin infection red swollen painful skin pus fluids drain boil these symptoms likely skin been cut rubbed because mrsa germ enter your symptoms likely areas where there hair because germ into hair follicles mrsa infection who facilities tends severe these infections bloodstream heart lungs organs urine recent surgery symptoms these severe infections chest pain cough shortness breath fatigue fever chills general ill headache rash wounds heal
Avian influenza,symptoms avian flu infection humans depend strain virus avian influenza virus humans typical flu-like symptoms cough diarrhea trouble breathing fever greater 100 4â f 38â c headache general ill malaise muscle aches runny nose sore throat
Parathyroid cancer,symptoms parathyroid cancer mainly high level calcium blood hypercalcemia affect parts symptoms bone pain constipation fatigue fractures frequent thirst frequent urination kidney stones muscle weakness nausea vomiting poor appetite
Thyroid nodule,thyroid nodules symptoms large nodules press structures neck symptoms nodules produce thyroid hormones likely symptoms overactive thyroid gland older nodule produces too thyroid hormone only vague symptoms thyroid nodules who hashimoto disease hashimoto disease symptoms underactive thyroid gland thyroid nodules produce no symptoms providers thyroid nodules routine physical exam imaging tests done another reason few thyroid nodules big enough they notice nodule their own ask their examine their neck visible goiter enlarged thyroid gland hoarseness changing voice pain neck problems breathing especially when lying down flat problems swallowing food warm sweaty skin fast pulse palpitations increased appetite nervousness anxiety restlessness poor sleep skin blushing flushing frequent bowel movements tremor weight loss irregular lighter menstrual periods fatigue palpitations chest pain memory loss constipation dry skin face swelling fatigue hair loss cold when weight gain irregular menstrual periods
Gonorrhea,symptoms gonorrhea 2 5 days infection up symptoms symptoms they know they caught infection seek treatment increases risk complications chances passing infection another symptoms symptoms mild they mistaken another infection they infection spreads bloodstream symptoms burning pain urinating need urinate urgently discharge penis white yellow green color red swollen opening penis urethra tender swollen testicles sore throat gonococcal pharyngitis burning pain urinating sore throat painful sexual intercourse severe pain lower abdomen infection spreads fallopian tubes uterus fever infection spreads fallopian tubes uterus abnormal uterine bleeding bleeding sex abnormal vaginal discharge greenish yellow foul smelling discharge fever rash arthritis-like symptoms
Lung cancer,early lung cancer symptoms symptoms depend cancer you symptoms lung cancer late stages these symptoms serious conditions important talk your chest pain cough go coughing up blood fatigue losing weight trying loss appetite shortness breath wheezing bone pain tenderness eyelid drooping facial paralysis hoarseness changing voice joint pain nail problems shoulder pain swallowing difficulty swelling face arms weakness
Serotonin syndrome,symptoms minutes hours taking medicines ss agitation restlessness abnormal eye movements diarrhea fast heartbeat high blood pressure hallucinations increased temperature loss coordination nausea vomiting overactive reflexes rapid changes blood pressure
Atrial myxoma,myxomas symptoms these discovered when imaging study echocardiogram mri ct done another reason symptoms they go change position symptoms myxoma symptoms signs left atrial myxomas mimic mitral stenosis narrowing valve left atrium left ventricle right atrial myxomas rarely produce symptoms they grown quite large 5 inches wide 13 cm symptoms breathing difficulty when lying flat breathing difficulty when asleep chest pain tightness dizziness fainting sensation your heart beat palpitations shortness breath activity symptoms embolism tumor material bluish skin especially fingers raynaud phenomenon cough curvature nails accompanied soft tissue swelling clubbing fingers fever fingers change color pressure cold stress general discomfort malaise joint pain swelling weight loss trying
Low blood pressure,symptoms low blood pressure blurry vision confusion dizziness fainting syncope lightheadedness nausea vomiting sleepiness weakness
Hydrocodone/oxycodone overdose,when you correct prescribed dose these medicines effects addition relieving pain you drowsy confused daze constipated possibly nauseated when you too these medicines symptoms serious symptoms systems eyes ears nose throat gastrointestinal system heart blood vessels nervous system respiratory system skin symptoms pinpoint pupils constipation nausea spasms pain stomach intestinal tract vomiting low blood pressure weak pulse coma unresponsiveness drowsiness possible seizures difficulty breathing slow breathing requires effort shallow breathing no breathing bluish-colored fingernails lips cyanosis muscle damage being immobile unresponsive
Morton neuroma,symptoms rare cases nerve pain space 2nd 3rd toes common morton neuroma symptoms treatment similar numbness tingling space 3rd 4th toes toe cramping sharp shooting burning pain ball foot toes pain increases when wearing tight shoes high heels pressing pain worse
Ovarian hyperstimulation syndrome,symptoms ohss range mild severe condition mild symptoms rare cases serious symptoms abdominal bloating mild pain abdomen weight gain rapid weight gain 10 pounds 4 5 kilograms 3 5 days severe pain swelling belly decreased urination shortness breath nausea vomiting diarrhea blood clots
Fuchs dystrophy,symptoms eye pain eye sensitivity light glare foggy blurred vision only mornings colored halos lights worsening vision throughout
Lymphangitis,symptoms fever chills enlarged tender lymph nodes glands elbow armpit groin general ill malaise headache loss appetite muscle aches red streaks infected armpit groin faint obvious throbbing pain affected
Intraventricular hemorrhage of the newborn,there no symptoms common symptoms premature infants breathing pauses apnea changes blood pressure heart rate decreased muscle tone decreased reflexes excessive sleep lethargy weak suck seizures abnormal movements
Neonatal sepsis,infants neonatal sepsis symptoms temperature changes breathing problems diarrhea decreased bowel movements low blood sugar reduced movements reduced sucking seizures slow fast heart rate swollen belly vomiting yellow skin whites eyes jaundice
Low blood sugar - newborns,infants low blood sugar symptoms your baby risk factors low blood sugar nurses hospital check your baby's blood sugar level there no symptoms blood sugar level checked babies these symptoms bluish-colored pale skin breathing problems pauses breathing apnea rapid breathing grunting sound irritability listlessness loose floppy muscles poor feeding vomiting problems keeping warm tremors shakiness sweating seizures
Myocarditis - pediatric,symptoms mild hard detect newborns infants symptoms suddenly symptoms symptoms age 2 anxiety failure thrive poor weight gain feeding difficulties fever symptoms infection listlessness low urine output sign decreasing kidney function pale cool hands feet sign poor circulation rapid breathing rapid heart rate belly pain nausea chest pain cough fatigue shortness breath swelling edema legs feet face
Hydrops fetalis,symptoms depend severity condition mild forms severe forms liver swelling change skin color pallor breathing problems bruising purplish bruise-like spots skin heart failure severe anemia severe jaundice total swelling
Bilirubin encephalopathy,symptoms depend stage babies kernicterus autopsy definite symptoms early stage middle stage late stage extreme jaundice absent startle reflex poor feeding sucking extreme sleepiness lethargy low muscle tone hypotonia high-pitched cry irritability arched back neck hyperextended backwards high muscle tone hypertonia poor feeding stupor coma no feeding shrill cry muscle rigidity markedly arched back neck hyperextended backwards seizures
Tracheomalacia - acquired,symptoms tracheomalacia breathing problems worse coughing crying upper respiratory infections cold breathing noises change when position changes improve sleep high-pitched breathing rattling noisy breaths
Pneumothorax - infants,infants pneumothorax symptoms when symptoms they bluish skin color cyanosis fast breathing flaring nostrils grunting breathing irritability restlessness additional chest abdominal muscles aid breathing retractions
Neonatal abstinence syndrome,symptoms nas depend symptoms begin 1 3 days birth up because baby need stay hospital observation monitoring up symptoms drug mother how breaks down clears drug influenced genetic factors how drug she taking how long she drug baby born full-term early premature blotchy skin coloring mottling diarrhea excessive crying high-pitched crying excessive sucking fever hyperactive reflexes increased muscle tone irritability poor feeding rapid breathing seizures sleep problems slow weight gain stuffy nose sneezing sweating trembling tremors vomiting
Absent pulmonary valve,symptoms vary depending defects infant blue coloring skin cyanosis coughing failure thrive poor appetite rapid breathing respiratory failure wheezing
Coronary artery fistula,infants condition symptoms symptoms they heart murmur chest discomfort pain easy fatigue failure thrive fast irregular heartbeat palpitations shortness breath dyspnea
Double aortic arch,because symptoms double aortic arch mild problem discovered few years double aortic arch press trachea esophagus trouble breathing swallowing severity symptoms depends how aortic arch pressing these structures breathing symptoms digestive symptoms high-pitched sound breathing stridor noisy breathing repeated pneumonias wheezing choking difficulty eating swallowing vomiting
Eisenmenger syndrome,symptoms bluish lips fingers toes skin cyanosis rounded fingernails toenails clubbing numbness tingling fingers toes chest pain coughing up blood dizziness fainting tired shortness breath skipped heartbeats palpitations stroke swelling joints too uric acid gout
Vascular ring,high-pitched cough stridor repeated pneumonias respiratory infections respiratory distress wheezing choking difficulty eating solid foods difficulty swallowing gerd slow breast feeding slow bottle feeding vomiting
Aortopulmonary window,defect small symptoms defects large symptoms delayed growth heart failure irritability poor eating lack weight gain rapid breathing rapid heartbeat respiratory infections
Vitamin K deficiency bleeding of the newborn,vitamin k deficiency bleeding common areas bleeding there site circumcision belly button gastrointestinal tract blood baby's bowel movements mucous membranes lining nose mouth places where there been needle stick brain blood urine bruising seizures convulsions abnormal behavior bleeding skull
Ebstein anomaly,abnormality slight severe symptoms range mild severe symptoms soon birth bluish-colored lips nails low blood oxygen levels severe cases baby sick trouble breathing mild cases affected asymptomatic years permanently symptoms older cough failure grow fatigue rapid breathing shortness breath fast heartbeat
Hearing loss - infants,signs hearing loss infants vary age diagnosed hearing loss they school true they born hearing loss inattention falling behind class work signs undiagnosed hearing loss newborn baby hearing loss startle when there loud noise nearby older infants who respond familiar voices no reaction when spoken single words 15 months simple 2-word sentences age 2 they reach these milestones hearing loss
Anomalous left coronary artery from the pulmonary artery,symptoms alcapa infant symptoms 2 months baby's life crying sweating feeding irritability pale skin poor feeding rapid breathing symptoms pain distress baby mistaken colic
Endocardial cushion defect,tires easily bluish skin color known cyanosis lips blue feeding difficulties failure gain weight grow frequent pneumonia infections pale skin pallor rapid breathing rapid heartbeat sweating swollen legs abdomen rare trouble breathing especially feeding
Bicuspid aortic valve,baby tires easily chest pain difficulty breathing rapid irregular heartbeat palpitations loss consciousness fainting pale skin pallor
Dextrocardia,there no symptoms dextrocardia heart normal conditions dextrocardia symptoms bluish skin cyanosis difficulty breathing failure grow gain weight fatigue yellow skin eyes jaundice pale skin pallor repeated sinus lung infections
Double inlet left ventricle,symptoms dilv bluish color skin lips cyanosis low oxygen blood failure gain weight grow pale skin pallor poor feeding becoming tired easily sweating swollen legs abdomen trouble breathing
Double outlet right ventricle,signs dorv symptoms dorv enlarged heart heart murmur rapid breathing rapid heartbeat poor feeding becoming tired easily bluish color skin lips cyanosis clubbing thickening nail beds toes fingers late sign failure gain weight grow pale coloring pallor sweating swollen legs abdomen trouble breathing
High blood pressure in infants,babies high blood pressure symptoms symptoms related condition causing high blood pressure these symptoms symptoms baby high blood pressure bluish skin cyanosis failure grow gain weight frequent urinary tract infections pale skin pallor rapid breathing irritability seizures trouble breathing vomiting
Retinal vein occlusion,symptoms sudden blurring vision loss eye
Gestational trophoblastic disease,symptoms gtd vaginal bleeding abnormally high levels certain hormones hcg rapidly enlarging uterus
Protein-losing enteropathy,symptoms symptoms depend disease causing problem diarrhea fever abdominal pain swelling
Low back pain - chronic,low back pain dull aching pain sharp pain tingling sensation burning sensation inability move leg pain hip pain foot pain leg weakness foot weakness
Low back pain - acute,tingling sensation burning sensation dull achy sharp pain inability move leg pain hip pain foot pain leg weakness foot weakness
Carotid artery disease,early stages you symptoms plaque builds up symptoms carotid artery disease stroke transient ischemic attack tia tia temporary reduction blood flow brain doesn't lasting damage symptoms stroke tia blurred vision confusion loss memory loss sensation your problems speech language loss speech vision loss partial complete blindness weakness your problems thinking reasoning memory
Dysarthria,difficulty making sounds difficulty making words slurred speech altered speech rhythm altered speech speed drooling difficulty chewing difficulty swallowing difficulty moving lips difficulty moving tongue difficulty moving jaw mumbling speech soft speech whispering speech nasal voice stuffy voice hoarse voice strained voice breathy voice
Apraxia,distorted speech repeated speech omitted speech difficulty ordering words difficulty pronouncing words difficulty longer words preserved short phrases better writing speaking buccofacial apraxia inability perform facial movements ideational apraxia inability order complex tasks ideomotor apraxia inability perform learned tasks limb-kinetic apraxia difficulty precise arm movements difficulty precise leg movements inability button shirt inability tie shoe gait apraxia inability steps
Methamphetamine overdose,methamphetamine general wellness euphoria called rush symptoms increased heart rate increased blood pressure sweating restlessness dry mouth elevated temperature large wide pupils you large amount drug you higher risk dangerous effects long-term methamphetamine significant psychological problems symptoms length methamphetamines stay active longer cocaine stimulants paranoid delusions last 15 hours agitation chest pain coma unresponsiveness extreme cases heart attack irregular stopped heartbeat difficulty breathing high temperature kidney damage possibly kidney failure paranoia seizures severe stomach pain stroke delusions delusional behavior extreme paranoia major mood swings insomnia severe inability sleep missing rotted teeth called meth mouth repeated infections severe weight loss skin sores abscesses boils
Vaginal or uterine bleeding,bleeding spotting periods bleeding sex bleeding heavily passing large clots needing change protection night soaking sanitary pad tampon hour 2 3 hours row bleeding days normal 7 days menstrual cycle 28 days common 35 days apart bleeding you gone menopause heavy bleeding associated anemia low blood count low iron when menstruation begins ends how flow you count numbers pads tampons noting they soaked bleeding periods sex
Swallowing difficulty,chest pain food stuck throat heaviness pressure neck upper lower chest symptoms you problems swallowing eating drinking only certain types foods liquids early signs swallowing problems difficulty when eating cough wheezing worse regurgitating food been digested heartburn nausea sour taste mouth difficulty swallowing only solids indicate tumor stricture suggests physical blockage stricture tumor difficulty swallowing liquids solids indicate nerve damage spasm esophagus hot cold foods dry crackers bread meat chicken
Shaken baby syndrome,symptoms vary ranging mild severe they there physical signs injury bruising bleeding swelling cases condition difficult diagnose office visit rib fractures common x-rays eye bleeding behind baby's eye retinal detachment there bleeding behind eye they ruled out diagnosing shaken baby syndrome factors must considered convulsions seizures decreased alertness extreme irritability changes behavior lethargy sleepiness smiling loss consciousness loss vision no breathing pale bluish skin poor feeding lack appetite vomiting
Poisoning first aid,abdominal pain bluish lips cyanosis chest pain confusion cough diarrhea difficulty breathing shortness breath dizziness double vision drowsiness fever headache heart palpitations irritability loss appetite loss bladder control muscle twitching nausea vomiting numbness tingling seizures skin rash burns stupor unconsciousness coma unusual breath odor weakness
Cradle cap,parents notice thick crusty yellow brown scales your child's scalp scales eyelids ear nose older infant scratching affected areas infection redness bleeding crusting
Thrush in newborns,symptoms thrush baby babies symptoms thrush mother white velvety sores mouth tongue sores bleed when wiped redness mouth diaper rash mood changes being fussy refusing nurse because soreness deep-pink cracked sore nipples tenderness pain nursing
Angelman syndrome,newborns infants toddlers older disorder don't symptoms 6 12 months when parents notice delay their child's development crawling starting talk 2 5 years age start symptoms jerky walking happy personality laughing no speech intellectual problems loss muscle tone floppiness trouble feeding heartburn acid reflux trembling arm leg movements unstable jerky walking little no speech happy excitable personality laughing smiling light hair skin eye color compared rest family small head size compared flattened back head severe intellectual disability seizures excessive movement hands limbs sleep problems tongue thrusting drooling unusual chewing mouthing movements crossed eyes walking arms uplifted hands waving
Erection problems,trouble getting erection trouble keeping erection having erection firm enough intercourse interest sex
Anemia caused by low iron - infants and toddlers,irritability shortness breath pica reduced appetite fatigue weakness sore tongue headaches dizziness blue-tinged eyes pale eyes brittle nails pale skin
Excessive or unwanted hair in women,coarse dark hair chin upper lip chest upper abdomen back buttocks inner thigh
Endometrial polyps,you symptoms endometrial polyps menstrual bleeding regular predictable long heavy menstrual bleeding bleeding periods bleeding vagina menopause trouble getting staying pregnant infertility
Medial epicondylitis - golfer's elbow,symptoms golfer's elbow pain gradually suddenly worse when you grasp flex your wrist elbow pain runs your forearm your wrist your pinky finger pain when flexing your wrist palm down pain when shaking hands weak grasp numbness tingling your elbow up into your pinky ring fingers irritation ulnar nerve region
Acute coronary syndrome,chest pain shoulder pain arm pain neck pain jaw pain back pain belly pain chest tightness chest squeezing chest crushing chest burning chest choking chest aching persistent discomfort shortness breath anxiety nausea sweating dizziness lightheadedness fast heartbeat irregular heartbeat
Cardiac arrest,sudden loss consciousness fall floor slump down sitting chest pain no pulse no breathing racing heart dizziness shortness breath nausea vomiting
Breast cancer in men,lump swelling breast tissue breast larger small lump beneath nipple unusual changes nipple skin nipple redness scaling puckering nipple discharge
Adult soft tissue sarcoma,early stages there no symptoms cancer grows lump swelling keeps growing lumps cancer symptoms pain presses nerve organ blood vessel bone muscle blockage bleeding stomach intestines breathing problems
Uterine sarcoma,common symptom uterine sarcoma bleeding menopause let your know soon you likely bleeding cancer you tell your unusual bleeding possible symptoms uterine sarcoma symptoms uterine sarcoma similar those aâ fibroidâ non-cancerous tumor muscle uterus only tell difference sarcoma fibroids tests biopsy tissue uterus bleeding your menstrual period bleeding happens menopause vaginal discharge better antibiotics bleeding mass lump vagina uterus
Acute myeloid leukemia (AML) - children,symptoms aml weak tired bone joint pain frequent infections easy bleeding bruising fever infection night sweats painless lumps neck armpits stomach groin parts blue purple pinpoint red spots petechiae skin bleeding shortness breath loss appetite eating food
Nonalcoholic fatty liver disease,nafld no symptoms when symptoms common nash who liver damage cirrhosis symptoms fatigue pain upper right abdomen weakness loss appetite nausea yellow skin eyes jaundice itching fluid buildup swelling legs abdomen mental confusion gi bleeding
Heart block,talk your your symptoms symptoms degree heart block you symptoms degree heart block you know you heart block up test called electrocardiogram ecg you second-degree third-degree heart block symptoms chest pain dizziness faint fainting tiredness heart palpitations palpitations when your heart pounding beating irregularly racing
Pediatric sleep apnea,loud snoring silent breathing pauses snorts choking gasping air mouth breathing restless sleep frequent waking sleepwalking sweating bedwetting daytime sleepiness daytime drowsiness grumpiness impatience irritability difficulty concentrating hyperactive behavior
Zika virus disease,only 1 5 infected zika virus symptoms means you zika know symptoms tend 2 7 days being bitten infected mosquito they symptoms mild last few days going entirely fever rash joint pain red eyes conjunctivitis muscle pain headache
Diverticulosis,diverticulosis no symptoms when symptoms they you notice small amounts blood your stools toilet paper rarely severe bleeding pain cramps your stomach especially left lower abdomen constipation diarrhea bloating gas hungry eating
Hepatitis A - children,no symptoms initially flu-like symptoms symptomsâ mild severe fulminant hepatitis liver failure rare healthy symptoms easy manage dark urine tiredness loss appetite fever nausea vomiting pale stools abdominal pain liver yellow skin eyes jaundice
Hepatitis B - children,hepatitis b none only few symptoms younger 5 years rarely symptoms hepatitis b older symptoms 3 4 months virus enters main symptoms recent infection able fight hbv symptoms end few weeks 6 months called acute hepatitis b acute hepatitis b lasting problems appetite loss fatigue low fever muscle joint pain nausea vomiting yellow skin eyes jaundice dark urine
Hepatitis C - children,symptoms 4 12 weeks infection able fight hcv symptoms end few weeks 6 months condition called acute hepatitis c infection rid hcv condition called chronic hepatitis c infection hepatitis c acute chronic symptoms advanced liver damage symptoms they pain right upper abdomen clay-colored pale stools dark urine tiredness fever yellow skin eyes jaundice loss appetite nausea vomiting
Pancreatitis - children,severe pain upper abdomen pain back lower abdomen front chest pain increase meals cough nausea vomiting swelling abdomen fever yellowing skin called jaundice loss appetite increased pulse
Endocarditis - children,symptoms endocarditis slowly suddenly fever chills sweating frequent symptoms these symptoms neurological problems seizures disturbed mental status signs endocarditis days symptoms come go noticeable nighttime tiredness weakness joint pain muscle pain trouble breathing weight loss loss appetite small bleeding areas nails splinter hemorrhages red painless skin spots palms soles janeway lesions red painful nodules pads fingers toes osler nodes shortness breath swelling feet legs abdomen
Epilepsy in children,symptoms vary simply stare others shake violently lose alertness movements symptoms seizure depend brain affected your child's tell you specific seizure your mayâ seizure seizure similar change strange sensation seizure sensations tingling smelling odor actually there fear anxiety no reason having sense dã jã vu happened called aura absence petit mal seizure staring spells generalized tonic-clonic grand mal seizure involves entire aura specific warning symptoms rigid muscles loss alertness partial focal seizure involve symptoms described above depending where brain seizure starts
Brief resolved unexplained event - BRUE,these events likely months life 8 m 8 p m brue choking gagging means event likely brue these symptoms likely reflux breathing changes no effort breathing breathing great difficulty decreased breathing color change blue pale infants turn red when crying indicate brue change muscle tone they limp they rigid change level responsiveness
Hodgkin lymphoma in children,symptoms hodgkin lymphoma painless swelling lymph nodes neck armpits groin swollen glands unexplained fever unexplained weight loss night sweats weak tired loss appetite
Non-Hodgkin lymphoma in children,symptoms depend affected cancer how fast cancer growing symptoms swollen lymph nodes neck underarm stomach groin painless swelling lump testicle swelling head neck arms upper trouble swallowing trouble breathing wheezing persistent cough swelling belly night sweats weight loss tired neurological symptoms severe back pain numbness weakness skin rash unexplained fever
Generalized anxiety disorder in children,main symptom frequent worry tension least 6 months little no clear worries float problem another anxiety commonly focus their worries when aware worries fears excessive gad difficulty controlling them needs reassurance symptoms gad expecting worst when there no apparent reason concern your physical symptoms anxiety symptoms affect child's daily life they hard sleep eat perform well school doing well school sports they they need perform perfectly they doing well safety themselves their family they intense fear natural calamities earthquakes tornados home break-ins illness themselves their family they worry excessively minor illnesses they fearful illnesses problems concentrating mind going blank fatigue irritability problems falling staying asleep sleep restless unsatisfying restlessness when awake eating enough overeating outbursts anger pattern being disobedient hostile defiant muscle tension upset stomach sweating difficulty breathing headaches
Gastroesophageal reflux disease - children,common symptoms gerd teens nausea bringing food back up regurgitation perhaps vomiting reflux heartburn younger able pinpoint pain well describe widespread belly chest pain choking chronic cough wheezing hiccups burps wanting eat eating only small amount avoiding certain foods weight loss gaining weight food stuck behind breastbone pain swallowing hoarseness change voice
HIV/AIDS in pregnant women and infants,infants born hiv-positive united states hiv positive mother infant good prenatal postpartum antiretroviral therapy art infants who infected hiv no symptoms 2 3 months symptoms they vary early symptoms early treatment prevents hiv infection progressing treatment child's immune system weakens infections uncommon healthy these severe infections they bacteria viruses fungi protozoa parasites point illness full-blown aids yeast candida infections mouth failure gain weight grow swollen lymph glands swollen salivary glands enlarged spleen liver ear sinus infections upper respiratory tract infections being slow walk crawl speak compared healthy babies diarrhea
Pneumonia in children - community acquired,common symptoms pneumonia symptoms common severe infections stuffed up runny nose headaches loud cough fever mild high chills sweating rapid breathing flared nostrils straining muscles ribs wheezing sharp stabbing chest pain worse when breathing deeply coughing low energy malaise well vomiting loss appetite blue lips fingernails too little oxygen blood confusion hard arouse
Delayed puberty in girls,begin puberty ages 8 14 delayed puberty your these symptoms there symptoms depending what delayed puberty breasts age 13 no pubic hair menstruation start age 16 short height slower rate growth uterus bone age your child's age
Delayed puberty in boys,begin puberty ages 9 14 complete 3 5 4 years puberty changesâ when starts making male sex hormones changes normally begin ages 9 14 delayed puberty stress testicles penis bigger hair grows face chest legs arms parts genitals height weight increase voice deeper testicles smaller 1 inch age 14 penis small immature age 13 there little hair almost none age 15 voice remains high-pitched stays short thin fat deposits hips pelvis abdomen breasts
High blood pressure - children,symptoms high blood pressure high blood pressure discovered checkup when checks your child's blood pressure
Osteomyelitis in children,osteomyelitis symptoms infants osteomyelitis fever signs illness they might avoid moving infected limb pain bone pain excessive sweating fever chills general discomfort uneasiness ill malaise local swelling redness warmth pain infection site swelling ankles feet legs refusing walk when leg bones involved
Heart failure in children,heart's pumping effective blood back up areas symptoms heart failure infants common symptoms older fluid build up lungs liver abdomen arms legs called congestive heart failure heart failure symptoms heart failure birth start weeks life slowly older breathing problems rapid breathing breathing effort these noticed when resting when feeding crying taking longer normal feed becoming too tired continue feeding short noticing fast strong heart beat chest wall when rest gaining enough weight cough fatigue weakness faintness loss appetite need urinate night pulse fast irregular sensation heart beat palpitations shortness breath when active lying down swollen enlarged liver abdomen swollen feet ankles waking up sleep couple hours shortness breath weight gain
Vulvodynia,there main types vulvodynia vulvar pain you symptoms times you pain your vagina anus perineum inner thighs vulvodynia teens vulvodynia complain pain sexual activity having sex years sexual activity certain trigger symptoms localized vulvodynia pain vulva opening vagina vestibule pain pressure sexual intercourse inserting tampon sitting long generalized vulvodynia pain areas vulva pain fairly constant periods relief pressure vulva sitting long wearing tight pants symptoms worse sharp burning itching throbbing sexual intercourse inserting tampon wearing tight wear pants urinating sitting long exercising bicycling
Helicobacter pylori infection,10 15 infected h pylori peptic ulcer disease small ulcers symptoms ulcers serious bleeding aching burning pain your abdomen common symptom pain worse empty stomach pain differ no pain symptoms fullness bloating problems drinking fluid usual hunger empty stomach 1 3 hours meal mild nausea go vomiting loss appetite weight loss trying burping bloody dark tarry stools bloody vomit
Myelodysplastic syndrome,early stage mds no symptoms mds discovered blood tests low blood counts symptoms symptoms depend blood cell affected they weakness tiredness anemia shortness breath easy bruising bleeding small red purple pinpoint dots skin bleeding frequent infections fever
Eosinophilic esophagitis,eosinophilic esophagitis affect symptoms symptoms problems feeding eating abdominal pain vomiting problems swallowing food getting stuck esophagus poor weight gain weight loss poor growth malnutrition food getting stuck when swallowing dysphagia chest pain heartburn upper abdominal pain backflow undigested food regurgitation reflux esophagus better medicine
Foreign object - inhaled,symptoms only minor symptoms object forgotten symptoms inflammation infection choking coughing difficulty speaking no breathing breathing trouble respiratory distress turning blue red white face wheezing chest throat neck pain
Necrobiosis lipoidica diabeticorum,skin lesion skin skin nld skin lesions start firm smooth red bumps papules shins lower legs they areas opposite sides they painless early stage papules bigger they flatten they shiny yellow brown center raised red purplish edges veins visible below yellow lesions lesions irregularly round oval well-defined borders they spread join together appearance patch lesions forearms rarely they stomach face scalp palms soles feet trauma lesions ulcers nodules itchy painful nld ulcers feet ankles diabetes
Acute flaccid myelitis,fever respiratory illness weakness symptoms begin afm symptoms start sudden muscle weakness loss reflexes arm leg symptoms progress rapidly few hours days symptoms severe symptoms facial droop weakness drooping eyelids difficulty moving eyes slurred speech difficulty swallowing stiffness neck pain arms legs inability pass urine respiratory failure when muscles involved breathing weak serious nervous system problems death
Eruptive xanthomatosis,skin bumps vary color yellow orange-yellow red-yellow red small red halo bump bumps harmless themselves bumps itchy tender they tend pea-sized waxy firm buttocks shoulders arms thighs legs
Charcot foot,early foot symptoms later stages bones foot break move out causing foot ankle deformed bones stick out odd angles pressure sores foot ulcers mild pain discomfort redness swelling warmth affected foot noticeably warmer foot classic sign charcot rocker-bottom foot when bones middle foot collapse arch foot collapse bow downward toes curl downward because feet numb these sores ulcers grow wider deeper they noticed high blood sugar hard fight infection these foot ulcers infected
Scleredema diabeticorum,skin changes happen slowly you notice severe cases thickened skin hard move upper deep breathing difficult hard clenched fist because skin back hand too tight thick hard skin smooth you cannot pinch skin upper back neck reddish painless lesions lesions areas sides symmetrical
Candida auris infection,c auris infections hard identity reasons high fever chills better taking antibiotics sign c auris infection tell your right you loved infection getting better treatment symptoms c auris infection similar those fungal infections who c auris infection sick symptoms infection hard tell apart symptoms c auris mistaken types fungus special lab tests identify
Foot drop,foot drop problems walking because you can't raise front your foot you need raise your leg higher normal step avoid dragging your toes tripping foot slapping noise hits ground called steppage gait depending foot drop you numbness tingling top your foot shin foot drop feet depending
Oral human papillomavirus infection,oral hpv infection no symptoms you hpv knowing you pass virus because you don't know you who oropharyngeal cancer hpv infection infection long symptoms oropharyngeal cancer abnormal high-pitched breathing sounds cough coughing up blood trouble swallowing pain when swallowing sore throat lasts 2 3 weeks antibiotics hoarseness better 3 4 weeks swollen lymph nodes white red lesion tonsils jaw pain swelling neck cheek lump unexplained weight loss
Methylmercury poisoning,symptoms methylmercury poisoning unborn babies infants sensitive methylmercury's effects methylmercury central nervous system brain spinal cord damage how severe damage depends how poison into symptoms mercury poisoning similar symptoms cerebral palsy fact methylmercury thought cerebral palsy fda recommends who pregnant pregnant nursing mothers avoid fish contain unsafe levels methylmercury swordfish king mackerel shark tilefish infants eat these fish no eat these fish caught friends family check your local state department warnings locally caught noncommercial fish providers raised concerns ethyl mercury thiomersal chemical vaccines research childhood vaccines dangerous mercury levels vaccines today only contain trace amounts thiomersal thiomersal-free vaccines available blindness cerebral palsy pregnant exposed methylmercury deafness growth problems impaired mental functioning lung function impairment movement coordination problems seizures small head microcephaly
Slipping rib syndrome,condition rarely sides symptoms severe pain lower chest upper abdomen pain come go better popping clicking slipping sensation pain when applying pressure affected coughing laughing lifting twisting bending pain worse
Transverse myelitis,symptoms transverse myelitis few hours days they 1 4 weeks symptoms quickly severe symptoms tend below damaged spinal cord sides affected only affected symptoms abnormal sensations bowel bladder symptoms pain muscle weakness sexual dysfunction symptoms loss appetite fever respiratory problems depression anxiety dealing chronic pain illness numbness pricking tingling coldness burning sensitivity touch temperature constipation inability urinate frequent need urinate difficulty holding urine urine leakage incontinence sharp blunt start your lower back shoot down your arms legs wrap your trunk chest loss balance difficulty walking stumbling dragging your feet partial loss function into paralysis difficulty having orgasm erectile dysfunction
Coronavirus,human coronaviruses common cold spread person-to-person symptoms 2 14 days these exposure mers-cov sars-cov sars-cov-2 severe symptoms these severe coronavirus infection symptoms severe certain runny nose sore throat sneezing nasal congestion fever chills headache aches cough nausea vomiting shortness breath diarrhea blood cough death croup pneumonia bronchiolitis bronchitis older chronic conditions diabetes cancer chronic kidney disease heart disease hiv infection respiratory illnesses asthma copd
Coronavirus disease 2019 (COVID-19),covid-19 symptoms range mild severe older certain existing conditions higher risk severe illness death conditions increase risk symptoms covid-19 complete possible symptoms symptoms change variants virus no symptoms these symptoms â symptoms vary depending you vaccinated boosted symptoms 2 14 days being exposed symptoms 5 days exposure you spread virus when you symptoms severe symptoms require seeking medical help right asthma it's moderate severe cancer copd chronic obstructive pulmonary disease cystic fibrosis dementia diabetes 1 2 down syndrome disabilities heart disease stroke hiv kidney lung liver disease mental conditions overweight obesity bmi 25 kg square meter above physical inactivity pregnancy organ stem cell transplantation sickle cell diseaseâ thalassemia smoking current former substance disorders tuberculosis weak immune system immunocompromised fever chills cough shortness breath difficulty breathing fatigue muscle aches headache loss sense taste smell sore throat stuffy runny nose nausea vomiting diarrhea trouble breathing chest pain pressure persists confusion inability wake up blue lips face symptoms severe concern you
Long COVID,who symptoms persist 4 weeks case covid-19 said long covid long covid affect symptoms symptoms long covid last weeks months longer mild symptoms long covid disabling common symptoms long covid long covid affect systems symptoms long covid affect multiple organs lungs kidneys heart brain skin who severe covid-19 risk multi-organ effects increases risk diabetes heart conditions neurological problems compared who covid-19 long covid symptoms muscle weakness ptsdâ having spent long hospital these effects illness being bed long being breathing machine intubated long covid symptoms vary lot hard figure out manage because long covid hard getting proper diagnosis continue your initial illness begin later you recover go then come back improve worse symptomsâ you when you covid-19 symptoms fatigueâ tiredness hard daily activities fever difficulty breathing shortness breath cough changes smell taste worsening symptoms vigorous physical mental activity brain nervesâ headache difficulty thinking concentratingâ called brain fog sleep problems dizziness tingling numbness mental healthâ mood changes depression anxiety post-traumatic stress disorder ptsd bones joints joint pain muscle pain digestive stomach pain diarrhea constipation appetite changes heart blood blood clots chest pain palpitationsâ fast irregular heartbeat
Nut allergies,symptoms begin quickly eating nuts nut allergy symptoms nut allergies life-threatening whole-body reaction called anaphylaxis addition above symptoms you low blood pressure blocked airways these severe allergy symptoms medical emergency hives urticaria skin rashes itching mouth throat eyes skin stomach cramps diarrhea nausea vomiting stuffy nose runny nose swelling angioedema especially eyelids face lips tongue trouble swallowing breathing swelling throat
Neuromyelitis optica,nmo symptoms range severity main symptom inflammation optic nerves optic neuritis optic nerves transmit images eyes brain swelling inflammation optic nerve eye problems symptoms eye pain blurred vision partial vision loss blindness eyes inflammation spinal cord myelitis pain chest waist unexplained hiccups persistent nausea vomiting uncontrollable itching difficulty swallowing dysphagia respiratory disorders problems movement coordination motor sensory dysfunction inability hold stool urine bowel bladder incontinence brain damage encephalopathy double vision sleep disorders disturbed sleep decreased sleep quality restless legs syndrome sexual dysfunction recurrent attacks visual motor sensory dysfunction weakness numbness paralysis arms legs
Atrial fibrillation,feelings fast fluttering pounding heartbeat called palpitations chest pain dizziness fatigue lightheadedness shortness breath weakness atrial fibrillation afib don't notice symptoms atrial fibrillation persistent irregular heartbeat constant heart rhythm reset its own symptoms medical treatment needed correct heart rhythm long-standing persistent ofafibis constant lasts longer 12 months medicines procedure needed correct irregular heartbeat permanent atrial fibrillation irregular heart rhythm can't reset medicines needed control heart rate prevent blood clots
Bartholin's cyst,lump cyst vaginal opening painless tender cyst vaginal opening tender painful lump vaginal opening discomfort walking sitting pain intercourse fever
Achilles tendon rupture,calf sensation heel pain heel swelling inability bend foot inability push off inability stand toes popping sound snapping sound
ACL injury,loud pop popping sensation knee severe pain inability continue activity rapid swelling loss range motion instability giving weight bearing
Hidradenitis suppurativa,blackheads painful lumps leaking bumps leaking sores pus drainage odorous pus skin tunnels slow-healing wounds blood drainage
HIV/AIDS,hiv aids symptoms vary depending phase infection
Acute flaccid myelitis (AFM),common signs symptoms acute flaccid myelitis possible signs symptoms uncommon symptoms might sudden arm leg weakness sudden loss muscle tone difficulty moving eyes drooping eyelids facial droop weakness difficulty swallowing slurred speech pain arms legs neck back numbness tingling inability pass urine
Acute myelogenous leukemia,fever bone pain back pain stomach pain fatigue paleness skin color change frequent infections easy bruising unexplained bleeding shortness breath
Acute kidney injury,urine output fluid buildup shortness breath swelling legs ankles feet tiredness confusion fogginess nausea pain belly below rib cage weakness irregular heartbeat itching loss appetite seizures coma severe cases no symptoms
Acute liver failure,yellowing skin eyeballs called jaundice pain upper right belly called abdomen swollen belly known ascites nausea vomiting general sense unwell known malaise disorientation confusion sleepiness breath musty sweet odor tremors
Acute lymphocytic leukemia,bleeding gums bone pain fever frequent infections frequent severe nosebleeds lumps swollen lymph nodes neck armpits abdomen groin pale skin shortness breath weakness fatigue general decrease energy
ARDS,severe shortness breath labored rapid breathing usual cough chest discomfort fast heart rate
Acute sinusitis,thick yellow greenish mucus nose blocked stuffy nose known congestion hard breathe nose headache aching teeth changed sense smell cough bad breath tiredness fever
Autoimmune epilepsy,fever focal seizures loss awareness staring unresponsiveness shaking déjà vu nausea vision symptoms flashing lights faciobrachial dystonic seizures facial muscle contractions arm muscle contractions frequent seizures refractory seizures status epilepticus memory loss cognitive difficulties personality changes behavior changes involuntary movements clumsy movements irregular eye movements
Nicotine dependence,inability quit smoking smoking problems social withdrawal
Addison's disease,sweating low blood sugar sweating upset stomach diarrhea vomiting stomach pain muscle cramps muscle weakness widespread pain joint pain hair loss darkened skin weight loss reduced appetite irritable mood salt craving notes
Mesenteric lymphadenitis,pain stomach lower right pain spread out general tenderness stomach fever enlarged mesenteric lymph nodes depending what's causing condition symptoms might diarrhea nausea vomiting
Attention-deficit/hyperactivity disorder (ADHD) in children,inattention difficulty focusing difficulty staying task disorganization hyperactivity excessive energy disruptive behavior impulsivity acting thinking
Adult attention-deficit/hyperactivity disorder (ADHD),inattention impulsiveness restlessness difficulty focusing difficulty prioritizing poor management trouble multitasking poor planning low frustration tolerance mood swings difficulty completing tasks hot temper stress intolerance anger outbursts
Adjustment disorders,sadness hopelessness loss enjoyment frequent crying irritability overwhelmed sleep difficulties reduced appetite difficulty concentrating difficulty daily activities social withdrawal neglect responsibilities suicidal thoughts suicidal behavior
Adnexal tumors and masses,nausea vomiting constipation bloating urinating lot having trouble urinating bleeding vagina out ordinary fever
Childhood schizophrenia,delusions hallucinations disorganized speech impaired functioning
Adrenal cancer,back pain belly pain losing weight trying loss appetite weight gain muscle weakness pink purple stretch marks skin bruises happen small injury high blood sugar diabetes
Benign adrenal tumors,symptoms depend tumor hormones what hormone how benign adrenal gland tumors don't symptoms because they don't hormones weight gain easy bruising diabetes tiredness muscle weakness cramping benign adrenal tumor medulla called pheochromocytoma might symptoms fast heartbeat sweating tremors headache
Autoimmune encephalitis,autoimmune encephalitis symptoms vary symptoms pattern predictable depending autoimmune encephalitis headache fever trouble memory trouble language talking repeating words phrases movements voluntary seizures changes consciousness serious seizures need emergency
Age spots (liver spots),age spots flat oval areas increased pigmentation tan dark brown range freckle size 1 2 inch 13 millimeters group together making them noticeable
Dry macular degeneration,dry macular degeneration symptoms gradually pain they visual distortions straight lines bent reduced central vision eyes need brighter light when reading doing close-up work increased difficulty adapting low light levels when entering dimly lit restaurant theater increased blurriness printed words difficulty recognizing faces well-defined blurry spot blind spot field vision dry macular degeneration affect eyes only eye affected you notice changes your vision because your good eye compensate affected eye condition doesn't affect vision total blindness dry macular degeneration types age-related macular degeneration progress wet macular degeneration when blood vessels grow leak retina dry common progresses slowly years wet likely relatively sudden change vision serious vision loss
"Macular degeneration, wet",wet macular degeneration symptoms suddenly worsen quickly they visual distortions straight lines bent reduced central vision eyes need brighter light when reading doing close-up work difficulty adjusting low light levels when entering dimly lit restaurant theater increased blurriness printed words difficulty recognizing faces well-defined blurry spot blind spot field vision macular degeneration doesn't affect vision doesn't total blindness
Airplane ear,airplane ear happen ears common symptoms airplane ear symptoms severe airplane ear might discomfort ear fullness stuffiness ear muffled hearing hearing loss severe pain worse hearing loss ringing ear called tinnitus spinning called vertigo bleeding ear
Alcohol intolerance,signs symptoms alcohol intolerance reaction ingredients alcoholic beverage facial redness flushing red itchy skin bumps hives runny stuffy nose nausea vomiting diarrhea
Alcohol poisoning,alcohol poisoning symptoms confusion vomiting seizures slow breathing fewer eight breaths minute breathing that's regular when there gap 10 seconds breaths skin blue gray pale low temperature known hypothermia trouble staying conscious awake
Alcoholic hepatitis,common sign alcoholic hepatitis yellowing skin whites eyes called jaundice yellowing skin might harder black brown symptoms loss appetite nausea vomiting belly tenderness fever low grade tiredness weakness alcoholic hepatitis tend malnourished drinking large amounts alcohol keeps being hungry heavy drinkers their calories alcohol symptoms happen severe alcoholic hepatitis fluid buildup belly called ascites kidney liver failure
Churg-Strauss syndrome,churg-strauss syndrome varies greatly only mild symptoms others severe life-threatening complications known egpa syndrome tends stages progressively worse almost condition asthma chronic sinusitis elevated counts white blood cells called eosinophils signs symptoms might loss appetite weight loss joint muscle pain abdominal pain gastrointestinal bleeding weakness fatigue general being unwell rash skin sores pain numbness tingling your hands feet
Hay fever,hay fever symptoms runny nose nasal stuffiness called congestion watery itchy red eyes sneezing cough itchy nose roof mouth throat mucus runs down back throat called postnasal drip swollen bruised-appearing skin eyes known allergic shiners
Dust mite allergy,dust mite allergy symptoms inflammation nasal passages sneezing runny nose itchy red watery eyes nasal congestion itchy nose roof mouth throat postnasal drip cough swollen blue-colored skin your eyes frequent upward rubbing nose difficulty breathing chest tightness pain trouble sleeping shortness breath coughing wheezing bouts coughing wheezing worsened respiratory virus cold flu
Egg allergy,skin inflammation hives common egg allergy reaction nasal congestion runny nose sneezing allergic rhinitis digestive symptoms cramps nausea vomiting asthma signs symptoms coughing wheezing chest tightness shortness breath constriction airways swollen throat lump your throat difficult breathe abdominal pain cramping rapid pulse
Milk allergy,milk allergy symptoms differ few minutes few hours you your drinks milk eats milk products immediate signs symptoms milk allergy might signs symptoms true milk allergy differs milk protein intolerance lactose intolerance unlike milk allergy intolerance doesn't involve immune system milk intolerance requires treatment true milk allergy common signs symptoms milk protein intolerance lactose intolerance digestive problems bloating gas diarrhea consuming milk products containing milk you your reaction milk tell your no matter how mild reaction tests help confirm milk allergy you avoid future potentially worse reactions hives wheezing itching tingling lips mouth swelling lips tongue throat coughing shortness breath vomiting loose stools diarrhea contain blood abdominal cramps runny nose watery eyes colic babies constriction airways swollen throat difficult breathe facial flushing itching
Mold allergy,mold allergy signs symptoms types upper respiratory allergies signs symptoms allergic rhinitis mold allergy mold allergy symptoms vary range mild severe you might year-round symptoms symptoms flare up only certain times you might notice symptoms when weather damp when you're indoor outdoor spaces high concentrations mold sneezing runny stuffy nose cough postnasal drip itchy eyes nose throat watery eyes dry scaly skin coughing wheezing shortness breath chest tightness
Nickel allergy,nickel allergy signs symptoms rash bumps skin itching severe redness changes skin color dry patches skin resemble burn blisters draining fluid severe cases
Peanut allergy,skin reactions hives redness swelling itching tingling mouth throat digestive problems diarrhea stomach cramps nausea vomiting tightening throat shortness breath wheezing runny nose
Penicillin allergy,signs symptoms penicillin allergy hour taking drug commonly reactions hours days weeks later penicillin allergy signs symptoms drug rash starts weeks taking medication begins discrete red spots spread covering large areas skin rash hives itching fever swelling shortness breath wheezing runny nose itchy watery eyes tightening airways throat causing trouble breathing nausea abdominal cramps vomiting diarrhea dizziness lightheadedness weak rapid pulse seizures loss consciousness fever joint pain rash swelling nausea reduction red blood cells fatigue irregular heartbeats shortness breath signs symptoms rash high white blood cell counts general swelling swollen lymph nodes recurrence dormant hepatitis infection involves severe blistering peeling skin fever blood urine general swelling confusion signs symptoms
Pet allergy,raised red patches skin hives eczema itchy skin
Shellfish allergy,shellfish allergy symptoms generally start minutes hour eating having contact shellfish they hives itchy irritated skin nasal stuffiness congestion swelling lips face tongue throat parts wheezing trouble breathing coughing choking tight throat belly abdominal pain diarrhea nausea vomiting dizziness lightheadedness fainting
Wheat allergy,wheat allergy likely signs symptoms minutes hours eating containing wheat wheat allergy signs symptoms swelling itching irritation mouth throat hives itchy rash swelling skin nasal congestion headache difficulty breathing cramps nausea vomiting diarrhea swelling tightness throat chest pain tightness severe difficulty breathing trouble swallowing pale blue skin color dizziness fainting
Alpha-gal syndrome,red meat beef pork lamb organ meats products mammals gelatins dairy products symptoms alpha-gal syndrome hives itching itchy scaly skin swelling lips face tongue throat parts wheezing shortness breath stomach pain diarrhea upset stomach vomiting researchers think they know reason delayed reaction they say it's alpha-gal molecules taking longer allergens digested enter system moves blood
Dry socket,symptoms dry socket severe pain few days removing tooth loss blood clot tooth removal site socket empty bone you socket pain spreads socket your ear eye temple neck your face tooth removal bad breath foul odor coming your mouth bad taste your mouth
Alzheimer's disease,memory loss key symptom alzheimer's disease early disease trouble remembering recent events conversations memory worse symptoms disease aware having trouble remembering thinking clearly signs symptoms worse family member friend likely notice issues brain changes alzheimer's disease symptoms worse
Atypical genitalia,your medical team likely notice atypical genitalia soon your baby born atypical genitalia suspected birth atypical genitalia vary appearance differences depend when genital development hormone changes affected development enlarged clitoris penis closed labia labia folds scrotum lumps testicles fused labia small penis urethral opening closer scrotum testicles missing what scrotum testicles remain called undescended testicles empty scrotum appearance labia micropenis
Lazy eye (amblyopia),signs symptoms lazy eye eye wanders inward outward eyes work together poor depth perception squinting shutting eye head tilting abnormal vision screening tests
Ameloblastoma,ameloblastoma no symptoms signs symptoms pain lump swelling jaw left untreated tumor grow large distorting shape lower face jaw shifting teeth out position
Amenorrhea,milky nipple discharge hair loss headache vision changes pelvic pain acne
Amnesia,main features amnesia trouble learning information trouble remembering events previously familiar information amnesia problems short-term memory they can't retain information recent memories likely lost more-remote deeply ingrained memories spared isolated memory loss doesn't affect person's intelligence general knowledge awareness attention span doesn't affect judgment personality identity amnesia understand written spoken words learn skills bike riding piano playing they understand they memory disorder amnesia isn't dementia dementia memory loss involves problems thinking decline daily functioning these problems having trouble language judgment visual-spatial skills
Transient global amnesia,main symptom transient global amnesia being unable create memories remember recent symptom confirmed ruling out possible amnesia important you must these signs symptoms diagnosed transient global amnesia symptoms history help diagnose transient global amnesia sudden onset confusion memory loss witness being awake alert knowing who you memory loss normal cognition ability recognize name familiar objects follow simple directions no signs damage particular brain being unable move arm leg movements you can't control problems understanding words symptoms lasting no 24 hours generally shorter gradual return memory no recent head injury no signs seizures period amnesia no history active epilepsy
Ampullary cancer,signs symptoms ampullary cancer yellowing skin whites eyes called jaundice diarrhea clay-colored stools abdominal pain fever blood stool nausea vomiting weight loss
Amyloidosis,signs symptoms amyloidosis severe fatigue weakness shortness breath numbness tingling pain hands feet swelling ankles legs diarrhea possibly blood constipation enlarged tongue rippled its edge skin changes thickening easy bruising purplish patches eyes
Anal cancer,anal cancer signs symptoms bleeding anus rectum blood stool pain anus mass growth anal canal anal itching having go bathroom
Anal fistula,symptoms anal fistula opening skin anus red inflamed tunnel opening oozing pus blood stool tunnel opening pain rectum anus especially when sitting passing stool fever
Anal itching,symptoms anal itching intense itching inflammation burning soreness itching irritation short lived persistent depending anal itching worse bedtime hot humid weather
Sickle cell anemia,symptoms sickle cell anemia 6 months age they vary change symptoms pain varies intensity last few hours few days only few pain crises others dozen severe pain crisis requires hospital stay sickle cell anemia chronic pain bone joint damage ulcers sickle-shaped red blood cells block blood circulation hands feet them swell spleen important protecting infections sickle cells damage spleen raising risk infections babies sickle cell anemia commonly receive vaccinations antibiotics prevent potentially life-threatening infections pneumonia tiny blood vessels supply blood eyes plugged sickle cells damage portion eye processes visual images called retina vision problems
Vitamin deficiency anemia,vitamin deficiency anemia slowly several months years signs symptoms subtle increase deficiency worsens these fatigue shortness breath dizziness pale yellowish skin irregular heartbeats weight loss numbness tingling hands feet muscle weakness personality changes unsteady movements mental confusion forgetfulness
Brain aneurysm,brain aneurysms haven't ruptured don't symptoms especially they're small brain aneurysms imaging tests done conditions
Popliteal artery aneurysm,you might notice symptoms symptom pain lower leg walking called claudication symptoms popliteal artery aneurysm knee pain lower leg pain swelling behind knee pulsing behind knee
Vasculitis,symptoms types vasculitis fever headache tiredness weight loss aches pains symptoms depend parts affected digestive system vasculitis affects stomach intestines there pain eating ulcers tears called perforations possible they blood stool ears dizziness ringing ears sudden hearing loss happen eyes vasculitis eyes red they itch burn giant cell arteritis double vision brief ongoing blindness eyes sign disease hands feet types vasculitis numbness weakness hand foot palms hands soles feet might swell harden lungs shortness breath coughing up blood skin bleeding skin up red spots vasculitis lumps open sores skin
Castleman disease,unicentric castleman disease might signs symptoms multicentric castleman disease these
Angiosarcoma,angiosarcoma signs symptoms vary based where cancer angiosarcoma skin head neck happens scalp symptoms angiosarcoma when angiosarcoma affects organs liver heart pain symptoms depend location angiosarcoma raised skin bruise bruise-like lesion grows larger lesion bleed when scratched bumped swelling skin lesion
Broken ankle,broken ankle might these symptoms instant throbbing pain swelling bruising bleeding skin tenderness loss usual shape joint called deformity trouble pain walking putting weight foot bone sticking skin called open fracture
Sprained ankle,signs symptoms sprained ankle vary depending severity injury they pain especially when you bear weight affected foot tenderness when you touch ankle swelling bruising restricted range motion instability ankle popping sensation sound injury
Tongue-tie (ankyloglossia),signs symptoms tongue-tie difficulty lifting tongue upper teeth moving tongue trouble sticking out tongue lower front teeth tongue notched heart shaped when stuck out
Anorgasmia in women,delayed orgasm absence orgasm fewer orgasms less-intense orgasms anorgasmia lifelong you've orgasm acquired you problems having orgasms situational you problems orgasm only certain situations certain kinds stimulation certain partners generalized you problems orgasm situation
Anterior vaginal prolapse (cystocele),mild anterior prolapse symptoms when there symptoms they bulge tissue vagina you problems urinating these having trouble starting urine stream bladder isn't empty urinating need urinate leaking urine called urinary incontinence you notice symptoms standing long periods symptoms go when you lie down
Antiphospholipid syndrome,signs symptoms antiphospholipid syndrome common signs symptoms signs deep vein thrombosis dvt pain swelling redness these clots travel lungs pulmonary embolism stroke young who antiphospholipid syndrome no known risk factors cardiovascular diseases similar stroke transient ischemic attack tia lasts only few minutes no permanent damage red rash lacy net-like pattern chronic headaches migraines dementia seizures possible when blood clot blocks blood flow parts brain antiphospholipid syndrome damage heart valves decrease blood cells needed clotting episodes bleeding particularly nose gums bleeding into skin patches small red spots
Social anxiety disorder (social phobia),fear situations you judged negatively worry embarrassing humiliating yourself intense fear interacting talking strangers fear physical symptoms you embarrassment blushing sweating trembling having shaky voice avoidance doing speaking out fear embarrassment avoidance situations where you might center attention analysis your performance identification flaws your interactions social situation blushing fast heartbeat trembling sweating upset stomach nausea trouble catching your breath dizziness lightheadedness your mind gone blank muscle tension interacting unfamiliar strangers attending parties social gatherings going work school starting conversations making eye contact dating entering room seated returning items store eating front others public restroom your mental professional you fear avoid normal social situations because they embarrassment worry panic
Anxiety disorders,nervous restless tense having sense impending danger panic doom having increased heart rate breathing rapidly hyperventilation sweating trembling weak tired trouble concentrating thinking worry having trouble sleeping having difficulty controlling worry selective mutismis consistent failure speak certain situations school when they speak situations home family members interfere school work social functioning
Aortic valve regurgitation,aortic valve regurgitation you no symptoms years you might realize you condition aortic valve regurgitation suddenly infection valve aortic valve regurgitation worse symptoms tiredness weakness especially when being active usual irregular heartbeat lightheadedness fainting sensations rapid fluttering heartbeat called palpitations swollen ankles feet
Aortic valve disease,aortic valve disease notice symptoms years symptoms aortic valve disease chest pain tightness dizziness fainting fatigue activity having ability active irregular heartbeat shortness breath particularly vigorous activity when lying down eating enough mainly aortic valve stenosis gaining enough weight mainly aortic valve stenosis
Aortic valve stenosis,aortic valve stenosis ranges mild severe symptoms generally happen when valve narrowed aortic valve stenosis symptoms years symptoms aortic valve stenosis chest pain tightness activity faint dizzy fainting activity shortness breath especially activity fatigue especially times increased activity rapid fluttering heartbeat aortic valve stenosis symptoms eating enough gaining enough weight
Auditory processing disorder,symptoms auditory processing disorder apd subtle symptoms having trouble telling where sound coming understanding words spoken quickly noisy room paying attention reading spelling directions they short simple learning language singing enjoying music understanding remembering spoken information you haveapd you might longer reply who talking you need others repeat themselves understand sarcasm jokes apdis attention language learning issues those attention-deficit hyperactivity disorder adhd
Aphasia,aphasia symptom condition stroke brain tumor aphasia aphasia strengths weaknesses their speech patterns these patterns labeled types aphasia these patterns describe how well understand what others say they describe how easy speak correctly repeat what else says aphasia slowly when happens aphasia labeled these names aphasia patterns speech difficulty don't match these types help consider aphasia unique symptoms strengths weaknesses rather trying label particular aphasia speak short incomplete sentences speak sentences don't sense substitute word another sound another speak unrecognizable words difficulty words understand people's conversation understand what they read write sentences don't sense broca's aphasia wernicke aphasia transcortical aphasia conduction aphasia global aphasia logopenic aphasia semantic aphasia agrammatism
Primary progressive aphasia,primary progressive aphasia symptoms vary based brain's language areas involved condition types symptoms symptoms gradually worse
Broken heart syndrome,symptoms broken heart syndrome mimic those heart attack symptoms chest pain shortness breath
Viral hemorrhagic fevers,symptoms viral hemorrhagic fevers vary disease mainly early symptoms fever tiredness weakness unwell muscle bone joint aches nausea vomiting diarrhea
Broken arm,snap cracking sound might your indication you've broken arm signs symptoms severe pain might increase movement swelling bruising deformity bent arm wrist inability turn your arm palm up palm down vice versa
Chiari malformation,chiari malformation no symptoms don't need treatment they learn they chiari malformation only when tests performed unrelated conditions types chiari malfunction symptoms common types chiari malformation 1 2 these types serious rarer pediatric 3 symptoms disrupt life
Heart arrhythmia,heart arrhythmia symptoms irregular heartbeat noticed checkup another reason symptoms arrhythmia fluttering pounding racing chest fast heartbeat slow heartbeat chest pain shortness breath symptoms tired lightheadedness dizziness sweating fainting almost fainting
Arteriosclerosis / atherosclerosis,mild atherosclerosis doesn't symptoms atherosclerosis symptoms don't happen artery narrowed clogged can't send enough blood organs tissues blood clot completely blocks blood flow clot break apart happens heart attack stroke arteries your brain you sudden numbness weakness your arms legs trouble speaking slurred speech sudden temporary loss vision eye drooping muscles your face these symptoms transient ischemic attack tia untreated tia stroke
Arteriovenous fistula,small arteriovenous fistulas legs arms lungs kidneys brain won't signs symptoms small arteriovenous fistulas don't need treatment monitoring large arteriovenous fistulas signs symptoms arteriovenous fistula signs symptoms significant arteriovenous fistula lungs pulmonary arteriovenous fistula serious condition arteriovenous fistula digestive tract gastrointestinal gi bleeding purplish bulging veins skin similar varicose veins swelling arms legs fatigue heart failure pale gray blue lips fingernails lack blood flow cyanosis fingertips spread out rounder normal clubbing coughing up blood
Arteriovenous malformation,symptoms arteriovenous malformation known avm vary anavmdoesn't symptoms theavmcan getting images another concern symptoms bleeding bleeding symptoms trouble thinking worse headaches nausea vomiting seizures loss consciousness possible symptoms weak muscles weakness legs loss movement known paralysis loss coordination trouble walking trouble doing tasks require planning back pain dizziness vision problems losing field vision trouble moving eyes swelling optic nerve trouble speech understanding language numbness tingling sudden pain memory loss dementia hearing aren't there known hallucinations confusion teens might trouble learning behavior ofavmcalled vein galen malformation symptoms shortly birth vein galen malformation deep brain signs buildup fluid brain head larger usual swollen veins scalp seizures failure thrive congestive heart failure
Takayasu's arteritis,signs symptoms takayasu's arteritis stages stage you're likely unwell these early signs symptoms it's possible inflammation damage arteries years you realize wrong fatigue unintended weight loss muscle joint aches pains mild fever accompanied night sweats weakness pain your limbs lightheadedness dizziness fainting headaches visual changes memory problems trouble thinking chest pain shortness breath diarrhea blood your stool too few red blood cells anemia
Thumb arthritis,pain common symptom thumb arthritis pain base your thumb when you grip grasp pinch object your thumb apply force signs symptoms might swelling stiffness tenderness base your thumb decreased strength when pinching grasping objects decreased range motion enlarged bony appearance joint base your thumb
Avascular necrosis (osteonecrosis),no symptoms early stages avascular necrosis condition worsens affected joints might hurt only when putting weight them eventually you might pain when you're lying down pain mild severe gradually pain associated avascular necrosis hip might center groin thigh buttock hip shoulder knee hand foot affected avascular necrosis sides hips knees
Asthma attack,symptoms asthma attacks shortness breath chest tightness pain coughing wheezing severe symptoms gasping breath difficulty speaking because shortness breath straining chest muscles breathe worse symptoms when lying back severe sweating at-home test called peak flow meter important sign asthma attack device measures how quickly you force air out your lungs peak flow readings percentage how your lungs work their best called your personal best peak flow asthma action plan steps based peak flow reading reading below 80 best peak flow sign asthma attack
Childhood asthma,common childhood asthma symptoms childhood asthma might asthma symptoms vary might worse better your might only symptom lingering cough chest congestion difficult tell your child's symptoms asthma wheezing asthma-like symptoms infectious bronchitis another respiratory problem whistling wheezing sound when breathing out shortness breath chest congestion tightness frequent coughing worsens when your viral infection sleeping cold air viral infection sleeping cold air trouble sleeping shortness breath coughing wheezing bouts coughing wheezing worse cold flu delayed recovery bronchitis respiratory infection fatigue poor sleep
Exercise-induced asthma,coughing wheezing shortness breath chest tightness pain avoiding activity happens mostly young
Astrocytoma,astrocytoma signs symptoms vary based where tumor starts tumor happen brain spinal cord symptoms astrocytomas brain seizures might loss consciousness changes behavior staring off into space headaches nausea vomiting personality changes problems speaking tired weak symptoms astrocytomas spinal cord pain affected pain worsens night weakness arms legs worse trouble walking
Atrial tachycardia,main symptom atrial tachycardia fast heartbeat typically atrial tachycardia heart beats 150 200 times minute fast heartbeat come go suddenly ongoing symptoms atrial tachycardia pounding fluttering feelings chest neck called palpitations chest pain fainting almost fainting lightheadedness dizziness shortness breath sweating nausea atrial tachycardia notice symptoms atrial tachycardia symptoms hard infants young symptoms atrial tachycardia poor feeding sweating irritability changes skin color your infant young these symptoms talk healthcare professional
Ataxia,poor coordination walking unsteadily feet set wide apart poor balance trouble fine motor tasks eating writing buttoning shirt changes speech back-and-forth eye movements can't controlled trouble swallowing
Atopic dermatitis (eczema),atopic dermatitis eczema symptoms anywhere vary widely they dry cracked skin itchiness pruritus rash swollen skin varies color depending your skin color small raised bumps brown black skin oozing crusting thickened skin darkening skin eyes raw sensitive skin scratching atopic dermatitis begins age 5 continue into teen years flares then clears up several years
Atrial flutter,atrial flutter symptoms irregular heartbeat checkup another reason atrial flutter symptoms happen they pounding racing chest chest pain fainting almost fainting shortness breath tired
Atrioventricular canal defect,condition affects heart's chambers symptoms complete atrioventricular canal defect weeks life symptoms generally similar those heart failure they difficulty breathing rapid breathing fatigue irregular rapid heartbeat lack appetite poor weight gain swelling legs ankles feet wheezing fatigue weakness nausea lack appetite persistent cough wheezing rapid irregular heartbeat called arrhythmia shortness breath swelling legs ankles feet
Atrioventricular nodal reentry tachycardia (AVNRT),fast heartbeat common symptom atrioventricular nodal reentry tachycardia avnrt avnrt heart beat 120 280 times minute fast heartbeat starts suddenly avnrt symptoms when symptoms up they pounding neck pounding fluttering heartbeat called palpitations dizziness lightheadedness shortness breath sweating fainting almost fainting symptoms avnrt mild symptoms sweating trouble feeding changes skin color fast heartbeat
Vaginal atrophy,genitourinary syndrome menopause gsm signs symptoms vaginal dryness vaginal burning vaginal discharge genital itching burning urination urgency urination frequent urination recurrent urinary tract infections urinary incontinence light bleeding intercourse discomfort intercourse shortening tightening vaginal canal
Reactive attachment disorder,reactive attachment disorder starts infancy there's little research signs symptoms reactive attachment disorder early childhood remains uncertain older 5 years signs symptoms sad listless appearance seeking comfort no response when comfort failure smile watching others closely engaging social interaction failure reach out when picked up no interest playing peekaboo interactive games behavior problems failing seek support assistance
Atypical hyperplasia of the breast,atypical hyperplasia breast doesn't symptoms atypical hyperplasia breast typically breast biopsy breast biopsy procedure remove breast cells testing it's recommended mammogram ultrasound biopsy might done investigate breast concern lump
Autoimmune pancreatitis,autoimmune pancreatitis called aip difficult diagnose doesn't symptoms symptoms 1aipare those pancreatic cancer pancreatic cancer symptoms dark urine pale stools stools float toilet yellow skin eyes called jaundice pain your upper belly middle your back nausea vomiting loss appetite feelings fullness weight loss no known reason common sign 1aipis painless jaundice 80 1aiphave painless jaundice blocked bile ducts 2aipcan repeat episodes acute pancreatitis pain upper abdomen common symptom pancreatic cancer absent autoimmune pancreatitis differences 1 2aipare 1aip disease affect organs addition pancreas 2aipaffects only pancreas 2 disease associated another autoimmune condition called inflammatory bowel disease 2aipaffects equally younger age onset compared 1aip 1aipis likely relapse treatment discontinued
Bird flu (avian influenza),bird flu symptoms mild serious symptoms typically up seven days contact virus long weeks infected direct contact infected animal bedding stool animal flu viruses similar symptoms you need tested check you bird flu infection common bird flu symptoms fever problems breathing pink eye called conjunctivitis upset stomach vomiting loose stool called diarrhea bird flu breathing problems kinds flu bird flu pandemics risk flu need machine help them breathe higher
Baby acne,baby acne small inflamed bumps baby's face neck back chest 2 4 weeks birth babies tiny pimple-like bumps face these harmless spots called milia they disappear their own few weeks another condition might mistaken baby acne benign cephalic pustulosis bcp called neonatal cephalic pustulosis bad reaction yeast skin bcp none these conditions bacterium acne teens
Back pain,back pain range muscle ache shooting burning stabbing pain radiate down leg bending twisting lifting standing walking pain worse
Bacterial vaginosis,symptoms bacterial vaginosis thin vaginal discharge gray white green foul-smelling fishy vaginal odor vaginal itching burning urination bacterial vaginosis no symptoms
Bad breath,bad breath odors vary depending worry too their breath they little no mouth odor others bad breath don't know because it's hard know how your breath smells ask friend relative confirm you bad breath
Bags under eyes,symptoms bags eyes mild swelling saggy loose skin dark circles
Balance problems,signs symptoms balance problems sense motion spinning vertigo faintness lightheadedness presyncope loss balance unsteadiness falling you might fall floating sensation dizziness vision changes blurriness confusion
Barrett's esophagus,development barrett's esophagus attributed long-standinggerd these signs symptoms frequent heartburn regurgitation stomach contents difficulty swallowing food commonly chest pain
Basal cell carcinoma,basal cell carcinoma change skin growth sore won't heal these changes skin lesions characteristics that's translucent meaning you bit surface bump pearly white pink white skin brown black skin bump brown glossy black tiny blood vessels might visible they difficult brown black skin bump bleed scab lesion dark spots slightly raised translucent border raised edge these patches grow quite large clearly defined border
Body dysmorphic disorder,signs symptoms dysmorphic disorder strong belief you defect your appearance you ugly deformed belief others special notice your appearance negative mock you attempting hide perceived flaws styling makeup clothes constantly comparing your appearance others frequently seeking reassurance your appearance others having perfectionist tendencies seeking cosmetic procedures little satisfaction avoiding social situations hair appearance thinning baldness skin vein appearance breast size muscle size tone genitalia
Bedbugs,symptoms bedbug bites similar symptoms insect bites rashes bedbug bites inflamed spots darker spot middle itchy arranged rough line cluster located face neck arms hands
Bedsores (pressure ulcers),symptoms bedsores swelling pus-like draining skin cooler warmer touch areas sore areas bedsores fall into several stages based their depth how serious they features degree skin tissue damage ranges inflamed unbroken skin deep injury involving muscle bone
Bed-wetting,kids fully toilet trained age 5 there's really no target date having complete bladder control ages 5 7 bed-wetting remains problem 7 years age small number wet bed
Bee sting,mild reaction bee sting symptoms minor instant sharp burning pain welt swelling swelling pain go few hours multiple bee stings you stung dozen times you bad reaction you quite sick symptoms those moderate reaction well nausea vomiting diarrhea fever lightheadedness
Behcet disease,behcet disease symptoms vary symptoms come go serious symptoms depend parts condition affects behcet disease affects mouth painful mouth sores canker sores common sign behcet disease they begin raised round sores mouth they quickly turn into painful ulcers sores heal 1 3 weeks they come back skin sores acne their others raised tender growths called nodules their skin mainly lower legs genitals open sores happen scrotum vulva sores painful leave scars eyes irritation swelling called inflammation eye redness pain blurred vision called uveitis inflammation affects eyes behcet disease these symptoms come go joints joint swelling pain affect knees behcet disease ankles elbows wrists might involved symptoms last 1 3 weeks go their own blood vessels swelling called inflammation veins arteries redness pain blood clot swelling arms legs inflammation large arteries complications these bulges artery burst called aneurysms narrowed blocked blood vessels digestive system several symptoms affect network organs digest food called digestive system symptoms belly pain diarrhea bleeding brain swelling called inflammation brain nervous system headache fever confusion poor balance stroke
Bell's palsy,symptoms bell's palsy come suddenly mild weakness total paralysis face hours days drooling pain jaw pain behind ear affected increased sensitivity sound affected headache loss taste changes amount tears saliva produced rarely bell's palsy affect nerves sides face
Benign paroxysmal positional vertigo (BPPV),dizziness sense you your surroundings spinning moving vertigo loss balance unsteadiness nausea vomiting signs symptoms ofbppvcan come go commonly last minute episodes ofbppvcan disappear then recur activities bring signs symptoms ofbppvcan vary almost brought change head position out balance when standing walking
Benign peripheral nerve tumor,symptoms depend location benign peripheral nerve tumor nerves tissues affects symptoms swelling lump your skin pain tingling numbness weakness loss function affected dizziness loss balance tumor grows likely symptoms small tumors symptoms
Benign prostatic hyperplasia (BPH),common symptoms ofbphinclude frequent urgent need pee called urination peeing night trouble starting pee weak urine stream stream stops starts dribbling end urination being able fully empty bladder common symptoms urinary tract infection being able pee blood urine symptoms ofbphtend slowly worse they stay improve size prostate doesn't determine how serious symptoms slightly enlarged prostates major symptoms others who enlarged prostates minor problems enlarged prostates don't symptoms
IgA nephropathy (Berger disease),iganephropathy doesn't symptoms early you might notice effects 10 years routine medical tests signs disease protein red blood cells urine microscope wheniganephropathy symptoms they might cola tea-colored urine blood you might notice these color changes cold sore throat respiratory infection blood urine foamy urine protein leaking into urine called proteinuria pain sides back below ribs swelling hands feet called edema weakness tiredness disease kidney failure symptoms rashes itchy skin muscle cramps upset stomach vomiting appetite metallic taste mouth confusion kidney failure life-threatening treatment dialysis kidney transplant help live years
Cholangiocarcinoma (bile duct cancer),signs symptoms cholangiocarcinoma yellowing your skin whites your eyes jaundice intensely itchy skin white-colored stools fatigue abdominal pain right below ribs losing weight trying fever night sweats dark urine
Bile reflux,upper abdominal pain severe frequent heartburn burning sensation your chest spreads your throat sour taste your mouth nausea vomiting greenish-yellow fluid bile occasionally cough hoarseness unintended weight loss
Binge-eating disorder,you binge-eating disorder you overweight obese you healthy weight binge-eating disorder upset their size shape no matter what number scale symptoms binge-eating disorder vary eating larger usual amounts food specific amount two-hour period eating when you're full hungry eating fast eating binges eating you're uncomfortably full eating alone secret how eating binges affect your mood ability function daily life idea how serious condition you binge-eating disorder vary condition short-lived go come back continue years left untreated
Black hairy tongue,symptoms black hairy tongue black color tongue color brown green yellow white hairy furry tongue changed taste metallic taste your mouth bad breath gagging tickling your mouth papillae large rarely burning tongue hairy black tongue yeast bacterial infection
Bladder exstrophy,epispadias least serious beec epispadias ep-ih-spay-dee-us tube urine leaves doesn't fully tube called urethra
Cystitis,cystitis signs symptoms strong persistent urge urinate pain burning when urinating passing frequent small amounts urine blood urine hematuria passing cloudy strong-smelling urine pelvic discomfort low-grade fever young episodes accidental daytime wetting sign urinary tract infection uti nighttime bed-wetting its own isn't likely happen because auti
Blastocystis hominis,signs symptoms possibly associated blastocystis watery diarrhea nausea abdominal pain bloating loss appetite weight loss anal itching fatigue
Ureteral obstruction,ureteral obstruction might no signs symptoms signs symptoms depend where obstruction it's partial complete how quickly affects kidneys signs symptoms might pain changes how urine you produce urine output difficulty urinating blood urine urinary tract infections
Blood in urine (hematuria),blood urine pink red cola-colored red blood cells urine change color only small amount blood turn urine red bleeding isn't painful blood clots passed urine hurt
Burning mouth syndrome,symptoms burning mouth syndrome burning scalding commonly affects your tongue affect your lips gums roof your mouth throat whole mouth dry mouth increased thirst taste changes your mouth bitter metallic taste loss taste tingling stinging numbness your mouth discomfort burning mouth syndrome several patterns happen little discomfort when waking up worse goes start soon you wake up last come go whatever pattern mouth discomfort you burning mouth syndrome last months years rare cases symptoms suddenly go their own happen burning briefly relieved eating drinking burning mouth syndrome doesn't physical changes your tongue mouth
Sweating and body odor,sweating odor affect underarm groin areas palms bottom feet head face scalp it's common sweat odor vary might smell tangy oniony sour strong odor
Boils and carbuncles,painful red bump starts out small enlarge 2 inches 5 centimeters reddish purplish swollen skin bump increase size bump few days fills pus development yellow-white tip eventually ruptures allows pus drain out
Bone cancer,signs symptoms bone cancer bone pain swelling tenderness affected weakened bone broken bone tired losing weight trying
Bone metastasis,bone metastasis no signs symptoms when they happen symptoms bone metastasis bone metastasis spine bone pain broken bones high levels calcium blood called hypercalcemia nausea vomiting constipation confusion leaking urine called urinary incontinence sudden urge urinate called urinary urgency being able control passing stool stool leaking bowel called fecal incontinence weakness arms legs
Bone spurs,spine small bones spine bone spurs narrow space contains spinal cord these bone spurs pinch spinal cord its nerve roots weakness numbness arms legs hip bone spurs painful move hip might pain knee thigh depending their placement bone spurs reduce range motion hip joint
Fecal incontinence,main symptom being able control passing stool happen short-term illness diarrhea fecal incontinence ongoing condition there types fecal incontinence urge incontinenceis sudden urge pass stool being able control urge need pass stool come suddenly it's possible toilet passive incontinenceis passing stool when isn't aware need pass stool able rectum full stool fecal incontinence leakage stool when passes gas
Intestinal obstruction,signs symptoms intestinal obstruction crampy abdominal pain comes goes loss appetite constipation vomiting inability bowel movement pass gas swelling abdomen
Bradycardia,chest pain confusion memory problems dizziness lightheadedness tired especially physical activity fainting near-fainting shortness breath
Brain AVM (arteriovenous malformation),brain arteriovenous malformation avm symptoms avm bursts bleeds known hemorrhage half brain avms hemorrhage sign malformation seizures headaches pain head muscle weakness numbness bad headache weakness numbness paralysis vision loss trouble speaking confusion being able understand others trouble walking symptoms brain avm begin age ages 10 40 brain avms damage brain tissue effects slowly build symptoms early adulthood middle age brain avms tend remain stable likely symptoms
Brain metastases,symptoms brain metastases vary they depend location size how fast they're growing symptoms brain metastases headache vomiting nausea mental changes increasing memory problems seizures weakness numbness vision changes difficulty speaking understanding language loss balance
Brain tumor,signs symptoms brain tumor depend brain tumor's size location symptoms might depend how fast brain tumor growing called tumor grade general signs symptoms brain tumors headaches happen severe headaches described tension headaches migraines nausea vomiting eye problems blurry vision double losing sight sides your vision losing movement arm leg trouble balance speech problems tired confusion everyday matters memory problems having trouble simple commands personality behavior changes seizures especially there no history seizures hearing problems dizziness sense world spinning called vertigo hungry gaining weight brain tumors aren't cancerous tend symptoms slowly noncancerous brain tumors called benign brain tumors they might subtle symptoms you don't notice symptoms might worse months years cancerous brain tumors symptoms worse quickly cancerous brain tumors called brain cancers malignant brain tumors they symptoms come suddenly they worse matter days weeks
Pediatric brain tumors,pediatric brain tumor symptoms vary depending tumor's location brain symptoms might depend size tumor how quickly it's growing common signs symptoms pediatric brain tumors headaches frequent severe who don't talk parent might notice irritable usual nausea vomiting vision changes double vision who don't talk parent might notice squints covers eye when trying possible signs symptoms fuller soft spot skull babies changes eyes move confusion irritability difficulty balance hearing problems memory problems personality behavior changes seizures especially who hasn't seizure slurred speech trouble walking trouble swallowing weakness drooping face weakness loss sensation arm leg
Inflammatory breast cancer,inflammatory breast cancer doesn't commonly lump forms breast cancer signs symptoms inflammatory breast cancer fast change appearance breast course several weeks thickness heaviness swelling breast changes skin color giving breast red purple pink bruised appearance unusual warmth affected breast dimpling ridges skin affected breast similar orange peel tenderness pain aching enlarged lymph nodes arm above collarbone below collarbone flattened nipple nipple turns inward affected breast
Male breast cancer,signs symptoms male breast cancer painless lump thickening skin chest changes skin covering chest dimpling puckering scaling changes color skin changes nipple changes skin color scaling nipple begins turn inward discharge bleeding nipple
Breast cysts,breast cysts breasts signs symptoms breast cyst smooth easily movable round oval lump smooth edges typically indicates it's benign nipple discharge clear yellow straw colored dark brown breast pain tenderness breast lump increase breast lump size breast tenderness your period decrease breast lump size resolution symptoms your period having breast cysts doesn't increase your risk breast cancer having cysts harder breast lumps changes might need evaluation your your breasts lumpy painful when you're menstruating it's important familiar how your breasts throughout your menstrual cycle you'll know changes
Mastitis,symptoms mastitis suddenly they breasts symptoms breast tenderness warmth breast swelling thickening breast tissue breast lump pain burning breastfeeding skin redness wedge-shaped pattern redness harder black brown skin ill fever 101 degrees fahrenheit 38 3 degrees celsius greater
Subconjunctival hemorrhage (broken blood vessel in eye),obvious sign subconjunctival hemorrhage bright red patch white sclera your eye its bloody appearance subconjunctival hemorrhage worse no change your vision discharge pain your only discomfort scratchy surface eye
Broken collarbone,symptoms broken collarbone pain increases when moving shoulder swelling tenderness bruising skin break might tent when gently pinched bump shoulder grinding crackling sound when moving shoulder stiffness being able move shoulder newborns move their arm days breaking collarbone birth cry moves arm
Broken foot,broken foot bone might these symptoms instant throbbing pain pain worse activity better rest swelling bruising tenderness change typical shape foot called deformity trouble pain walking putting weight foot bone sticking skin called open fracture
Broken hand,broken hand might these signs symptoms you think you might broken hand immediately especially you numbness swelling trouble moving your fingers delay diagnosis treatment poor healing decreased range motion decreased grip strength severe pain might worsen when gripping squeezing moving your hand swelling tenderness bruising obvious deformity crooked finger stiffness inability move your fingers thumb numbness your hand fingers
Hip fracture,signs symptoms hip fracture inability up fall walk severe pain hip groin inability put weight leg injured hip bruising swelling hip shorter leg injured hip outward turning leg injured hip
Broken leg,thighbone femur strongest bone obvious when thighbone broken because force break break shinbone tibia bone runs alongside shinbone fibula obvious signs symptoms broken leg severe pain worsen movement swelling tenderness bruising obvious deformity shortening affected leg inability walk
Broken nose,symptoms broken nose pain tenderness especially when touching nose swelling nose nosebleeds bruising nose eyes crooked misshapen nose trouble breathing nose mucus discharge nose nasal passages blocked
Broken ribs,pain broken rib pain worse deep breath bend twist
Broken toe,signs symptoms broken toe pain swelling change skin color bruising bleeding skin
Broken wrist,broken wrist might these signs symptoms severe pain might worsen when gripping squeezing moving your hand wrist swelling tenderness bruising obvious deformity bent wrist
Bronchitis,you acute bronchitis you cold symptoms cough production mucus sputum clear white yellowish-gray green color rarely streaked blood sore throat mild headache aches slight fever chills fatigue chest discomfort shortness breath wheezing these symptoms improve you nagging cough lingers several weeks chronic bronchitis signs symptoms cough production mucus fatigue chest discomfort shortness breath chronic bronchitis typically defined productive cough lasts least months bouts recur least consecutive years you chronic bronchitis you're likely periods when your cough symptoms worsen it's possible acute infection top chronic bronchitis
Brugada syndrome,brugada syndrome doesn't noticeable symptoms brugada syndrome don't know they signs symptoms associated brugada syndrome major sign brugada syndrome irregular electrocardiogram ecg test measures electrical activity heart dizziness fainting gasping labored breathing particularly night irregular heartbeats palpitations seizures
Buerger disease,buerger disease symptoms tingling numbness fingers toes changes skin color hands feet skin pale gray red blue depending your skin color these color changes harder easier pain feet walking pain difficult walk long distances painful open sores fingers toes pain fingers toes severe rest inflammation vein below skin's surface blood clot vein
Bulimia nervosa,bulimia symptoms living fear gaining weight trying lose weight unhealthy ways repeatedly eating unusually large amounts food sitting loss control binge eating you you can't stop eating can't control what you eat fasting limiting calories eating certain foods binges dietary supplements herbal products weight loss these products dangerous being unhappy your shape weight letting your shape weight guide how you yourself your worth bulimia methods purge severity bulimia depends number times you purge problems doing
Bundle branch block,bundle branch block doesn't symptoms condition don't know they bundle branch block rarely symptoms bundle branch block fainting syncope you're going faint presyncope
Meralgia paresthetica,meralgia paresthetica these symptoms outer thigh tingling burning pain decreased numbness increased sensitivity pain light touch these symptoms commonly your might intensify walking standing
Knee bursitis,knee bursitis symptoms vary they depend bursa affected what's causing inflammation affected portion your knee might warm tender swollen you might pain when you move when you're rest direct blow knee symptoms come fast knee bursitis stems friction irritation bursae jobs require lot kneeling hard surfaces symptoms start slowly worse
C. difficile infection,symptoms begin 5 10 days starting antibiotic symptoms soon up months later
Calciphylaxis,large netlike patterns skin purple-pink color deep painful lumps skin ulcers ulcers black-brown crust doesn't heal its own ulcers tend areas high fat content stomach thighs buttocks breasts they anywhere infections ulcers don't heal
Carcinoma of unknown primary,signs symptoms carcinoma unknown primary cough won't go tired fever doesn't clear losing weight trying nausea vomiting pain swelling belly swollen lymph nodes
Carcinoid tumors,carcinoid tumors don't signs symptoms when they signs symptoms vague depend location tumor
Chronic lymphocytic leukemia,chronic lymphocytic leukemia no symptoms signs symptoms might cancer progresses they might enlarged painless lymph nodes fatigue fever pain upper left portion abdomen enlarged spleen night sweats weight loss frequent infections
Chronic myelogenous leukemia,chronic myelogenous leukemia doesn't symptoms might detected blood test when they symptoms bone pain bleeding easily full eating small amount food fatigue fever weight loss trying loss appetite pain fullness below ribs left blurry vision bleeding back eye
Colon cancer,colon cancer don't symptoms when symptoms they'll likely depend cancer's size where large intestine symptoms colon cancer change bowel habits frequent diarrhea constipation rectal bleeding blood stool ongoing discomfort belly cramps gas pain bowel doesn't empty bowel movement weakness tiredness losing weight trying
Eye melanoma,eye melanoma symptoms when they happen signs symptoms eye melanoma flashes light what specks dust person's vision these called floaters growing dark spot colored eye called iris change shape pupil pupil dark circle center eye poor vision blurry vision eye being able when called loss peripheral vision
Floor of the mouth cancer,symptoms floor mouth cancer mouth pain sores mouth won't heal trouble moving tongue loose teeth pain swallowing weight loss ear pain swelling neck hurt white patches mouth won't go
Gallbladder cancer,gallbladder cancer no symptoms when there signs symptoms they belly pain mostly upper right belly belly bloating mass you skin losing weight trying yellowing skin whites eyes called jaundice yellowing skin might harder black brown skin jaundice typically happens when gallbladder cancer advanced
Hodgkin lymphoma (Hodgkin disease),signs symptoms hodgkin lymphoma painless swelling lymph nodes neck armpits groin fever tired night sweats weight loss happens trying itchy skin
Hurthle cell cancer,when they signs symptoms these signs symptoms don't necessarily mean you hurthle cell cancer they indications medical conditions inflammation thyroid gland enlargement thyroid goiter lump neck below adam's apple pain neck throat hoarseness changes your voice shortness breath swallowing difficulty
Kidney cancer,kidney cancer doesn't symptoms signs symptoms blood urine pink red cola colored loss appetite pain back doesn't go tiredness
Liver cancer,don't signs symptoms early stages primary liver cancer when signs symptoms they losing weight trying loss appetite upper abdominal pain nausea vomiting general weakness fatigue abdominal swelling yellow discoloration your skin whites your eyes jaundice white chalky stools
Merkel cell carcinoma,symptom merkel cell carcinoma growth skin skin cancer happen anywhere happens skin typically sunlight white growth likely head neck black growth legs merkel cell carcinoma bump skin painless bump grows quickly bump whose sides don't match bump pink purple red-brown color skin
Mesothelioma,signs symptoms mesothelioma depend where cancer starts pleural mesotheliomaaffects tissue lungs symptoms chest pain painful coughing shortness breath lumps skin chest tiredness weight loss trying peritoneal mesotheliomaaffects tissue belly symptoms belly pain belly swelling nausea tiredness weight loss trying types mesotheliomaare rare known these types pericardial mesothelioma affects tissue heart trouble breathing chest pains mesothelioma tunica vaginalis affects tissue testicles swelling mass testicle
Mouth cancer,signs symptoms mouth cancer lip mouth sore won't heal white reddish patch mouth loose teeth growth lump mouth mouth pain ear pain difficult painful swallowing
Nasopharyngeal carcinoma,nasopharyngeal carcinoma signs symptoms when symptoms they might lump your neck swollen lymph node bleeding nose bloody saliva double vision ear infections facial numbness headaches hearing loss nasal stuffiness ringing ears called tinnitus sore throat
Paraneoplastic syndromes of the nervous system,symptoms paraneoplastic syndromes nervous system relatively quickly days weeks they begin cancer diagnosed symptoms vary depending being injured trouble walking trouble balance loss muscle coordination loss muscle tone weakness loss fine motor skills picking up objects trouble swallowing slurred speech stuttering memory loss thinking impairment vision changes trouble sleeping seizures hallucinations movements can't controlled
Rectal cancer,rectal cancer symptoms early symptoms rectal cancer happen when disease advanced signs symptoms rectal cancer change bowel habits diarrhea constipation more-frequent need pass stool bowel doesn't empty completely abdominal pain dark maroon bright red blood stool narrow stool weight loss happens trying weakness fatigue
Soft tissue sarcoma,soft tissue sarcoma symptoms cancer grows noticeable lump swelling
Squamous cell carcinoma of the skin,symptoms squamous cell carcinoma skin firm bump skin called nodule nodule might color skin might pink red black brown depending skin color flat sore scaly crust sore raised scar sore rough scaly patch lip open sore sore rough patch mouth raised patch wartlike sore anus genitals
Throat cancer,signs symptoms throat cancer cough changes your voice hoarseness speaking clearly difficulty swallowing ear pain lump sore doesn't heal sore throat weight loss
Yeast infection (vaginal),yeast infection symptoms range mild moderate they itching irritation vagina tissues vaginal opening called vulva burning mainly intercourse urinating redness swelling vulva redness harder black brown skin white skin vaginal pain soreness thick white vaginal shedding fluid cells called discharge little no odor discharge cottage cheese
Sudden cardiac arrest,symptoms sudden cardiac arrest immediate severe sudden collapse no pulse no breathing loss consciousness symptoms sudden cardiac arrest these might chest discomfort shortness breath weakness fast-beating fluttering pounding heartbeat called palpitations sudden cardiac arrest no warning
Myocardial ischemia,who myocardial ischemia don't signs symptoms silent ischemia neck jaw pain shoulder arm pain fast heartbeat shortness breath when you physically active nausea vomiting sweating fatigue
Enlarged heart,enlarged heart cardiomegaly no signs symptoms others these signs symptoms cardiomegaly shortness breath especially lying flat waking up short breath irregular heart rhythm arrhythmia swelling edema belly legs
Heart disease,heart disease symptoms depend heart disease
Childhood apraxia of speech,cascan babbling making fewer vocal sounds typical ages 7 12 months speaking words late typically ages 12 18 months limited number consonants vowels leaving out sounds when speaking speech hard understand these symptoms noticed ages 18 months 2 years symptoms age indicate suspectedcas suspectedcasmeans potentially speech disorder child's speech development watched determine therapy begin produce speech ages 2 4 signs indicatecasinclude vowel consonant distortions pauses syllables words voicing errors pie sounding bye withcasalso language problems reduced vocabulary trouble word order symptoms unique withcas helps diagnosis symptoms ofcasare symptoms types speech language disorders it's hard diagnosecasif only symptoms incasand disorders characteristics called markers help distinguishcasfrom types speech disorders those associated withcasinclude trouble moving smoothly sound syllable word another groping movements jaw lips tongue try correct movement speech sounds vowel distortions trying correct vowel saying incorrectly wrong stress word pronouncing banana buh-nan-uh buh-nan-uh equal emphasis syllables saying buh-nan-uh separation syllables putting pause gap syllables inconsistency making errors when trying say word having hard imitating simple words voicing errors saying down town
Cataracts,symptoms cataracts clouded blurred dim vision trouble night sensitivity light glare need brighter light reading activities halos lights frequent changes eyeglass contact lens prescription fading yellowing colors double vision eye cloudiness your vision cataract affect only small eye's lens you notice vision loss cataract grows larger clouds your lens clouding changes light passing lens symptoms you notice
Cavernous malformations,cerebral cavernous malformations ccms symptoms when ccm outer surface brain seizures generally symptoms ccms seizures bad headaches weakness arms legs numbness trouble speaking poor memory attention trouble balancing walking vision changes double vision symptoms worse repeated bleeding bleeding happen soon bleed later repeat bleed
Cavities and tooth decay,symptoms cavities vary depending how you where they're located when cavity beginning you symptoms decay larger symptoms toothache pain tooth sensitivity mild sharp pain when eating drinking sweet hot cold holes pits your teeth you brown black white staining surface tooth pain when you bite down
Congenital diaphragmatic hernia (CDH),babies born withcdhmay severe trouble breathing small lungs don't work well pulmonary hypoplasia problems development heart damage intestines stomach liver abdominal organs they move hernia into chest
Median arcuate ligament syndrome (MALS),symptoms ofmalsinclude stomach pain better leaning forward backward standing eating fear eating food because pain unintended weight loss bloating diarrhea nausea vomiting
Celiac disease,symptoms celiac disease vary greatly they digestive symptoms diarrhea fatigue weight loss bloating gas abdominal pain nausea vomiting constipation half celiac disease symptoms related digestive system anemia iron deficiency decreased iron absorption loss bone density called osteoporosis softening bones called osteomalacia itchy blistery skin rash called dermatitis herpetiformis mouth ulcers headaches fatigue nervous system injury numbness tingling feet hands possible problems balance cognitive impairment joint pain reduced functioning spleen known hyposplenism elevated liver enzymes
Central nervous system vascular malformations,symptoms depend central nervous system vascular malformation where it's vascular malformations no symptoms they're imaging else symptoms central nervous system vascular malformations bleeding seizures headache brain nervous system problems called neurological deficits worse neurological deficits affect speech vision balance memory abilities
Swimmer's itch,swimmer's itch symptoms itchy rash pimples blisters symptoms begin minutes long days swimming wading contaminated water
CSF leak (Cerebrospinal fluid leak),symptoms vary spinal cranialcsfleaks
Earwax blockage,earache fullness ear ringing noises ear tinnitus hearing loss dizziness cough itchiness ear odor discharge ear pain infection ear
Cervical dystonia,muscle contractions involved cervical dystonia your head twist variety directions chin shoulder ear shoulder chin straight up chin straight down
Incompetent cervix,lookout backache mild stomach cramps change vaginal discharge light vaginal bleeding
Hip dysplasia,teenagers young hip dysplasia painful complications osteoarthritis hip labral tear activity-related groin pain there might sensation instability hip
Drug addiction (substance use disorder),drug addiction symptoms behaviors others you drug regularly daily several times having intense urges drug block out thoughts needing drug effect taking larger amounts drug longer period you intended making certain you maintain supply drug spending money drug you can't afford meeting obligations work responsibilities cutting back social recreational activities because drug continuing drug you know it's causing problems your life causing you physical psychological harm doing drug you normally wouldn't stealing driving doing risky activities when you're influence drug spending good deal getting drug drug recovering effects drug failing your attempts stop drug
Chemo brain,chemo brain signs symptoms changes memory thinking symptoms chemo brain linked memory trouble recalling what you've said others trouble recalling what you've images words trouble recalling what's happened recently called short-term memory issues symptoms chemo brain linked thinking trouble right words trouble learning skills trouble doing mental fog short attention span taking longer usual routine tasks
Chilblains,symptoms chilblains small itchy areas your skin your feet hands sores blistering swelling pain stinging changes skin color
Child abuse,poor growth poor personal cleanliness lack clothing supplies meet physical needs hoarding stealing food poor record school attendance lack appropriate attention medical dental psychological problems lack necessary follow-up
Chlamydia trachomatis,early-stage chlamydia trachomatis infections few symptoms when symptoms they're mild them easy overlook why regular screening important symptoms chlamydia trachomatis infection painful urination vaginal discharge discharge penis testicular pain eye infections called conjunctivitis eyelid red irritated throat infection no symptoms sore throat infection rectum no symptoms rectal pain discharge bleeding
Primary sclerosing cholangitis,early signs symptoms fatigue itching yellow eyes skin jaundice abdominal pain diagnosed primary sclerosing cholangitis they symptoms continue generally well several years there's no reliable predict how quickly slowly disease progress individual signs symptoms disease progresses fever chills night sweats enlarged liver enlarged spleen weight loss
Cholecystitis,symptoms cholecystitis severe pain upper right center belly pain spreads right shoulder back tenderness belly when it's touched nausea vomiting fever cholecystitis symptoms come meal large fatty meal likely symptoms
Cholestasis of pregnancy,intense itching main symptom cholestasis pregnancy there no rash typically you itchy palms your hands soles your feet you itchy everywhere itching worse night bother you you can't sleep itching common trimester pregnancy begins earlier worse your date your baby arrives itchiness goes few days common signs symptoms cholestasis pregnancy yellowing skin whites eyes called jaundice nausea loss appetite oily foul-smelling stools
Chondrosarcoma,chondrosarcoma tends grow slowly might signs symptoms when they signs symptoms chondrosarcoma increasing pain growing lump swelling
Chordoma,signs symptoms chordoma headache neck pain vision trouble blurred double vision vision loss trouble balance hearing loss facial paralysis muscle weakness trouble swallowing shortness breath
Huntington's disease,huntington's disease movement disorders mental conditions trouble thinking planning these conditions wide spectrum symptoms symptoms vary greatly symptoms worse greater effect functional ability these symptoms change severity throughout course disease
Choroid plexus carcinoma,blurred double vision headaches increased tiredness irritability nausea seizures vomiting
Gastroesophageal reflux disease (GERD),common symptoms gerd burning sensation chest called heartburn heartburn happens eating might worse night lying down backwash food sour liquid throat upper belly chest pain trouble swallowing called dysphagia sensation lump throat ongoing cough inflammation vocal cords known laryngitis worsening asthma
Chronic exertional compartment syndrome,signs symptoms aching burning cramping pain compartment affected limb tightness affected limb numbness tingling affected limb weakness affected limb foot drop severe cases legs affected occasionally swelling bulging muscle hernia intense stops completely 15 minutes stopping activity
Chronic cough,chronic cough symptoms runny stuffy nose liquid running down back your throat known postnasal drip clearing your throat lot sore throat hoarseness wheezing shortness breath heartburn sour taste your mouth rare cases coughing up blood
Chronic daily headaches,definition chronic daily headaches 15 days longer months true primary chronic daily headaches aren't another condition there short-lasting long-lasting chronic daily headaches long-lasting headaches last four hours they chronic migraine chronic tension-type headache daily persistent headache hemicrania continua
Chronic hives,symptoms chronic hives batches welts called weals arise anywhere welts might red purple skin-colored depending your skin color welts vary size change shape fade repeatedly itchiness called pruritus intense painful swelling called angioedema eyes cheeks lips
Hashimoto's disease,hashimoto's disease progresses slowly years you notice signs symptoms disease eventually decline thyroid hormone production fatigue sluggishness increased sensitivity cold increased sleepiness dry skin constipation muscle weakness muscle aches tenderness stiffness joint pain stiffness problems memory concentration swelling thyroid goiter puffy face brittle nails hair loss enlargement tongue
COPD,symptoms copd trouble catching your breath especially physical activities wheezing whistling sounds when breathing ongoing cough bring up lot mucus mucus clear white yellow greenish chest tightness heaviness lack energy tired frequent lung infections losing weight meaning happen condition worsens swelling ankles feet legs working harder usual breathe having trouble breathing chest tightness coughing mucus changes mucus color thickness fever
Chronic pelvic pain,you chronic pelvic pain parts your pelvic rather spot you might describe pain ways serious steady pain comes goes dull aching sharp pains cramping pain happen having bowel movement urinating when you sit stand long symptoms urgent frequent need urinate bloating upset stomach constipation diarrhea
Chronic sinusitis,common symptoms chronic sinusitis thick discolored mucus nose known runny nose mucus down back throat known postnasal drip blocked stuffy nose known congestion hard breathe nose pain tenderness swelling eyes cheeks nose forehead reduced sense smell taste symptoms ear pain headache aching teeth cough sore throat bad breath tiredness chronic sinusitis acute sinusitis similar symptoms acute sinusitis short-lived infection sinuses linked cold symptoms chronic sinusitis last least 12 weeks there might bouts acute sinusitis chronic sinusitis fever isn't common chronic sinusitis fever might acute sinusitis
Chronic traumatic encephalopathy,there no specific symptoms been clearly linked tocte possible symptoms conditions who confirmed havecteat autopsy symptoms included cognitive behavioral mood motor changes
Claudication,pain severe you start pain rest signs symptoms peripheral artery disease more-advanced stages pain ache discomfort fatigue muscles those muscles pain calves thighs buttocks hips feet pain shoulders biceps forearms pain better soon resting cool skin severe constant pain progresses numbness skin discoloration wounds don't heal
Cleft lip and cleft palate,split cleft lip roof mouth palate right birth birth prenatal ultrasound cleft lip cleft palate split lip palate affects sides face split roof mouth doesn't affect how face cleft only muscles soft palate back mouth covered mouth's lining called submucous cleft palate cleft birth diagnosed later when signs arise having hard feeding nasal speaking voice constant ear infections rarely having hard swallowing liquids foods come out nose
Depression (major depressive disorder),feelings sadness tearfulness emptiness hopelessness angry outbursts irritability frustration small matters sleep disturbances insomnia sleeping too reduced appetite weight loss increased cravings food weight gain slowed thinking speaking movements trouble thinking concentrating making decisions remembering frequent recurrent thoughts death suicidal thoughts suicide attempts suicide
Cold urticaria,cold urticaria symptoms serious responses response worsens skin warms swelling hands holding cold objects swelling lips eating cold food drinking cold beverages fainting racing heart swelling limbs trunk shock hard breathe
Cold sore,cold sore passes several stages tingling itching itching burning tingling lips small hard painful spot blisters blisters small fluid-filled blisters border lips they nose cheeks mouth oozing crusting small blisters merge then burst leave shallow open sores ooze crust fever painful gums sore throat headache muscle aches swollen lymph nodes
Colic,babies been known fuss cry especially months life range what's considered typical crying difficult pin down general colic defined crying hours days weeks features colic there relief symptoms infant passes gas bowel movement gas likely swallowed air prolonged crying predictable timing episodes evening facial discoloring skin flushing blushing tension pulled up stiffened legs stiffened arms clenched fists arched back tense abdomen
Ischemic colitis,symptoms ischemic colitis pain tenderness cramping belly happen suddenly happen bright red maroon blood stool times passage blood alone stool urgency move bowels diarrhea nausea
Microscopic colitis,symptoms microscopic colitis watery diarrhea belly pain cramps bloating weight loss nausea being able control bowel movements called fecal incontinence having enough water called dehydration symptoms microscopic colitis come go times symptoms improve their own
Colon polyps,colon polyps symptoms colon polyps routine colorectal cancer screening symptoms prompt appointment healthcare professional change bowel habits constipation diarrhea lasts longer mean presence larger colon polyp cancer several conditions changes bowel habits change stool color blood up red streaks stool stool black change color certain foods medicines dietary supplements iron deficiency anemia bleeding polyps happen slowly visible blood stool chronic bleeding iron deficiency anemia tiredness shortness breath pain large colon polyp cancer block bowel cramping belly pain rectal bleeding sign colon polyps cancer conditions hemorrhoids minor tears anus
Coma,symptoms coma commonly closed eyes irregular breathing
Common cold in babies,symptoms common cold baby symptoms common cold baby stuffy runny nose mucus coming nose might clear then might thicken turn yellow green fever sneezing coughing wanting eat fussiness trouble sleeping trouble nursing taking bottle stuffy nose
Common variable immunodeficiency,how bad symptoms varies greatly withcvid symptoms common variable immunodeficiency childhood teen years don't symptoms they're you havecvid you'll likely repeated infections being diagnosed common types infections pneumonia sinusitis ear infections gastrointestinal infections
Common warts,common warts symptoms small fleshy grainy bumps fingers hands rough touch sprinkling black dots clotted blood vessels
Complicated grief,few months loss signs symptoms normal grief those complicated grief normal grief symptoms gradually start fade those complicated grief linger worse complicated grief being ongoing heightened state mourning keeps you healing signs symptoms complicated grief intense sorrow pain rumination loss your loved focus little else your loved one's death intense persistent longing pining deceased problems accepting death numbness detachment bitterness your loss life holds no meaning purpose lack trust others complicated grief indicated you continue trouble carrying out normal routines isolate others withdraw social activities believe you wrong prevented death life isn't worth living your loved wish you died your loved
Hoarding disorder,symptoms hoarding disorder teenage early years you save too items gradually build up clutter living spaces difficulty getting rid you grow older you continue getting holding onto you don't space middle age clutter overwhelming symptoms severe increasingly difficult treat problems hoarding gradually tend private behavior you avoid having family friends repair workers your home major clutter reaches attention others symptoms hoarding disorder getting keeping too items you need right now don't space ongoing difficulty throwing out parting your their actual value need save these items being upset thought getting rid them building up clutter point where you can't rooms trying perfect avoiding delaying decisions problems planning organizing getting too items refusing them items crowd clutter your walking spaces living areas rooms can't intended purpose being able sleep your bed buildup food trash large unsanitary levels distress problems functioning keeping yourself others pets safe your home conflict others who try reduce remove clutter your home relationship issues avoiding social activities employment problems difficulty organizing items losing important items clutter hoarding disorder items saved because you believe these items unique you'll need them point future you emotionally connected items remind you happier times represent beloved pets you safe comforted when surrounded you don't want waste hoarding disorder collecting who collections stamps model cars carefully search out specific items organize them display their collections collections large they aren't cluttered they don't distress problems functioning hoarding disorder
Compulsive sexual behavior,you trouble making keeping healthy stable relationships
Kleptomania,kleptomania symptoms inability resist powerful urges steal items you don't need pleasure relief satisfaction stealing terrible guilt remorse self-loathing shame fear arrest theft return urges repetition kleptomania cycle
Concussion,symptoms concussion subtle right symptoms last days weeks longer common symptoms mild traumatic brain injury headache confusion loss memory known amnesia amnesia involves forgetting event concussion physical symptoms concussion headache ringing ears nausea vomiting fatigue drowsiness blurry vision symptoms concussion confusion fog amnesia surrounding event dizziness stars witness observe these symptoms concussion temporary loss consciousness doesn't slurred speech delayed response questions dazed appearance forgetfulness asking question symptoms concussion right symptoms days injury trouble concentration memory irritability personality changes sensitivity light noise trouble sleep changes taste smell
Congenital heart defects in children,serious congenital heart defects soon birth few months life symptoms pale gray blue lips tongue fingernails depending skin color these changes harder easier rapid breathing swelling legs belly areas eyes shortness breath feedings poor weight gain less-serious congenital heart defects later childhood symptoms congenital heart defects older swelling hands ankles feet
Congenital heart disease in adults,born heart problem don't notice symptoms later life symptoms return years congenital heart defect treated common congenital heart disease symptoms irregular heartbeats called arrhythmias shortness breath tired quickly activity swelling fluid collecting tissues called edema
Hirschsprung's disease,signs symptoms hirschsprung's disease vary severity condition signs symptoms shortly birth they're apparent later life typically obvious sign newborn's failure bowel movement 48 hours birth signs symptoms newborns older signs symptoms swollen belly vomiting vomiting green brown substance constipation gas might newborn fussy diarrhea delayed passage meconium newborn's bowel movement swollen belly chronic constipation gas failure thrive fatigue
Congenital mitral valve anomalies,symptoms congenital mitral valve anomalies serious mild serious symptoms babies young shortness breath feedings poor weight gain pale gray bluish tint skin depending skin color these changes easier harder heavy breathing fast heartbeat swelling legs belly eyes symptoms congenital mitral valve anomalies don't later life older symptoms chest pain discomfort tired dizziness fainting mitral valve anomalies heart conditions birth symptoms you your symptoms heart valve disease congenital mitral valve anomalies talk healthcare professional you sent trained heart diseases called cardiologist
Conjoined twins,there no specific symptoms indicate conjoined twin pregnancy twin pregnancies uterus grow faster single baby there tiredness nausea vomiting early pregnancy conjoined twins diagnosed early pregnancy ultrasound
Pink eye (conjunctivitis),common pink eye symptoms redness eyes itchiness eyes gritty eyes discharge eyes forms crust night prevent your eye eyes opening morning tearing sensitivity light called photophobia
Constipation,symptoms constipation fewer stools hard dry lumpy stools straining pain when passing stools stool passed rectum blocked need finger pass stool chronic constipation having these symptoms months longer
Constipation in children,signs symptoms constipation your fears having bowel movement hurt he she try avoid you notice your crossing his her legs clenching his her buttocks twisting his her making faces when attempting hold stool bowel movements bowel movements hard dry difficult pass pain having bowel movement stomach pain traces liquid pasty stool your child's underwear sign stool backed up rectum blood surface hard stool
Functional neurologic disorder/conversion disorder,signs symptoms functional neurologic disorder vary depending functional neurological symptoms they're significant enough impairment warrant medical evaluation symptoms affect movement function senses signs symptoms affect movement function signs symptoms affect senses weakness paralysis abnormal movement tremors difficulty walking loss balance difficulty swallowing lump throat seizures episodes shaking apparent loss consciousness nonepileptic seizures episodes unresponsiveness numbness loss touch sensation speech problems inability speak slurred speech vision problems double vision blindness hearing problems deafness cognitive difficulties involving memory concentration
Coronary artery disease,shortness breath you you can't catch your breath fatigue heart can't pump enough blood meet your body's needs you unusually tired completely blocked coronary artery heart attack common heart attack symptoms pain discomfort spreads shoulder arm back neck jaw teeth upper belly cold sweats fatigue heartburn nausea shortness breath lightheadedness sudden dizziness
Small vessel disease,small vessel disease signs symptoms you've been treated coronary artery disease angioplasty stents your signs symptoms haven't gone you might small vessel disease chest pain squeezing discomfort angina worse activity emotional stress discomfort left arm jaw neck back abdomen chest pain shortness breath tiredness lack energy
Corticobasal degeneration (corticobasal syndrome),symptoms corticobasal degeneration corticobasal syndrome trouble moving sides worse poor coordination trouble balance stiffness muscle jerks trouble swallowing changes eye movements trouble thinking language skills speech changes slow halting speech corticobasal degeneration worse 6 8 years eventually disease lose ability walk
Cough headaches,symptoms cough headaches begin suddenly coughing types straining typically last few seconds few minutes last up hours sharp stabbing splitting bursting pain affect sides your head worse back your head followed dull aching pain hours longer lasting headaches dizziness unsteadiness fainting ringing ears hearing loss blurred vision double vision tremor
Pubic lice (crabs),legs chest armpits beard mustache eyelashes eyebrows commonly
Muscle cramp,muscle cramps mostly leg muscles calf cramps last seconds minutes cramp eases might sore hours days
Menstrual cramps,symptoms menstrual cramps throbbing cramping pain your lower abdomen intense pain starts 1 3 days your period peaks 24 hours onset your period subsides 2 3 days dull continuous ache pain radiates your lower back thighs nausea loose stools headache dizziness
Crohn's disease,symptoms crohn's disease typically diarrhea fever fatigue belly pain cramping blood stool mouth sores reduced appetite weight loss pain drainage anus inflammation tunnel into skin called fistula crohn's disease affect small large intestine involve multiple segments continuous commonly involves last small intestine disease only colon large intestine symptoms crohn's disease range mild severe they gradually might come suddenly warning crohn's disease periods no symptoms known remission
Cutaneous T-cell lymphoma,signs symptoms cutaneous t-cell lymphoma patches raised scaly skin might itch patches happen skin doesn't sun patches skin pink red brown gray color harder black brown skin patches skin lighter color skin them easier black brown skin lumps skin break open lymph nodes bigger hair loss thickened skin palms hands soles feet rash skin scaly itchy
Peyronie disease,peyronie disease symptoms might start suddenly common symptoms scar tissue scar tissue linked peyronie disease called plaque it's plaque build up blood vessels your teeth skin penis flat lumps band hard tissue scar tissue tender bend penis penis might curve upward downward bend erection problems peyronie disease might problems getting keeping erection called erectile dysfunction peyronie disease say they notice erectile dysfunction start their penile symptoms shortening penis penis might shorter erections peyronie disease pain penis symptom might happen erection changes how penis peyronie disease erect penis might narrow indented might hourglass-like shape tight narrow band shaft curving penile shortening linked peyronie disease might worse physical changes penis worse stay half pain erections better 1 2 years scar tissue penile shortening curving remain it's common curving pain peyronie disease better treatment
Self-injury/cutting,symptoms self-injury scars patterns fresh cuts scratches bruises bite marks wounds keeping sharp objects items self-injury hand wearing long sleeves long pants hide self-injury hot weather frequent reports accidental injury difficulties relationships others talk helplessness hopelessness worthlessness
Cyclic vomiting syndrome,symptoms cyclic vomiting syndrome begin morning signs symptoms signs symptoms vomiting episode recurrent episodes vomiting start last similar length varying intervals generally normal nausea episodes intense nausea sweating episode starts abdominal pain diarrhea dizziness sensitivity light headache retching gagging
Cyclothymia (cyclothymic disorder),cyclothymia symptoms similar those bipolar i ii disorder they're severe when you cyclothymia you typically function your daily life well unpredictable nature your mood shifts significantly disrupt your life because you know how you're going
Ganglion cyst,these common features ganglion cysts shape size ganglion cysts round oval too small size cyst change getting larger joint movement
Kidney cysts,simple kidney cysts typically don't symptoms simple kidney cyst grows large enough symptoms dull pain back fever upper stomach pain
Pancreatic cysts,you symptoms pancreatic cysts when imaging tests abdomen done another reason when signs symptoms pancreatic cysts they typically persistent abdominal pain radiate your back nausea vomiting weight loss full soon you start eating
Pilonidal cyst,pilonidal cyst symptoms it's infected skin cyst swollen painful symptoms infected pilonidal cyst pit top buttocks crease pain inflamed swollen skin pus blood leaking opening skin odor draining pus
Spermatocele,spermatocele no signs symptoms might remain stable size large enough you might pain discomfort affected testicle heaviness testicle spermatocele fullness behind above testicle
Epidermoid cysts,epidermoid cyst signs symptoms small round bump skin face neck trunk tiny blackhead plugging central opening cyst thick smelly cheesy substance leaks cyst inflamed infected bump
Dandruff,dandruff signs symptoms skin flakes your scalp hair eyebrows beard mustache shoulders itchy scalp scaly crusty scalp infants cradle cap signs symptoms severe you're stressed they tend flare cold dry seasons
Ductal carcinoma in situ (DCIS),ductal carcinoma situ doesn't typically symptoms early breast cancer called dcis dcis symptoms breast lump bloody nipple discharge dcis mammogram tiny flecks calcium breast tissue these calcium deposits referred calcifications
De Quervain tenosynovitis,symptoms de quervain tenosynovitis pain base thumb swelling base thumb difficulty moving thumb wrist when doing involves grasping pinching sticking stop-and-go sensation thumb when moving condition goes too long treatment pain spread farther into thumb forearm moving thumb wrist pain worse
Dry eyes,signs symptoms affect eyes stinging burning scratchy sensation your eyes stringy mucus your eyes sensitivity light eye redness sensation having your eyes difficulty wearing contact lenses difficulty nighttime driving watery eyes body's response irritation dry eyes blurred vision eye fatigue
Deep vein thrombosis (DVT),deep vein thrombosis dvt symptoms deep vein thrombosis noticeable symptoms leg swelling leg pain cramping soreness starts calf change skin color leg red purple depending color your skin warmth affected leg
Delayed sleep phase,symptoms persistent they last least months years symptoms being able fall asleep typical bedtime known insomnia trouble waking up morning go work school trouble staying alert
Lewy body dementia,lewy dementia symptoms visual hallucinations aren't there known hallucinations might symptoms lewy dementia symptom regularly lewy dementia might shapes animals aren't there hallucinations involving sounds smells touch possible movement disorders signs parkinson's disease known parkinsonian signs these symptoms slowed movement rigid muscles tremor shuffling walk fall cognitive problems lewy dementia might thinking problems similar those alzheimer's disease they confusion poor attention visual-spatial problems memory loss trouble sleep lewy dementia rapid eye movement rem sleep behavior disorder disorder physically act out their dreams asleep withremsleep behavior disorder punch kick yell scream sleeping varying attention episodes drowsiness long periods staring into space long naps disorganized speech possible apathy loss motivation
Depersonalization-derealization disorder,symptoms begin middle late teenage years early adulthood depersonalization-derealization disorder rare older
Teen depression,consider these options you're having suicidal thoughts call your mental professional seek help your primary reach out friend loved contact minister spiritual leader else your faith community loved friend danger attempting suicide attempt sure stays call 911 your local emergency number immediately you safely nearest hospital emergency room ignore comments concerns suicide action help
Dermatitis,dermatitis tends symptoms itchiness painful dry cracked scaly skin typical white skin rash swollen skin varies color depending skin color blisters perhaps oozing crusting dandruff thickened skin small raised bumps typical brown black skin
Neurodermatitis,symptoms neurodermatitis itchy scaly skin patch patches open sores bleed thick leathery skin discolored wrinkled genital skin raised rough patches inflamed darker rest skin condition involves areas reached scratching scalp neck wrists forearms ankles vulva scrotum anus itchiness intense come go nonstop you scratch your skin out habit sleeping
Dermatofibrosarcoma protuberans,symptoms dermatofibrosarcoma protuberans lump lumps skin pimples scars birthmarks lump lumps skin hard touch rubberlike patch skin firm touch lumps typically arms legs trunk they rarely head neck
Dermatographia (Dermatographism),symptoms dermatographia raised inflamed lines where you scratched welts friction swelling itching symptoms few minutes skin being rubbed scratched they tend go 30 minutes rarely skin symptoms slowly lasts several hours days condition itself last months years
Desmoid tumors,desmoid tumor symptoms differ based where tumors desmoid tumors happen abdomen arms legs they anywhere general signs symptoms mass swelling pain loss function affected cramping nausea when desmoid tumors abdomen
Desmoplastic small round cell tumors,desmoplastic small round cell tumor symptoms vary depending where cancer begins begins abdomen signs symptoms desmoplastic small round cell tumors abdomen swelling abdomen abdominal pain constipation difficulty urinating
Deviated septum,deviated septums no symptoms you might know you deviated septum deviated septum blockage hard breathe might worse colds allergies nasal passages swell narrow surface nasal septum might dry raise risk nosebleeds deviated septum swelling tissues nose reasons noisy breathing sleep sleep certain ease breathing nose night nasal passage narrowed
Type 1 diabetes in children,signs symptoms 1 diabetes quickly increased thirst frequent urination possibly bed-wetting toilet-trained unintentional weight loss fatigue irritability behavior changes fruity-smelling breath
Type 2 diabetes in children,2 diabetes gradually there no noticeable symptoms disorder diagnosed routine check-up increased thirst frequent urination increased hunger fatigue blurry vision darkened areas skin neck armpits groin unintended weight loss common 2 diabetes 1 diabetes frequent infections
Diabetic coma,symptoms high blood sugar low blood sugar diabetic coma your blood sugar level too high you your blood sugar too low you especially those who've diabetes long condition known hypoglycemia unawareness means they don't warning symptoms signal drop blood sugar you symptoms high low blood sugar test your blood sugar right based test follow your diabetes treatment you don't start better quickly you start worse medical right increased thirst frequent urination blurred vision tiredness weakness headache nausea vomiting shortness breath stomach pain fruity breath odor dry mouth shakiness tiredness drowsiness weakness sweating hunger tingling your skin dizziness lightheadedness headache difficulty speaking blurry vision confusion loss consciousness
Diabetic hypoglycemia,diabetic hypoglycemia isn't treated symptoms low blood sugar worse these symptoms severe hypoglycemia symptoms differ symptoms differ person's blood sugar low don't symptoms they notice it's possible no symptoms hypoglycemia important check your blood sugar regularly keep track how you when your blood sugar low confusion unusual behavior being able complete routine tasks clumsiness loss coordination trouble speaking slurred speech blurry tunnel vision being able eat drink muscle weakness drowsiness uncontrolled shaking called convulsions seizures loss consciousness coma death rarely
Diabetic nephropathy (kidney disease),early stages diabetic nephropathy there might symptoms later stages symptoms swelling feet ankles hands eyes foamy urine confusion difficulty thinking shortness breath loss appetite nausea vomiting itching tiredness weakness
Diabetic neuropathy,there four main types diabetic neuropathy you neuropathy symptoms depend diabetic neuropathy you nerves affected symptoms slowly you notice wrong lot nerve damage happened neuropathy called distal symmetric peripheral neuropathy it's common diabetic neuropathy affects feet legs followed hands arms symptoms worse night they neuropathy called focal neuropathy damages single specific nerve nerve face torso arm leg s possible mononeuropathy affect single nerves parts mononeuropathy loss called numbness ability pain temperature changes tingling burning sharp pains cramps muscle weakness being sensitive touch bedsheet's weight painful serious foot problems ulcers infections bone joint damage lack usual warning symptoms let you know when blood sugar levels low called hypoglycemia unawareness fast-beating heart rest bladder bowel problems slow stomach emptying called gastroparesis upset stomach vomiting fullness loss appetite trouble swallowing changes eyes adjust light dark sweating usual serious pain buttock hip thigh weak shrinking thigh muscles trouble rising sitting position pain chest walls stomach trouble focusing images object called double vision being able move face called paralysis numbness tingling hand fingers weakness hand dropping pain shin foot weakness hard lift front foot condition known foot drop pain front thigh
Diabetic retinopathy,you might symptoms early stages diabetic retinopathy condition progresses you might contact your eye right your vision changes suddenly blurry spotty hazy spots dark strings floating your vision floaters blurred vision fluctuating vision dark empty areas your vision vision loss
Traveler's diarrhea,traveler's diarrhea begin suddenly your trip shortly you return home improve 1 2 days treatment recover completely you multiple episodes traveler's diarrhea trip common symptoms traveler's diarrhea suddenly passing looser watery stools urgent need pass stool stomach cramps nausea vomiting fever
Dysphagia,symptoms associated dysphagia pain swallowing being able swallow food stuck throat chest behind breastbone drooling hoarseness food coming back up called regurgitation frequent heartburn food stomach acid backing up into throat weight loss coughing gagging when swallowing
DiGeorge syndrome (22q11.2 deletion syndrome),symptoms digeorge syndrome vary based what systems affected severity problems symptoms clear birth others later infancy young symptoms digeorge syndrome heart issues problems structure heart vessels heart murmur bluish skin because poor circulation blood known cyanosis frequent infections distinctive facial features underdeveloped chin ears wide-set eyes hooded eyes enlarged nose tip asymmetric crying facies when muscles mouth don't fully causing mouth droop when crying face balanced rest gap roof mouth known cleft palate problems palate hard feeding failure gain weight stomach problems hearing loss poor muscle tone kidney problems poor vision eye problems low levels calcium blood scoliosis symptoms delayed growth delayed development delays rolling sitting up infant milestones delayed speech development nasal-sounding speech learning delays disabilities behavioral problems conditions symptoms 22q11 2 deletion syndrome it's important right diagnosis quickly your symptoms above healthcare professionals suspect 22q11 2 deletion syndrome birth severe heart problem cleft palate signs typical 22q11 2 deletion syndrome clear birth tests likely done your leaves hospital well-baby visits illnesses conditions typical 22q11 2 deletion syndrome clear your child's healthcare professional issues regularly scheduled well-baby visits annual checkups
Dislocated shoulder,dislocated shoulder symptoms visibly deformed out-of-place shoulder swelling bruising intense pain inability move joint shoulder dislocation numbness weakness tingling injury neck down arm muscles shoulder might spasm increase pain
Dissociative disorders,symptoms depend dissociative disorder sense being separated yourself your emotions thinking you distorted real blurred sense your own identity severe stress problems relationships work important areas life being able cope well emotional work-related stress memory loss called amnesia certain periods events personal information american psychiatric association defines major dissociative disorders depersonalization derealization disorder dissociative amnesia dissociative identity disorder
Double uterus,who double vagina double uterus menstrual bleeding isn't stopped tampon happen when tampon placed vagina blood flows uterus vagina
Double-outlet right ventricle,symptoms double-outlet right ventricle pale gray blue lips tongue fingernails depending skin color these changes harder easier rapid breathing problems feeding growth weight gain you think your baby symptoms heart condition appointment checkup right
Dressler syndrome,symptoms dressler syndrome likely start weeks few months heart attack surgery injury chest symptoms chest pain worse deep breaths fever shortness breath
Drug allergy,symptoms serious drug allergy happen hour taking medicine reactions particularly rashes happen hours days weeks later drug allergy symptoms skin rash hives itching fever swelling shortness breath wheezing runny nose itchy watery eyes
Dumping syndrome,signs symptoms dumping syndrome generally minutes eating especially meal rich table sugar sucrose fruit sugar fructose they late dumping syndrome starts 1 3 hours you eat high-sugar meal signs symptoms because you eat your releases large amounts insulin absorb sugars entering your small intestine low blood sugar signs symptoms late dumping syndrome early late signs symptoms dumping syndrome years surgery bloated too full eating nausea vomiting abdominal cramps diarrhea flushing dizziness lightheadedness rapid heart rate sweating flushing dizziness lightheadedness weakness rapid heart rate
Dural arteriovenous fistulas,dural arteriovenous fistulas davfs symptoms when symptoms they characterized benign aggressive aggressivedavfhas more-serious symptoms aggressivedavfsymptomscan bleeding brain known intracerebral hemorrhage bleeding brain sudden headache symptoms based location size hemorrhage aggressive symptoms nonhemorrhagic neurological deficits nhnds seizures changes mental abilities these symptoms gradually days weeks symptoms typically related brain affected aggressive symptoms sudden headache trouble walking falls seizures speech language issues facial pain dementia slowed movement stiffness tremor known parkinsonism trouble coordination burning prickling sensations weakness lack interest known apathy failure thrive otherdavfsymptomscan hearing issues hearing symptoms hear rhythmic sound ear heartbeat known pulsatile tinnitus symptoms trouble vision vision changes eye bulge swelling eye lining paralysis muscle eye
Dwarfism,symptoms short stature vary greatly range dwarfism conditions
Dyshidrosis,dyshidrosis symptoms painful itchy fluid-filled blisters sides fingers palms hands bottoms feet blisters small width standard pencil they grouped clusters tapioca severe disease small blisters merge larger blisters skin affected dyshidrosis painful itchy few weeks blisters dry flake off dyshidrosis tends come back regularly months years
Painful intercourse (dyspareunia),you painful intercourse you might pain penetration putting tampon deep pain thrusting burning pain aching pain
Dystonia,dystonia affects ways muscle spasms might begin single your leg neck arm focal dystonia begins age 21 starts neck arm face tends remain single spread neighboring specific action writing hand noticeable areas affected neck when neck muscles involved it's called cervical dystonia contractions head twist turn head pull forward backward cervical dystonia pain eyelids when muscles controlling eye blinks involved it's called blepharospasm rapid blinking muscle spasms your eyes hard muscle spasms aren't painful they might increase bright light reading watching tv interacting they might increase stress eyes might dry gritty sensitive light jaw tongue when muscles jaw tongue affected it's called oromandibular dystonia slurred speech drooling trouble chewing swallowing dystonia painful cervical dystonia blepharospasm hand forearm types dystonia only doing activity writing playing musical instrument these known writer's dystonia musician's dystonia symptoms don't happen when arm rest
E. coli,diarrhea range mild watery severe bloody stomach cramping pain tenderness nausea vomiting
Ear infection (middle ear),symptoms ear infection come fast ear infection symptoms common common symptoms ear infections ear pain tugging ear trouble sleeping crying usual fussiness trouble hearing replying sounds loss balance fever fluid coming ear torn ear drum headache loss appetite fluid coming ear torn ear drum trouble hearing
Ruptured eardrum (perforated eardrum),signs symptoms ruptured eardrum ear pain subside quickly mucuslike pus-filled bloody drainage ear hearing loss ringing ear tinnitus spinning sensation vertigo nausea vomiting vertigo
Premature ventricular contractions (PVCs),fluttering pounding jumping skipped beats missed beats increased awareness heartbeat
Erectile dysfunction,having trouble getting erection common erectile dysfunction symptoms ongoing worse they might trouble getting erection trouble keeping erection
Edema,symptoms edema swelling puffiness tissue right skin especially legs arms stretched shiny skin swelling belly called abdomen it's bigger usual leg heaviness
Ehrlichiosis and anaplasmosis,signs symptoms ehrlichiosis anaplasmosis generally they severe ehrlichiosis symptoms ehrlichiosis anaplasmosis vary widely moderate fever chills headache muscles aches pains general being unwell joint pain nausea vomiting diarrhea loss appetite additional signs symptoms associated ehrlichiosis rarely anaplasmosis confusion changes mental state rash infected symptoms
Pulmonary embolism,pulmonary embolism symptoms vary greatly depending how your lung involved size clots you underlying lung heart disease common symptoms shortness breath symptom suddenly trouble catching your breath happens when resting worse physical activity chest pain you you're having heart attack pain sharp when you breathe deeply pain stop you being able deep breath you when you cough bend lean symptoms pulmonary embolism cough bloody blood-streaked mucus rapid irregular heartbeat lightheadedness dizziness fever leg pain swelling back lower leg clammy discolored skin called cyanosis
Embryonal tumors,symptoms embryonal tumor headaches nausea vomiting tired usual double vision difficulty balance seizures
Emphysema,you emphysema years noticing symptoms they begin gradually shortness breath especially physical activity main symptom emphysema wheezing whistling squeaking sound when you breathe out coughing chest tightness heaviness tired weight loss ankle swelling happen condition worse you start avoiding activities you short breath symptoms don't problem they keep you doing daily tasks emphysema eventually trouble breathing you're resting
End-stage renal disease,early chronic kidney disease you might no signs symptoms chronic kidney disease progresses end-stage renal disease signs symptoms might nausea vomiting loss appetite fatigue weakness changes how you urinate chest pain fluid builds up lining heart shortness breath fluid builds up lungs swelling feet ankles headaches difficulty sleeping decreased mental sharpness muscle twitches cramps persistent itching metallic taste signs symptoms kidney disease nonspecific meaning they illnesses because your kidneys up lost function signs symptoms might irreversible damage
Uterine polyps,signs symptoms uterine polyps only light bleeding spotting others symptom-free vaginal bleeding menopause bleeding periods frequent unpredictable periods whose lengths heaviness vary heavy periods infertility
Enlarged breasts in men (gynecomastia),gynecomastia symptoms pain especially teenagers swollen breast tissue tender breasts sensitive nipples when they rub clothes
Enlarged spleen (splenomegaly),enlarged spleen typically no signs symptoms pain fullness left upper belly spread left shoulder low red blood cells anemia frequent infections bleeding easily
Goiter,signs symptoms depend thyroid function changes how quickly goiter grows obstructs breathing signs symptoms hypothyroidism signs symptoms hyperthyroidism hyperthyroidism might fatigue increased sensitivity cold increased sleepiness dry skin constipation muscle weakness problems memory concentration weight loss rapid heartbeat tachycardia increased sensitivity heat tremors irritability nervousness muscle weakness frequent bowel movements changes menstrual patterns sleep difficulty increased appetite rapid growth height changes behavior difficulty swallowing cough hoarseness snoring
Ependymoma,ependymoma signs symptoms depend where happens tumor brain spinal cord symptoms ependymoma brain blurry vision confusion headaches irritability nausea seizures vomiting symptoms ependymoma spinal cord bowel changes loss balance pain neck back trouble walking weakness legs
Frontal lobe seizures,frontal lobe seizures last 30 seconds recovery immediate symptoms frontal lobe seizures might head eye movement responding others having trouble speaking repetitive movements these rocking bicycle pedaling pelvic thrusting
Epithelioid sarcoma,epithelioid sarcoma symptoms small firm growth skin called nodule nodule isn't painful tender there nodule nodule forms sore skin won't heal nodules epithelioid sarcoma grow fingers hands forearms they grow knee lower leg
Parvovirus infection,parvovirus infections likely painful swollen stiff joints joint symptoms common these symptoms last 1 3 weeks joints tend affected hands wrists knees ankles feet
Esophageal spasms,symptoms esophageal spasms squeezing pain chest pain intense might mistaken heart pain heartburn object stuck throat return food liquids back up esophagus called regurgitation
Esophageal varices,esophageal varices don't symptoms they bleed symptoms bleeding esophageal varices vomiting large amounts blood black tarry bloody stools lightheadedness blood loss loss consciousness severe cases healthcare professional might suspect esophageal varices signs liver disease been diagnosed liver cirrhosis yellow coloration your skin eyes known jaundice easy bleeding bruising fluid buildup your belly called ascites uh-sahy-teez
Esthesioneuroblastoma,esthesioneuroblastoma symptoms loss sense smell frequent nosebleeds difficulty breathing nose cancer grows might eye pain loss vision ear pain headaches
Hirsutism,when high androgen levels hirsutism signs might process called virilization signs virilization might deepening voice balding acne decreased breast size increased muscle mass enlargement clitoris
Heavy menstrual bleeding,symptoms heavy menstrual bleeding soaking sanitary pads tampons hour several hours row needing double sanitary protection control your menstrual flow getting up night change sanitary pads tampons bleeding passing blood clots larger quarter limiting daily activities heavy menstrual flow tired fatigued short breath blood loss
Exercise headaches,these headaches these headaches described throbbing affect sides head cases vomiting loss consciousness double vision neck stiffness
Eyestrain,eyestrain symptoms sore tired burning itching eyes watery dry eyes blurred double vision headache sore neck shoulders back increased sensitivity light called photophobia difficulty concentrating you cannot keep your eyes open
Factitious disorder,factitious disorder symptoms involve trying ill making themselves ill hurting themselves they fake symptoms symptoms worse they pretend they can't certain because their symptoms they deceive others condition work hard hide their lies hard know their symptoms serious mental condition condition continue lies benefit reward when faced evidence doesn't support their claims factitious disorder symptoms clever convincing medical mental problems deep knowledge medical terms diseases vague symptoms symptoms aren't consistent conditions worse no clear reason seeking treatment healthcare professionals hospitals fake name wanting healthcare professionals talk family friends healthcare professionals staying hospital lot desire frequent testing risky surgeries procedures surgical scars evidence procedures having few visitors when hospital arguing healthcare professionals staff
Factor V Leiden,factor v leiden mutation itself symptoms factor v leiden risk blood clots leg lungs indication you disorder development abnormal blood clot clots no damage disappear their own others life-threatening symptoms blood clot depend what your affected
Familial adenomatous polyposis,main sign fap hundreds thousands polyps growing your colon rectum starting your mid-teens polyps nearly 100 percent certain into colon cancer rectal cancer you're your 40s
Febrile seizure,having febrile seizure shakes loses consciousness stiff twitch having febrile seizure febrile seizures 24 hours onset fever sign ill fever higher 100 4 f 38 0 c lose consciousness shake jerk arms legs common lasts few seconds 15 minutes simple febrile seizures recur 24-hour period specific lasts longer 15 minutes 24 hours confined your child's
Female infertility,main symptom infertility inability pregnant menstrual cycle that's too long 35 days too short 21 days irregular absent mean you're ovulating there might no signs symptoms
Fetal macrosomia,fetal macrosomia difficult detect diagnose pregnancy signs symptoms amount amniotic fluid reflects your baby's urine output larger baby produces urine conditions baby larger might increase his her urine output fundal height distance pubic bone top uterus measured centimeters 24 weeks pregnancy fundal height matches number weeks you've been pregnant
Fibroadenoma,fibroadenoma solid breast lump no pain round distinct smooth borders easily moved firm rubbery fibroadenoma grows slowly average size 1 inch 2 5 centimeters fibroadenoma bigger tender soreness few days your period large fibroadenoma hurt when you touch breast lump no pain you single fibroadenoma fibroadenoma they breasts fibroadenomas shrink fibroadenomas adolescents shrink months few years they then disappear fibroadenomas change shape fibroadenomas bigger pregnancy they might shrink menopause
Fibromuscular dysplasia,symptoms fibromuscular dysplasia depend artery arteries affected don't symptoms arteries kidneys affected common symptoms problems how kidneys work arteries affected supply blood brain symptoms might headache pulsing ringing sound your ears called tinnitus dizziness sudden neck pain stroke transient ischemic attack
Pulmonary fibrosis,symptoms pulmonary fibrosis shortness breath dry cough weight loss that's intended aching muscles joints widening rounding tips fingers toes called clubbing how fast pulmonary fibrosis worsens how severe symptoms vary greatly ill quickly severe disease others moderate symptoms worsen slowly months years
Gas and gas pains,signs symptoms gas gas pains burping normal particularly right meal pass gas up 20 times having gas inconvenient embarrassing burping passing gas rarely themselves sign medical problem burping passing gas pain cramps knotted your abdomen observable increase size your abdomen distention
Influenza (flu),viruses flu spread high levels certain times northern southern hemispheres these called flu seasons north america flu season runs october symptoms flu sore throat runny stuffy nose common you these symptoms illness cold colds tend start slowly flu tends come quickly days you come contact virus cold miserable you worse flu common flu symptoms fever cough headache muscle aches tired sweating chills these symptoms up generally being fussy irritable likely ear pain sick stomach vomit diarrhea flu cases eye pain watery eyes light hurts their eyes
H1N1 flu (swine flu),symptoms flu h1n1 commonly called swine flu similar those flu viruses symptoms start quickly fever aching muscles chills sweats cough sore throat runny stuffy nose watery red eyes eye pain aches headache tiredness weakness diarrhea sick stomach vomiting common
Pericardial effusion,pericardial effusion noticeable signs symptoms particularly fluid increased slowly pericardial effusion signs symptoms they might shortness breath difficulty breathing dyspnea discomfort when breathing lying down chest pain behind breastbone left chest chest fullness lightheadedness faint swelling abdomen legs
Focal segmental glomerulosclerosis (FSGS),symptoms focal segmental glomerulosclerosis fsgs might swelling called edema legs ankles eyes parts weight gain fluid buildup foamy urine protein buildup called proteinuria
Stress fractures,you might barely notice pain stress fracture tends worse you activity puts stress cracked bone tender starts certain spot better rest you might swelling painful
Functional dyspepsia,symptoms functional dyspepsia early fullness when eating fullness called satiety stomach pain happens unrelated meals goes when eating
Nail fungus,symptoms nail fungus nail nails thickened discolored brittle crumbly ragged misshapen separated nail bed smelly nail fungus affect fingernails it's common toenails
Galactorrhea,symptoms linked galactorrhea milky nipple discharge that's constant comes goes nipple discharge milk duct nipple discharge leaks its own when breast touched nipple discharge breasts irregular no menstrual periods headaches trouble vision
Gastrointestinal stromal tumor (GIST),gastrointestinal stromal tumor symptoms growth belly belly pain fatigue nausea vomiting full you eat only small amount food dark-colored stools bleeding digestive system
Glioblastoma,signs symptoms glioblastoma headache particularly hurts morning nausea vomiting confusion decline brain function problems thinking understanding information memory loss personality changes irritability vision changes blurred vision double vision loss peripheral vision speech difficulties trouble balance coordination muscle weakness face arms legs reduced sensation touch seizures especially who hasn't seizures
Gender dysphoria,gender dysphoria might start childhood continue into teen years adulthood periods they don't notice gender dysphoria feelings come go gender dysphoria when puberty starts others later life
Genital herpes,infected withhsvdon't know they they no symptoms mild symptoms pain itching genitals small bumps blisters genitals anus mouth painful ulcers when blisters rupture ooze bleed scabs ulcers heal painful urination discharge urethra tube releases urine discharge vagina outbreak you commonly flu-like symptoms fever headache aches swollen lymph nodes groin
Geographic atrophy,geographic atrophy notice changes vision start slowly worse geographic atrophy starts center retina slowly moves inward grows you lose central vision blurred blind spots keep decent central vision early geographic atrophy spreads vision lost vision loss severe hard drive read watch tv household chores geographic atrophy keep their vision known peripheral vision
Giardia infection (giardiasis),watery foul-smelling diarrhea alternate soft greasy stools fatigue stomach cramps bloating gas nausea weight loss
Glioma,glioma symptoms depend location glioma symptoms depend glioma its size how quickly it's growing common signs symptoms gliomas headache particularly hurts morning nausea vomiting confusion decline brain function problems thinking understanding information memory loss personality changes irritability vision problems blurred vision double vision loss peripheral vision speech difficulties seizures especially who hasn't seizures
Golfer's elbow,golfer's elbow characterized stiffness your elbow stiff making fist might hurt weakness you weakness your hands wrists numbness tingling these sensations might radiate into fingers ring little fingers pain golfer's elbow come suddenly gradually pain might worsen certain movements swinging golf club
Graves' disease,common symptoms graves disease nervous irritable having slight tremor hands fingers being sensitive heat increase sweating warm moist skin losing weight wanting eat having enlarged thyroid gland called goiter having changes menstrual cycles having bowel movements having bulging eyes condition called thyroid eye disease graves ophthalmopathy being tired having thick discolored skin mostly shins tops feet called graves dermopathy having fast irregular heartbeat called palpitations sleeping well
Group B strep disease,babies born carrying group b strep healthy few who infected group b strep labor ill infections bacteria life-threatening symptoms might carry group b strep their no symptoms bacteria carried bowel vagina rectum bladder throat group b strep urinary tract infection more-serious infections symptoms infections group b strep urinary tract infection blood infection bacteria called bacteremia pneumonia skin soft-tissue infection bone joint infection fever low temperature trouble feeding sluggishness limpness weak muscle tone trouble breathing irritable behavior jittery movements seizures rash jaundice strong persistent urge urinate burning sensation pain when urinating passing frequent small amounts urine urine red bright pink cola colored sign blood urine pelvic pain fever chills confusion lack alertness fever chills cough shortness breath chest pain when you breathe cough swelling warmth skin color change infection pain infection sores pus drainage fever chills swelling warmth change skin color infection pain infection stiffness no ability limb joint
Growing pains,growing pains strike late afternoon early evening disappear morning pain awakens middle night consult your child's you're concerned your child's leg pain pain persistent morning severe enough interfere your child's usual activities located joints associated injury accompanied signs symptoms swelling redness tenderness fever limping rash loss appetite weakness fatigue
Helicobacter pylori (H. pylori) infection,h pylori infections don't symptoms when symptoms they come swelling stomach lining peptic ulcer symptoms ache burning pain stomach called abdomen stomach pain worse when stomach empty upset stomach loss appetite frequent burping bloating weight loss
Trichotillomania (hair-pulling disorder),symptoms trichotillomania repeatedly pulling out your hair it's automatic purpose your scalp eyebrows eyelashes areas sites vary increasing sense tension pulling out your hair when you try resist pulling sense pleasure relief hair pulled out hair loss that's easy shortened hair thinned bald areas scalp areas your thin missing eyelashes eyebrows pulling out specific types hair taking steps hair pulled out pulling out hair certain patterns biting chewing eating pulled-out hair playing pulled-out hair rubbing your lips face repeatedly trying stop pulling out your hair trying success trichotillomania picking your skin biting your nails chewing your lips pulling out hairs pets dolls materials clothes blankets sign pulling out hair done private episode last few seconds hours you try hide your condition others trichotillomania pulling out hair focused you pull out your hair purpose relieve tension distress you specific rituals pulling out hair right hair you play bite eat pulled-out hairs you automatic focused hair pulling depending situation your mood certain positions activities trigger pulling out hair resting your head your hand brushing your hair trichotillomania related emotions positive feelings you pulling out hair satisfying provides relief you continue pull out your hair keep these positive feelings
Hammertoe and mallet toe,hammertoe mallet toe bend usual joints toes symptoms pain wearing shoes trouble moving affected toe toe stiffness change skin color swelling growth corns calluses affected toe rubbing shoes ground
Hamstring injury,hamstring injury typically sudden sharp pain back thigh there might popping tearing sensation swelling tenderness few hours there might bruising change skin color back leg muscle weakness able put weight injured leg
Hand-foot-and-mouth disease,hand-foot-and-mouth disease symptoms only them they hand-foot-and-mouth disease rash painful blister-like lesions palms hands rashes differently depending skin tone hand-foot-and-mouth disease rash painful blister-like lesions soles feet rashes differently depending skin tone usual period initial infection symptoms incubation period 3 6 days fever sore throat they lose their appetites don't well days fever begins painful sores front mouth throat rash hands feet buttocks sores back mouth throat suggest related viral illness called herpangina features herpangina sudden high fever instances seizure rare cases sores hands feet parts fever sore throat sick painful blister-like lesions tongue gums cheeks rash palms soles buttocks rash itchy blisters depending skin tone rash red white gray only tiny bumps fussiness infants toddlers loss appetite
Hangovers,hangover symptoms begin when your blood alcohol content drops zero symptoms full effect morning night heavy drinking depending what how alcohol you drank you notice thirst dry mouth headache muscle aches nausea vomiting belly pain poor sleep getting enough sleep low tolerance light sound dizziness sense room spinning shakiness sweating problems concentrating thinking clearly fast heartbeat
Hantavirus pulmonary syndrome,infection hantavirus start illness 2 3 weeks hantavirus pulmonary syndrome advances distinct stages stage last several days common signs symptoms disease progresses damaged lung tissues fluid build-up lungs serious problems lung heart function signs symptoms fever chills muscle aches pain headache nausea stomach pain vomiting diarrhea cough difficulty breathing irregular heart rate
Hepatocellular carcinoma,hepatocellular carcinoma might symptoms noticed right liver cancer happens liver scarring called cirrhosis hepatitis b hepatitis c infection these cancer symptoms might cirrhosis symptoms signs symptoms hepatocellular carcinoma they losing weight trying loss appetite upper abdominal pain growth abdomen yellowing skin whites eyes known jaundice appointment healthcare professional you symptoms worry you
Head and neck cancers,head neck cancer symptoms sore mouth pain when swallowing symptoms might depend where cancer starts head neck cancers cancers start mouth throat sinuses salivary glands symptoms mouth throat lump neck you might able skin typically lump isn't painful sore mouth won't heal coughing up blood hoarse voice loose teeth pain when swallowing symptoms nose nosebleeds stuffy blocked nose doesn't go symptoms sore skin face neck lips doesn't heal ear pain losing weight trying
Sex headaches,types headaches combined sudden severe throbbing headache moment orgasm
Sinus headaches,signs symptoms sinus headaches migraines headaches sinusitis easy confuse because signs symptoms types headaches overlap sinusitis isn't associated nausea vomiting aggravated noise bright light common features migraines sinusitis headaches sinus disease last days longer migraines commonly last hours worsening pain you bend forward lie down stuffy nose fatigue achy upper teeth viral upper respiratory infection cold thick discolored nasal mucus associated decreased sense smell pain cheek upper teeth
Spinal headaches,spinal headache symptoms dull throbbing pain varies intensity mild severe pain typically worse when you sit up stand decreases goes when you lie down spinal headaches accompanied dizziness ringing ears tinnitus hearing loss blurred double vision sensitivity light photophobia nausea vomiting neck pain stiffness seizures
Thunderclap headaches,thunderclap headaches dramatic symptoms pain strikes suddenly severely peaks 60 seconds accompanied nausea vomiting thunderclap headaches might accompanied signs symptoms altered mental state fever seizures these signs symptoms might reflect underlying
Headaches in children,differences symptoms difficult pinpoint headache especially younger who can't describe symptoms general certain symptoms tend fall frequently into certain categories migraines infants migraines who's too young tell you what's wrong cry rock back forth indicate severe pain tension-type headaches younger withdraw regular play want sleep tension-type headaches last 30 minutes several days cluster headaches uncommon 10 years age they doctors phrase chronic daily headache cdh migraines tension-type headaches 15 days cdh infection minor head injury taking pain medications nonprescription pain medications too pulsating throbbing head pain pain worsens activity nausea vomiting abdominal pain mild moderate nonpulsating pain sides head pain that's worsened physical activity headache that's accompanied nausea vomiting case migraine groups five episodes ranging headache eight involve sharp stabbing pain head lasts hours accompanied teariness congestion runny nose restlessness agitation
Heart valve disease,heart valve disease might symptoms years when symptoms they might shortness breath rest when active lying down fatigue chest pain dizziness swelling ankles feet fainting irregular heartbeat
Heat exhaustion,cool moist skin goose bumps when heat heavy sweating faintness dizziness fatigue weak rapid pulse muscle cramps nausea headache
Heat rash,heat rash skin folds where clothing rubs skin infants rash mainly neck shoulders chest up armpits elbow creases groin eccrine sweat glands open directly onto skin's surface apocrine glands open into hair follicle surface skin apocrine glands areas hair follicles scalp armpits groin eccrine sweat glands involved hyperhidrosis apocrine glands play role well types heat rash classified according how deep sweat trapped skin signs symptoms vary mildest heat rash called miliaria crystallina when opening sweat duct surface skin sweat pore blocked marked tiny clear fluid-filled bumps break easily deeper skin called miliaria rubra called prickly heat signs symptoms small inflamed blister-like bumps itching prickling affected occasionally inflamed bumps miliaria rubra fill pus called miliaria pustulosa common heat rash called miliaria profunda affects deepest layer skin dermis firm painful itchy inflamed bumps goose bumps break open
Heatstroke,heatstroke symptoms high temperature core temperature 104 degrees fahrenheit 40 degrees celsius higher main sign heatstroke change mental state behavior confusion agitation slurred speech irritability delirium seizures coma heatstroke nausea vomiting heatstroke sick their stomach vomit flushed skin skin turn red temperature increases rapid breathing breathing rapid shallow headache heatstroke head throb
Liver hemangioma,cases liver hemangioma doesn't signs symptoms liver your largest internal organ size football it's located mainly upper right portion your abdomen beneath diaphragm above your stomach when liver hemangioma signs symptoms they these symptoms nonspecific instances else you liver hemangioma these tend asymptomatic pain upper right abdomen full eating only small amount food early satiety nausea vomiting
Intracranial hematoma,symptoms intracranial hematoma right head injury they weeks longer there period symptoms head injury called lucid interval headache worse vomiting drowsiness gradual loss consciousness dizziness confusion pupils sizes slurred speech loss movement known paralysis opposite head injury blood fills brain narrow space brain skull symptoms sleepy sluggish seizures loss consciousness sleepy sluggish seizures loss consciousness
Hemifacial spasm,common symptoms hemifacial spasm jerking muscles face face controllable painless these muscle movements called contractions start eyelid then they might move cheek mouth face hemifacial spasms come go months years they almost hemifacial spasms sides face twitching doesn't sides face
Hemolytic uremic syndrome (HUS),symptoms hemolytic uremic syndrome vary depending symptoms hemolytic uremic syndrome e coli bacteria might diarrhea bloody pain cramping bloating stomach fever vomiting forms hemolytic uremic syndrome damage blood vessels damage red blood cells break down called anemia condition blood clots blood vessels turn damage kidneys symptoms these changes loss color skin easy bruising unusual bleeding bleeding nose mouth decreased urinating blood urine swelling called edema legs feet ankles swelling face hands feet entire confusion seizures stroke
Hepatic encephalopathy,common symptoms hepatic encephalopathy trouble focusing paying attention knowing where you sleepiness trouble sleeping night memory loss confusion flapping tremor limbs personality mood changes slurred speech movement falling into acoma symptoms hepatic encephalopathy lower quality life ability function having chronic conditions hepatic encephalopathy daily life harder
Toxic hepatitis,yellowing skin whites eyes jaundice itching abdominal pain upper right portion abdomen fatigue loss appetite nausea vomiting rash fever weight loss dark tea-colored urine
Wilson's disease,wilson's disease birth symptoms don't copper levels build up brain liver eyes another organ symptoms vary based parts your disease affects these symptoms tiredness loss appetite yellowing skin whites eye known jaundice golden-brown copper-colored rings irises eyes known kayser-fleischer rings fluid buildup legs stomach problems speech swallowing physical coordination having hard falling asleep staying asleep uncontrolled movements muscle stiffness
Hepatopulmonary syndrome,there no symptoms hepatopulmonary syndrome there symptoms they shortness breath that's worse when sitting standing better when lying down clubbing fingers fingertips spread out rounder usual broken blood vessels skin called spider angioma bluish tinge lips skin white black brown lips tongue might light gray change color called cyanosis
Lynch syndrome,colon cancer age 50 cancer lining uterus endometrial cancer age 50 personal history cancer family history cancer age 50 family history cancers lynch syndrome stomach cancer ovarian cancer pancreatic cancer kidney cancer bladder cancer ureteral cancer brain cancer small bowel cancer gallbladder cancer bile duct cancer skin cancer
Inguinal hernia,inguinal hernias newborns weakness abdominal wall that's birth hernia visible only when infant crying coughing straining bowel movement he she might irritable appetite usual older hernia likely apparent when coughs strains bowel movement stands long period
High blood pressure (hypertension),headaches shortness breath nosebleeds
High blood pressure in children,your these signs symptoms seek emergency medical headaches seizures vomiting chest pains fast pounding fluttering heartbeat palpitations shortness breath
Secondary hypertension,no obesity
High cholesterol,high cholesterol no symptoms blood test only out you
Priapism,priapism symptoms vary depending priapism main types priapism ischemic priapism nonischemic priapism signs symptoms stuttering priapism called recurrent intermittent priapism ischemic priapism uncommon condition stuttering priapism describes repetitive episodes prolonged erections episodes ischemic priapism males who inherited disorder characterized abnormally shaped red blood cells sickle cell disease sickle cells block blood vessels penis cases condition starts off unwanted painful erections short duration might progress more-frequent more-prolonged erections stuttering priapism begin childhood signs symptoms rigid penile shaft tip penis glans soft progressively worsening penile pain erect fully rigid penile shaft painful
Hilar cholangiocarcinoma,hilar cholangiocarcinoma symptoms symptoms typically when cancer grows blocks bile ducts signs symptoms hilar cholangiocarcinoma yellowing skin whites eyes known jaundice itching dark urine clay-colored stools stomach pain fatigue weight loss appointment healthcare professional you symptoms worry you
Hip labral tear,hip labral tears no signs symptoms pain hip groin worse long periods standing sitting walking athletic activity locking clicking catching sensation hip joint stiffness limited range motion hip joint
Stye (sty),signs symptoms stye another condition inflammation eyelid chalazion chalazion when there's blockage small oil glands eyelashes unlike stye chalazion isn't painful tends prominent inner eyelid treatment conditions similar red lump your eyelid similar boil pimple eyelid pain eyelid swelling tearing
Hot flashes,hot flash might involve how hot flashes happen differs who hot flashes them daily hot flash last 1 5 minutes average who hot flashes them seven years them 10 years hot flashes mild they strong they disrupt daily activities they happen night nighttime hot flashes called night sweats wake you sleep long-term sleep loss sudden warmth spreading chest neck face skin flushed blotchy fast heartbeat sweating mostly upper chilled hot flash lets up
HPV infection,body's immune system defeats hpv infection creates warts types hpv produce warts genital warts penis scrotum anus genital warts rarely discomfort pain they might itch tender common warts grow hands fingers they're small grainy bumps rough touch they're flesh-colored white pink tan plantar warts virus warts hands fingers because where they they painful flat warts smaller smoother warts they generally face legs they're common teens hpv infections almost cervical cancers cervical cancer 20 years longer hpv infection hpv infection early cervical cancer typically don't symptoms getting vaccinated hpv infection best protect cervical cancer ages 30 65 advised keep having pap tests years pap test five years who hpv dna test 65 stop testing they've regular pap tests row hpv dna pap tests no irregular common warts rough raised bumps they hands fingers common warts simply attractive they painful it's easy them injured bleed plantar warts hard grainy growths heels balls feet these warts might discomfort flat warts flat-topped slightly raised sores called lesions they anywhere them face tend them beard tend them legs
Hydronephrosis,hydronephrosis no symptoms when symptoms happen they pain back travel lower stomach groin pain urination need urinate urgent happens upset stomach vomiting fever failure thrive infants weight loss loss appetite blood urine
Hypereosinophilic syndrome,early symptoms ofhesmay fatigue cough breathlessness muscle pain rash fever
Hyperglycemia in diabetes,fruity-smelling breath dry mouth abdominal pain nausea vomiting shortness breath confusion loss consciousness
Hyperoxaluria and oxalosis,sharp pain back lower stomach groin urine pink red brown blood frequent urge pee called urination pain when peeing being able urinate peeing only small amount chills fever upset stomach vomiting
Hyperthyroidism (overactive thyroid),hyperthyroidism problems hard diagnose symptoms losing weight trying fast heartbeat condition called tachycardia irregular heartbeat called arrhythmia pounding heart called heart palpitations increased hunger tremor small trembling hands fingers sweating changes menstrual cycles increased sensitivity heat changes bowel patterns especially more-frequent bowel movements enlarged thyroid gland called goiter swelling base neck tiredness muscle weakness sleep problems warm moist skin thinning skin fine brittle hair
Hypoglycemia,blood sugar levels too low hypoglycemia signs symptoms pale shakiness sweating headache hunger nausea irregular fast heartbeat fatigue difficulty concentrating dizziness lightheadedness tingling numbness lips tongue cheek hypoglycemia worsens signs symptoms confusion unusual behavior inability complete routine tasks loss coordination slurred speech blurry vision tunnel vision nightmares asleep severe hypoglycemia unresponsiveness loss consciousness seizures
Hyponatremia,hyponatremia signs symptoms nausea vomiting headache confusion loss energy drowsiness fatigue restlessness irritability muscle weakness spasms cramps seizures coma
Low blood pressure (hypotension),blurred fading vision dizzy lightheaded feelings fainting fatigue trouble concentrating upset stomach confusion especially older cold clammy skin decrease skin color called pallor rapid shallow breathing weak rapid pulse
Hypothyroidism (underactive thyroid),symptoms hypothyroidism depend severity condition problems tend slowly several years you barely notice symptoms hypothyroidism fatigue weight gain you think they getting older your metabolism continues slow you more-obvious problems hypothyroidism symptoms tiredness sensitivity cold constipation dry skin weight gain puffy face hoarse voice coarse hair skin muscle weakness muscle aches tenderness stiffness menstrual cycles heavier usual irregular thinning hair slowed heart rate called bradycardia memory problems
Inflammatory bowel disease (IBD),inflammatory bowel disease symptoms vary depending how bad inflammation where symptoms range mild severe withibdis likely periods active illness followed periods remission symptoms common crohn's disease ulcerative colitis diarrhea belly pain cramping blood stool loss appetite losing weight trying
Pseudotumor cerebri (idiopathic intracranial hypertension),pseudotumor cerebri signs symptoms might symptoms resolved recur months years later severe headaches might originate behind your eyes whooshing sound your head pulses your heartbeat nausea vomiting dizziness vision loss brief episodes blindness lasting few seconds affecting eyes difficulty double vision light flashes neck shoulder back pain
Immune thrombocytopenia (ITP),immune thrombocytopenia might symptoms when symptoms they might easy bruising bleeding into skin tiny reddish-purple spots known petechiae spots mostly up lower legs they rash bleeding into skin that's larger petechiae known purpura bleeding gums nose blood urine stools really heavy menstrual flow
Toe walking in children,toe walking walking toes ball foot
Impacted wisdom teeth,impacted wisdom teeth don't symptoms when impacted wisdom tooth infected damages teeth dental problems you these symptoms red swollen gums tender bleeding gums jaw pain swelling jaw bad breath unpleasant taste your mouth hard opening your mouth
Prediabetes,prediabetes doesn't signs symptoms possible sign prediabetes darkened skin certain parts affected areas neck armpits groin classic signs symptoms suggest you've moved prediabetes 2 diabetes increased thirst frequent urination increased hunger fatigue blurred vision numbness tingling feet hands frequent infections slow-healing sores unintended weight loss
Inherited metabolic disorders,there hundreds inherited metabolic disorders genes symptoms depend disorder how severe familial hypercholesterolemia gaucher disease hunter syndrome krabbe disease maple syrup urine disease metachromatic leukodystrophy mitochondrial encephalopathy lactic acidosis stroke-like episodes melas niemann-pick phenylketonuria pku porphyria tay-sachs disease wilson's disease
Infant jaundice,yellowing skin whites eyes main sign infant jaundice fourth birth
Infectious diseases,infectious disease its own specific symptoms illnesses share general symptoms fever faster heartbeat diarrhea tiredness called fatigue muscle aches coughing night sweats
Male infertility,main sign male infertility inability conceive there no obvious signs symptoms cases underlying problem inherited disorder hormonal imbalance dilated veins testicle condition blocks passage sperm signs symptoms signs symptoms you notice pain swelling lump testicle recurrent respiratory infections inability smell abnormal breast growth gynecomastia decreased facial hair signs chromosomal hormonal abnormality lower normal sperm count fewer 15 million sperm milliliter semen total sperm count 39 million ejaculate
Pancreatitis,symptoms pancreatitis vary acute pancreatitis symptoms pain upper belly pain upper belly radiates back tenderness when touching belly fever rapid pulse upset stomach vomiting chronic pancreatitis signs symptoms pain upper belly belly pain worse eating losing weight trying oily smelly stools chronic pancreatitis only symptoms they complications disease
Ingrown hair,signs symptoms ingrown hair small bumps blisters filled pus small bumps darker surrounding skin hyperpigmentation burning stinging itching hair shape loop because tip hair curves grows into skin
Ingrown toenails,ingrown toenail symptoms pain tenderness inflamed skin swelling infection
Intermittent explosive disorder,impulsive attacks angry outbursts suddenly little no warning they last 30 minutes these bouts separated weeks months verbal outbursts severe physical attacks these times you irritable impulsive aggressive angry aggressive bout you rage irritability tension energy racing thoughts tingling shaking fast pounding heartbeat chest tightness temper tantrums long angry speeches heated arguments shouting slapping shoving pushing physical fights property damage threatening harming animals you sense relief tiredness outburst later you guilty sorry your actions embarrassed
Intestinal ischemia,symptoms intestinal ischemia come quickly when happens condition called acute intestinal ischemia when symptoms come slowly condition called chronic intestinal ischemia symptoms differ certain symptoms suggest diagnosis intestinal ischemia
Whipple's disease,cases signs symptoms whipple disease brain nervous system neurological signs symptoms symptoms tend slowly years disease symptoms joint pain weight loss years digestive symptoms diagnosis fever cough enlarged lymph nodes chest pain difficulty walking vision problems lack control eye movements confusion memory loss
Intracranial venous malformations,intracranial venous malformations symptoms they accident brain imaging tests another condition intracranial venous malformation symptoms they headaches seizures dizziness nausea vomiting muscle weakness paralysis loss coordination vision troubles difficulty speaking memory problems
Intussusception,sign intussusception healthy infant sudden loud crying belly pain infants who belly pain pull their knees their chests when they cry pain intussusception comes goes 15 20 minutes these painful episodes last longer happen passes symptoms intussusception symptoms infants no obvious pain don't pass blood lump belly older pain no symptoms intussusception rare because symptoms disorder overlap symptoms disorders it's challenging identify common symptom belly pain comes goes nausea vomiting symptoms weeks seeking medical attention vomiting lump belly weakness lack energy diarrhea
Invasive lobular carcinoma,invasive lobular carcinoma no signs symptoms grows larger invasive lobular carcinoma fullness swelling breast newly inverted nipple thickening breast invasive lobular carcinoma likely firm distinct breast lump types breast cancer
Iritis,iritis eyes suddenly last up months signs symptoms iritis eye redness discomfort achiness affected eye sensitivity light decreased vision iritis suddenly hours days known acute iritis symptoms gradually last longer months indicate chronic iritis
Itchy skin (pruritus),itchy skin affect small areas scalp arm leg cover whole itchy skin noticeable changes skin come inflamed skin scratch marks bumps spots blisters dry cracked skin leathery scaly patches itchiness lasts long intense you rub scratch itchier itches you scratch breaking itch-scratch cycle difficult
Jet lag disorder,sleep problems being able fall asleep waking up early daytime fatigue being able focus function your usual level stomach problems constipation diarrhea general being well mood changes
Patellar tendinitis,pain symptom patellar tendinitis your kneecap where tendon attaches your shinbone tibia initially you only pain your knee you begin physical activity intense workout pain worsens starts interfere playing your sport eventually pain interferes daily movements climbing stairs rising chair patellar tendinitis pain patellar tendon runs kneecap patella shinbone tibia
Keloid scar,keloid scar months years inciting injury signs symptoms might thick irregular scarring typically earlobes shoulders cheeks middle chest shiny hairless lumpy raised skin varied size depending size original injury when keloid stops growing reddish brown purplish depending your skin color itchiness discomfort
Keratitis,symptoms keratitis eye redness eye pain difficulty opening your eyelid because pain irritation blurred vision decreased vision sensitivity light called photophobia your eye
Kidney infection,symptoms kidney infection might fever chills burning pain when urinating having urinate strong lasting urge urinate back groin pain nausea vomiting pus blood urine urine smells bad cloudy belly pain
Lobular carcinoma in situ (LCIS),lobular carcinoma situ doesn't signs symptoms it's procedure remove breast tissue breast biopsy lumpectomy lobular carcinoma situ called lcis isn't cancer it's sign you increased risk breast cancer future
Left ventricular hypertrophy,left ventricular hypertrophy gradually symptoms especially early stages condition left ventricular hypertrophy itself doesn't symptoms symptoms strain heart worsens they shortness breath especially lying down swelling legs sensation rapid fluttering pounding heartbeats called palpitations fainting lightheadedness
Legionnaires' disease,legionnaires disease starts 2 10 days contact legionella bacteria begins symptoms symptoms start legionnaires disease mostly involves lungs infections sores parts heart mild legionnaires disease called pontiac fever fever chills headache muscle aches pontiac fever doesn't infect lungs symptoms clear headache muscle aches fever 104 fahrenheit 40 celsius higher cough might bring up mucus blood shortness breath chest pain nausea vomiting diarrhea confusion mental changes
Leiomyosarcoma,leiomyosarcoma might signs symptoms cancer grows symptoms pain weight loss nausea vomiting lump swelling skin
Lice,common signs symptoms lice intense itchingon scalp genital tickling feelingfrom movement hair presence lice your scalp clothing pubic hair lice size sesame seed slightly larger lice eggs nits hair shafts nits difficult because they're tiny they're easiest spot ears nape neck nits mistaken dandruff unlike dandruff they can't easily brushed out hair sores scalp neck shoulders scratching small red bumps infected bacteria bite marks especially waist groin upper thighs pubic
Oral lichen planus,symptoms oral lichen planus affect mucous membranes mouth
Lichen sclerosus,it's possible mild lichen sclerosus no symptoms when symptoms they affect skin genital anal areas back shoulders upper arms breasts affected symptoms smooth discolored skin patches blotchy wrinkled skin patches itching soreness burning easy bruising fragile skin changes tube urine flow urethra bleeding blistering open sores
Lip cancer,signs symptoms lip cancer flat slightly raised whitish discoloration lip sore your lip won't heal tingling pain numbness lips skin mouth
Lipoma,lipomas anywhere they they commonly areas neck shoulders back abdomen arms thighs lipomas typically 1 2 inches 3 5 centimeters diameter they grow
Liposarcoma,liposarcoma symptoms depend where cancer forms liposarcoma arms legs growing lump tissue skin pain swelling weakness affected limb liposarcoma belly called abdomen abdominal pain abdominal swelling full sooner when eating constipation blood stool
Listeria infection,pregnancy listeria infection likely only mild symptoms pregnant effects baby devastating baby die womb life-threatening infection few days birth symptoms listeria infection newborn subtle they little interest feeding crankiness high temperature called fever low temperature called hypothermia vomiting trouble breathing little no energy low birth weight
Morphea,signs symptoms morphea vary depending stage condition they reddish purplish oval patches skin belly chest back patches gradually lighter whitish center linear patches especially arms legs possibly forehead scalp gradual change affected skin firm thickened dry shiny morphea affects skin underlying tissue bone condition generally lasts several years then improves times disappears itself leave scars areas darkened discolored skin possible morphea recur
Long QT syndrome,common symptom long qt syndrome fainting called syncope fainting spell fromlqtscan happen little no warning fainting happens long qt syndrome might symptoms blurred vision lightheadedness pounding heartbeats called palpitations weakness long qt syndrome seizures babies born withlqtsmay symptoms weeks months life symptoms start later childhood born withlqtshave symptoms age 40 symptoms long qt syndrome happen sleep long qt syndrome lqts notice symptoms disorder heart test called electrocardiogram discovered when genetic tests done reasons
Low sperm count,main symptom low sperm count being able start pregnancy there might no clear symptoms underlying condition low sperm count symptoms depending condition these symptoms pain swelling lump testicle facial hair symptoms chromosome hormone condition
Male hypogonadism,hypogonadism begin fetal development puberty adulthood signs symptoms depend when condition male hypogonadism delay puberty incomplete lack normal development hamper males hypogonadism alter certain masculine physical characteristics impair normal reproductive function early signs symptoms might hypogonadism severe hypogonadism mental emotional changes testosterone decreases symptoms similar those menopause these your you symptoms male hypogonadism hypogonadism important step getting appropriate treatment female genitals genitals clearly male clearly female ambiguous genitals underdeveloped male genitals development muscle mass voice deepening growth facial hair growth penis testicles development breast tissue gynecomastia decreased energy erectile dysfunction infertility decrease hair growth face decrease muscle mass development breast tissue gynecomastia loss bone mass osteoporosis difficulty concentrating hot flashes
Lupus,fatigue fever joint pain stiffness swelling butterfly-shaped rash face covers cheeks bridge nose rashes elsewhere shortness breath chest pain dry eyes headaches confusion memory loss
Lymphedema,lymphedema signs symptoms swelling arm leg fingers toes heaviness tightness restricted range motion recurring infections hardening thickening skin fibrosis signs symptoms range mild severe lymphedema cancer treatment months years treatment
Lymphoma,signs symptoms lymphoma fever night sweats fatigue itchy skin painless swelling lymph nodes belly neck armpits groin pain chest abdomen bones losing weight trying
Undifferentiated pleomorphic sarcoma,undifferentiated pleomorphic sarcoma symptoms depend where cancer happens arms legs happen anywhere signs symptoms growing lump swelling grows large there pain tingling numbness arm leg there swelling hand foot affected limb abdomen there pain loss appetite constipation fever weight loss
Malignant peripheral nerve sheath tumors,malignant peripheral nerve sheath tumors symptoms worse quickly symptoms pain where tumor growing weakness when trying move tumor growing lump tissue skin
Mammary duct ectasia,bacterial infection called mastitis affected milk duct causing breast tenderness inflammation nipple areola fever signs symptoms mammary duct ectasia improve their own nipple that's been turned inward inverted isn't medical concern nipple recently turned inward checked dirty white greenish black nipple discharge nipples tenderness nipple surrounding breast tissue areola redness nipple areolar tissue breast lump thickening clogged duct nipple that's turned inward inverted
MCAD deficiency,mcaddeficiency identified babies young rare cases disorder diagnosed adulthood symptoms vary mcad deficiency they vomiting low no energy weak low blood sugar sudden severe episode called metabolic crisis going too long eating missing meals common infections high fever ongoing stomach digestive problems vomiting diarrhea
Myelodysplastic syndromes,myelodysplastic syndromes might fatigue shortness breath unusual paleness pallor low red blood cell count anemia easy unusual bruising bleeding low blood platelet count thrombocytopenia pinpoint-sized red spots beneath skin bleeding petechiae frequent infections low white blood cell count leukopenia
Medication overuse headaches,symptoms medication overuse headaches depend headache being treated medicine medication overuse headaches tend happen nearly these headaches wake sleep improve pain medicine then return medicine wears off symptoms nausea restlessness trouble concentrating memory problems irritability
Medulloblastoma,dizziness double vision headaches nausea poor coordination tiredness unsteady walk vomiting
"Multiple endocrine neoplasia, type 2 (MEN 2)",symptoms ofmen 2depend tumor who havemen 2bhave unique appearance they bumps tongue lips eyes they tend tall thin long arms legs symptoms related tumor medullary thyroid cancer lumps throat neck trouble breathing swallowing hoarseness diarrhea parathyroid hyperplasia known primary hyperparathyroidism muscle joint pain constipation fatigue memory problems kidney stones adrenal tumors known pheochromocytoma rapid heart rate headaches
Meniere's disease,symptoms meniere's disease regular dizzy spells you spinning starts stops suddenly vertigo start warning lasts 20 minutes 12 hours 24 hours serious vertigo nausea hearing loss hearing loss meniere's disease come go especially early hearing loss long-lasting better ringing ear ringing ear called tinnitus tinnitus term when you ringing buzzing roaring whistling hissing sound your ear vertigo attack symptoms better might go how vertigo attacks you lessen
Meningioma,symptoms meningioma begin slowly they hard notice symptoms depend where brain meningioma rarely spine symptoms changes vision double blurring headaches worse morning hearing loss ringing ears memory loss loss smell seizures weakness arms legs trouble speaking
Torn meniscus,you've torn your meniscus might 24 hours pain swelling begin especially tear small you might signs symptoms your knee popping sensation swelling stiffness pain especially when twisting rotating your knee difficulty straightening your knee fully your knee locked when you try move your knee giving
Mental illness,signs symptoms mental illness vary depending disorder circumstances factors mental illness symptoms affect emotions thoughts behaviors sad down confused thinking reduced ability concentrate withdrawal friends activities significant tiredness low energy problems sleeping detachment reality delusions paranoia hallucinations inability cope daily problems stress trouble understanding relating situations problems alcohol drug major changes eating habits suicidal thinking
Metastatic prostate cancer,metastatic prostate cancer doesn't symptoms cancer grows advanced symptoms might happen signs symptoms metastatic prostate cancer tired having urinate pain when urinating losing weight trying nausea vomiting pain might back hips pelvic bone pain tends worse
Metatarsalgia,symptoms metatarsalgia ball foot ball sole behind toes numbness tingling toes having pebble shoe affected foot
MRSA infection,staph skin infections includingmrsa generally start swollen painful red bumps might pimples spider bites affected might infections start out small red bumps quickly turn into deep painful abscesses these red bumps quickly turn into deep painful boils abscesses require surgical draining bacteria remain confined skin they burrow deep into causing potentially life-threatening infections bones joints surgical wounds bloodstream heart valves lungs warm touch full pus drainage accompanied fever
Myxofibrosarcoma,painless lump arm leg lump grows slowly
Monoclonal gammopathy of undetermined significance (MGUS),monoclonal gammopathy don't symptoms rash nerve problems numbness tingling blood test another condition might findmgusby chance
Migraine with aura,who migraine aura temporary visual signs symptoms tend start center field vision spread outward these might blind spots scotomas outlined simple geometric designs zigzag lines gradually float your field vision shimmering spots stars changes vision vision loss flashes light
Mild cognitive impairment (MCI),mci symptoms forgetting losing their train thought plot book movie trouble conversation trouble right word language hard decisions finish task follow instructions trouble their places they know well poor judgment changes noticed family friends short temper aggression lack interest
Mitral valve disease,mitral valve disease might symptoms years symptoms mitral valve disease fatigue irregular heartbeat shortness breath
Mitral valve stenosis,mitral valve stenosis worsens slowly you symptoms you mild ones years symptoms mitral valve stenosis age childhood symptoms mitral valve stenosis shortness breath especially activity when you lie down fatigue especially increased activity swollen feet legs pounding skipping irregular heartbeats called arrhythmias dizziness fainting fluid buildup lungs chest discomfort chest pain coughing up blood
Mixed connective tissue disease,increased fatigue mild fever response cold stress your fingers toes might turn white then purplish blue warming fingers toes turn red swelling fingers joints inflamed swollen deformed similar what rheumatoid arthritis red reddish brown patches knuckles
Myelin oligodendrocyte glycoprotein antibody-associated disease (MOGAD),mogadcauses painful swelling known inflammation symptoms attacks inflammation optic nerve called optic neuritis condition vision loss eyes eye pain worse eye movement optic neuritis mistaken headache inflammation brain spinal cord called acute disseminated encephalomyelitis known adem condition vision loss weakness unsteady walk confusion ademis common withmogad symptoms ofmogadmay seizures headaches fever
Molar pregnancy,molar pregnancy regular pregnancy molar pregnancies symptoms dark brown bright red bleeding vagina months severe nausea vomiting grapelike cysts pass vagina because improved ways detecting molar pregnancy trimester months symptoms molar pregnancy might uterus growing quickly being too large early pregnancy ovarian cysts overactive thyroid known hyperthyroidism
Moles,typical mole small brown spot moles come colors shapes sizes shape moles oval round size moles typically 1 4 inch 6 mm diameter size pencil eraser those birth known congenital nevi bigger cover face trunk limb moles grow anywhere your your scalp armpits well your nails your fingers toes 10 45 moles these moles age 40 moles change fade they darker larger hormonal changes teenage years pregnant
Mood disorders,symptoms depend mood disorder affect your ability focus function loss pleasure activities affect your energy level quality life you worthless guilty affect how you eat sleep raise thoughts suicide bipolar disorders feature top world superior others you're strong harm change you racing thoughts increased energy disrupted sleep decreased need sleep continued high energy level impulsive behaviors you easily distracted likely think suicide plan suicide depending seriousness symptoms types mood disorders symptoms
Morton's neuroma,you're standing pebble your shoe burning pain ball your foot radiate into your toes tingling numbness your toes addition these symptoms you removing your shoe rubbing your foot helps relieve pain
Mosquito bites,mosquito bites happen parts aren't covered clothing symptoms itchy inflamed bump forms few minutes bite painful spot hive forms 24 hours bite small blisters severe reaction mosquito bites large swollen inflamed hive-like rash swelling eyes likely severe reaction
Movement disorders,symptoms movement disorders vary depending disorder common types movement disorders their symptoms dystonia condition involves involuntary muscle contractions twisting irregular postures movements dystonia affect entire common dystonia cervical dystonia cervical dystonia neck muscles contract involuntarily head pull tilt forward backward head shake known tremor functional movement disorder condition movement disorders it's disease nervous system known neurological disease functional movement disorders treatable myoclonus myoclonus quick jerks muscle parkinson's disease parkinson's disease tremors muscle stiffness slow decreased movement loss balance symptoms related movement these symptoms reduced sense smell constipation acting out dreams decline thinking skills parkinson's disease slowly worse parkinsonism parkinsonism general term slowness movement stiffness tremors loss balance there parkinson's disease certain dopamine blocking medicines common degenerative disorders multiple system atrophy progressive supranuclear palsy stroke repeated head trauma parkinsonism progressive supranuclear palsy rare nervous system condition problems walking balance eye movements resemble parkinson's disease distinct condition tardive dyskinesia neurological condition long-term certain medicines treat mental conditions called neuroleptic medicines common gastrointestinal medicine called metoclopramide reglan gimoti tardive dyskinesia involuntary movements symptoms grimacing eye blinking movements tourette syndrome neurological condition associated repetitive movements vocal sounds called tics tics voluntary movements they're involuntary urge movements tourette syndrome starts childhood teenage years tremor movement disorder rhythmic shaking parts hands head parts common essential tremor
Multiple system atrophy,multiple system atrophy msa symptoms affect parts symptoms start adulthood 50s 60s there types msa parkinsonian cerebellar depends symptoms when diagnosed
"Multiple endocrine neoplasia, type 1 (MEN 1)",symptoms multiple endocrine neoplasia 1 1 tiredness bone pain broken bones kidney stones ulcers stomach intestines stomach pain muscle weakness frequent diarrhea symptoms release too hormones
Muscle strains,signs symptoms vary depending severity injury pain tenderness redness bruising limited motion muscle spasms swelling muscle weakness
Myoclonus,myoclonus describe their symptoms jerks shakes spasms sudden brief involuntary shock-like variable intensity frequency severe enough interfere eating speaking walking
Myofascial pain syndrome,symptoms myofascial pain syndrome deep aching pain muscle pain doesn't go worse tender knot muscle trouble sleeping pain general being well called malaise tiredness
Nasal and paranasal tumors,signs symptoms nasal paranasal tumors difficulty breathing nose frequent headaches loss sense smell nosebleeds discharge nose facial swelling pain watery eyes sore roof mouth vision problems lump neck difficulty opening mouth
Nephrogenic systemic fibrosis,swelling tightening skin reddened darkened patches skin thickening hardening skin typically arms legs almost face head skin woody orange-peel appearance burning itching severe sharp pains areas involvement rarely blisters ulcers involvement muscles organs muscle weakness limitation joint motion muscle tightening contractures arms hands legs feet bone pain particularly hip bones ribs reduced internal organ function heart lung diaphragm gastrointestinal tract liver yellow plaques white surface sclera eyes condition generally long term chronic improve few severe disability death
Postherpetic neuralgia,general symptoms postherpetic neuralgia limited skin where shingles outbreak happened that's commonly band trunk symptoms might pain lasts months longerafter shingles rash healed pain burning sharp jabbing deep aching being able stand light touch postherpetic neuralgia can't bear touch clothing affected skin itching loss postherpetic neuralgia itchy numbness
Schwannomatosis,schwannomatosis symptoms depend
Vasovagal syncope,change skin color lightheadedness tunnel vision your field vision narrows you only what's front you upset stomach warm cold clammy sweat blurred vision vasovagal syncope episode you notice jerky movements slow weak pulse dilated pupils recovery vasovagal episode generally begins minute you stand up too soon fainting 15 30 minutes you're risk fainting
Neuroendocrine tumors,general neuroendocrine tumor signs symptoms might pain growing tumor growing lump you skin unusually tired losing weight trying skin flushing diarrhea frequent urination increased thirst dizziness shakiness skin rash
Neurofibroma,neurofibroma might no symptoms symptoms they're mild when neurofibroma grows skin symptoms bump skin bump color your skin pink tan pain bleeding pain tingling numbness weakness change appearance when large neurofibroma face neurofibromas genetic condition known neurofibromatosis 1 nf1 nf1 neurofibromas number neurofibromas increases age
Neurofibromatosis type 1,neurofibromatosis 1 nf1 diagnosed childhood symptoms birth shortly afterward almost age 10 symptoms tend mild moderate they vary symptoms freckling armpits groin freckling ages 3 5 freckles smaller cafe au lait spots tend clusters skin folds tiny bumps iris eye known lisch nodules these nodules can't easily don't affect vision bone changes changes bone development low bone mineral density bones irregular nf1 curved spine known scoliosis bowed lower leg tumor nerve connects eye brain called optic pathway glioma tumor age 3 tumor rarely late childhood teenagers almost learning disabilities it's common nf1 trouble learning there specific learning disability trouble reading math attention-deficit hyperactivity disorder adhd speech delay common larger average head size nf1 tend larger average head size increased brain volume short stature who nf1 below average height
Sleep terrors (night terrors),sleep terrors differ nightmares nightmare bad dream who nightmare wakes up dream remember details who sleep terror remains asleep don't remember their sleep terrors morning recall dream they sleep terrors sleep terrors generally happen sleep rarely naps sleep terror sleepwalking sleep terror start screaming shouting crying sit up bed scared stare wide-eyed sweat breathe heavily racing pulse flushed face enlarged pupils kick thrash hard wake up confused awakened comforted soothed possibly out bed run house aggressive behavior blocked held back
Nightmare disorder,you're likely nightmare half your night nightmares rarely frequently several times night episodes generally brief they you awaken returning sleep difficult nightmare involve these features your dream vivid real upsetting becoming disturbing dream unfolds your dream storyline related threats safety survival disturbing themes your dream awakens you you sweaty pounding heartbeat bed you think clearly awakening recall details your dream your dream distress keeps you falling back sleep easily frequent occurrences problems concentration memory you can't stop thinking images your dreams daytime sleepiness fatigue low energy problems functioning work school social situations behavior problems related bedtime fear dark having nightmare disorder significant sleep disturbance distress parents caregivers frequently persist routinely disrupt sleep fear going sleep daytime behavior problems difficulty functioning
Nonallergic rhinitis,nonallergic rhinitis symptoms come go year-round your symptoms might nonallergic rhinitis doesn't itchy nose eyes throat symptom linked allergies hay fever stuffy runny nose sneezing mucus throat cough
Nonmelanoma skin cancer,nonmelanoma skin cancer symptoms change skin growth skin itching pain crusting bleeding skin spot sore won't heal keeps coming back
Norovirus infection,signs symptoms norovirus infection start suddenly norovirus infection no signs symptoms they're contagious spread virus others nausea vomiting stomach pain cramps watery loose diarrhea ill low-grade fever muscle pain
Overactive bladder,you overactive bladder you sudden urge urinate that's hard control lose urine meaning urgent need urinate called urgency incontinence urinate mean eight times 24 hours wake up night urinate called nocturia you toilet when you urge urinate having urinate night disrupt your life
Obsessive-compulsive disorder (OCD),obsessive-compulsive disorder obsessions compulsions it's possible only obsession symptoms only compulsion symptoms you know your obsessions compulsions reason they up great deal reduce your quality life your daily routines responsibilities
Obstructive sleep apnea,symptoms obstructive sleep apnea loud snoring observed episodes stopped breathing sleep waking night gasping choking awakening morning dry mouth sore throat morning headaches trouble focusing
Pediatric obstructive sleep apnea,sleep symptoms pediatric obstructive sleep apnea snoring pauses breathing restless sleep snorting gasping coughing choking mouth breathing nighttime sweating bed-wetting starts long period dry overnights infants young obstructive sleep apnea don't snore they might disturbed sleep sleep apnea might headaches morning breathe mouth trouble breathing nose trouble learning paying attention poorly school behavior issues acting hyper impulsive aggressive poor weight gain talk sleepy fall asleep school short car bus rides
Ocular rosacea,signs symptoms ocular rosacea precede skin symptoms rosacea later their own signs symptoms ocular rosacea red burning itchy watering eyes dry eyes grittiness having foreign eye eyes blurred vision sensitivity light photophobia dilated small blood vessels white eye visible when you mirror red swollen eyelids recurrent eye eyelid infections pink eye conjunctivitis blepharitis sties chalazia severity ocular rosacea symptoms doesn't match severity skin symptoms
Oppositional defiant disorder (ODD),it's difficult recognize difference strong-willed emotional oppositional defiant disorder it's common oppositional behavior certain stages development symptoms ofoddgenerally begin preschool years sometimesoddmay later almost early teen years oppositional defiant behaviors frequent ongoing they severe problems relationships social activities school work family angry irritable mood easily loses temper frequently touchy easily annoyed others angry resentful argumentative defiant behavior argues authority actively defies refuses follow requests rules annoys upsets purpose blames others their own mistakes misbehavior hurtful revengeful behavior says mean hateful when upset tries hurt feelings others seeks revenge called being vindictive severity oddcan mild moderate severe mild symptoms only setting only home school work peers moderate symptoms least settings severe symptoms settings symptoms only home problem behavior happen settings school social activities friends
Oligodendroglioma,signs symptoms oligodendroglioma balance problems changes behavior memory problems numbness problems speaking problems thinking clearly seizures
Orthostatic hypotension (postural hypotension),common symptom orthostatic hypotension lightheadedness dizziness when standing sitting lying down symptoms last few minutes orthostatic hypotension signs symptoms lightheadedness dizziness standing blurry vision weakness fainting syncope confusion
Osteochondritis dissecans,depending joint that's affected signs symptoms osteochondritis dissecans might pain common symptom osteochondritis dissecans might triggered physical activity walking up stairs climbing hill playing sports swelling tenderness skin your joint might swollen tender joint popping locking your joint might pop stick position loose fragment caught bones movement joint weakness you might your joint giving weakening decreased range motion you might unable straighten affected limb completely
Pulmonary atresia with intact ventricular septum,symptoms pulmonary atresia intact ventricular septum called pa ivs soon birth they blue gray skin changes harder easier depending baby's skin color fast breathing shortness breath tiredness poor feeding pulmonary atresia intact ventricular septum called pa ivs pregnancy soon birth your baby symptoms pa ivs you've left hospital call healthcare professional right
Peripheral artery disease (PAD),peripheral artery disease pad symptoms symptoms mild pad symptoms leg pain when walking muscle pain cramping arms legs calf painful cramping hips thighs calves walking climbing stairs activities pain when arms aching cramping when knitting writing coldness lower leg foot especially when compared leg numbness weakness no pulse weak pulse legs feet muscle pain peripheral artery disease wake you up sleep rest when lying down condition severe symptoms pad shiny skin legs skin color changes legs slow-growing toenails sores toes feet legs won't heal hair loss slower hair growth legs erectile dysfunction
Popliteal artery entrapment,tingling burning your calf numbness calf nearby vein called popliteal vein trapped calf muscle you heavy leg lower leg cramping night swelling calf changes skin color calf muscle blood clot lower leg called deep vein thrombosis symptoms typically affect young healthy age 40
Paget's disease of bone,who paget's disease bone no symptoms when symptoms common complaint bone pain because disease your generate bone faster normal rapid remodeling produces bone that's organized weaker normal bone bone pain deformities fractures disease might affect only areas your might widespread your signs symptoms depend affected your paget's disease bone pelvis hip pain overgrowth bone skull hearing loss headaches
Paget's disease of the breast,paget's disease breast affects your nipple skin areola surrounding it's easy mistake signs symptoms paget's disease breast skin irritation dermatitis another noncancerous benign skin condition possible signs symptoms paget's disease breast breast nipple changes sign breast cancer appointment your you notice unusual signs symptoms breast only disease typically starts nipple spread areola areas breast skin changes come go early respond topical treatment making your skin healing average signs symptoms several months diagnosis flaky scaly skin your nipple crusty oozing hardened skin resembling eczema nipple areola itching redness tingling burning sensation straw-colored bloody nipple discharge flattened turned-in inverted nipple lump breast thickening skin breast
Panic attacks and panic disorder,panic attacks typically begin suddenly warning they strike when you're driving car mall sound asleep middle business meeting you occasional panic attacks they frequently panic attacks variations symptoms peak minutes you fatigued worn out panic attack subsides panic attacks typically these signs symptoms sense impending doom danger fear loss control death rapid pounding heart rate sweating trembling shaking shortness breath tightness your throat chills hot flashes nausea abdominal cramping chest pain headache dizziness lightheadedness faintness numbness tingling sensation unreality detachment worst panic attacks intense fear you'll another you fear having panic attacks you avoid certain situations where they
Partial anomalous pulmonary venous return,symptoms partial anomalous pulmonary venous return papvr trouble breathing fatigue there no noticeable symptoms serious congenital heart defects diagnosed soon born you think your baby symptoms heart condition call your child's healthcare professional call your baby's healthcare professional baby trouble breathing symptoms ofpapvr
Paraganglioma,paraganglioma symptoms depend where tumor starts paragangliomas start head neck stomach pelvis symptoms paraganglioma head neck rhythmic pulsing whooshing sound ears called pulsatile tinnitus trouble swallowing hoarse voice hearing loss blurred vision dizziness when paragangliomas places symptoms likely hormones paraganglioma hormones called catecholamines play role how response stress they adrenaline known fight-or-flight hormone symptoms paragangliomas hormones feelings having fast-beating fluttering pounding heart sudden loss color face sweating headache uncontrolled shaking hands arms general weakness these symptoms come go paragangliomas don't symptoms they learn they these tumors when imaging tests done reasons happen spot tumors
Parkinson's disease,parkinson's disease symptoms early symptoms mild you notice them symptoms begin then affect sides symptoms worse parkinson's disease symptoms similar those disorders parkinson's symptoms tremor rhythmic shaking begins hands fingers tremor begins foot jaw you rub your thumb forefinger back forth known pill-rolling tremor your hand tremble when it's rest when you're stress you notice you shake when you're doing sort task moving rigid muscles you stiff muscles your your muscles tense painful your arm movements short jerky poor posture balance your posture stooped you fall balance problems loss automatic movements you able certain movements you typically thinking blinking smiling swinging your arms when you walk speech changes you speak softly quickly slur hesitate talking your speech flat monotone typical speech patterns writing changes you trouble writing your writing cramped small
Parotid tumors,signs symptoms parotid tumors lump swelling face might ear cheek trouble swallowing trouble opening mouth widely numbness face muscle weakness face pain face
Patellofemoral pain syndrome,patellofemoral pain syndrome dull aching pain front knee increase pain walking up down stairs kneeling squatting sitting bent knee long periods
Patent ductus arteriosus (PDA),patent ductus arteriosus symptoms pda depend size opening person's age smallpdamight symptoms don't notice symptoms adulthood largepdacan symptoms heart failure soon birth largepdafound infancy childhood might poor eating poor growth sweating crying eating constant fast breathing being out breath easy tiring rapid heart rate
Pseudobulbar affect,you think you pba talk your you neurological condition you might treated who diagnose pba helpful specialists neuropsychologists neurologists psychiatrists it's suspected cases pseudobulbar affect go unreported undiagnosed lack awareness condition
Polycystic ovary syndrome (PCOS),symptoms ofpcosoften start menstrual period symptoms later you periods symptoms ofpcosvary diagnosis ofpcosis when you least these polycystic ovaries your ovaries might bigger follicles containing immature eggs edge ovary ovaries might work they pcossigns symptoms typically severe obesity
Pediatric white blood cell disorders,symptoms depend white blood cell there too few too them symptoms might those infections conditions immune system attacks healthy tissues called autoimmune conditions allergies certain cancers
Pelvic organ prolapse,pelvic organ prolapse no symptoms when symptoms happen they might bulge tissue opening vagina lower back pain being able keep tampon urinary changes these might urinating urgent need urinate being able empty bladder having weak urine stream bowel changes emptying stool having put fingers vagina support bulge able pass stool called splinting weakness pelvic floor affects instance your pelvic organs prolapsed you're likely another pelvic organ prolapse
Pemphigus,pemphigus blisters skin mucous membranes blisters break easily leaving open sores sores infected ooze symptoms common types pemphigus follows pemphigus vulgaris begins blisters mouth then skin genital mucous membranes they're painful don't itch blisters mouth throat hard talk drink eat pemphigus foliaceus blisters chest back shoulders blisters itchy painful pemphigus foliaceus doesn't mouth blisters pemphigus distinct bullous pemphigoid another blistering skin condition affects older
Perimenopause,irregular periods ovulation unpredictable length periods longer shorter your flow light heavy you skip periods you persistent change seven days length your menstrual cycle you early perimenopause you space 60 days periods you're likely late perimenopause hot flashes sleep problems hot flashes common perimenopause intensity length frequency vary sleep problems hot flashes night sweats sleep unpredictable them vaginal bladder problems when estrogen levels diminish your vaginal tissues lose lubrication elasticity making intercourse painful low estrogen leave you vulnerable urinary vaginal infections loss tissue tone contribute urinary incontinence decreasing fertility ovulation irregular your ability conceive decreases long you're having periods pregnancy possible you wish avoid pregnancy birth control you've no periods 12 months loss bone declining estrogen levels you start lose bone quickly you replace increasing your risk osteoporosis disease fragile bones changing cholesterol levels declining estrogen levels unfavorable changes your blood cholesterol levels increase low-density lipoprotein ldl cholesterol bad cholesterol contributes increased risk heart disease high-density lipoprotein hdl cholesterol good cholesterol decreases they age increases risk heart disease
Peripheral nerve injuries,peripheral nerve injury symptoms range mild serious limiting your daily activities your symptoms depend nerve fibers damaged motor nerves these nerves regulate muscles your conscious control those walking talking holding objects damage these nerves muscle weakness painful cramps muscle twitching
Peripheral nerve tumors,symptoms peripheral nerve tumors vary depending where tumors located tissues affected they swelling lump skin pain tingling numbness weakness loss function affected dizziness loss balance
Persistent post-concussive symptoms (Post-concussion syndrome),persistent post-concussive symptoms they headaches dizziness fatigue irritability trouble falling asleep sleeping too poor concentration memory ringing ears blurry vision noise light sensitivity nausea vomiting neck pain headaches concussion migraines headaches might tension-type headaches related neck injury happened head injury
Whooping cough,you infected whooping cough 5 10 days symptoms start up weeks symptoms mild they those common cold they symptoms worse thick mucus builds up airways rapid coughing can't controlled cough last weeks months worse night intense coughing attacks mild illnesses don't whooping sound ongoing hacking cough only symptom whooping cough teens babies illness don't cough babies young might runny stuffy nose red watery eyes fever cough vomiting red blue face gag struggle breathe skin lips nails turn blue purple life-threatening pauses breathing called apnea
Sore throat,symptoms sore throat vary depending symptoms might infection sore throat symptoms might pain scratchy throat pain worse when swallowing talking trouble swallowing sore swollen glands neck jaw swollen red tonsils white patches pus tonsils hoarse muffled voice fever cough runny nose sneezing aches headache
Phenylketonuria (PKU),newborns withpkuinitially don't symptoms treatment babies signs ofpkuwithin few months signs symptoms untreatedpkucan mild severe musty odor breath skin urine too phenylalanine nervous system neurological problems seizures skin rashes eczema lighter skin hair eye color family members because phenylalanine can't transform into melanin pigment responsible hair skin tone unusually small head size microcephaly hyperactivity intellectual disability delayed development behavioral emotional social problems mental disorders
Sacral dimple,sacral dimple indentation pit skin lower back it's located above crease buttocks
Pinched nerve,pinched nerve symptoms numbness supplied nerve sharp aching burning pain radiate outward tingling pins needles muscle weakness affected foot hand fallen asleep symptoms related pinched nerve worse when you're sleeping
Pinworm infection,symptoms pinworm infection pinworms no symptoms itching anal vaginal insomnia irritability teeth grinding restlessness occasional stomach pain nausea
Pituitary tumors,pituitary tumors symptoms these tumors imaging test anmrior actscan done another reason they don't symptoms pituitary tumors don't need treatment
Placenta accreta,placenta accreta no signs symptoms pregnancy vaginal bleeding trimester might occasionally placenta accreta detected routine ultrasound
Placental abruption,placental abruption likely last trimester pregnancy especially last few weeks birth signs symptoms placental abruption abdominal pain back pain begin suddenly amount vaginal bleeding vary greatly doesn't necessarily indicate how placenta separated uterus it's possible blood trapped uterus severe placental abruption there might no visible bleeding vaginal bleeding there might abdominal pain back pain uterine tenderness rigidity uterine contractions coming right another
Plantar warts,plantar wart signs symptoms small rough growth bottom your foot base toes ball heel brown black skin growth lighter unaffected skin hard thickened skin callus spot skin where wart grown inward black pinpoints small clotted blood vessels commonly called wart seeds cluster growths sole foot mosaic warts growth interrupts normal lines ridges skin your foot pain tenderness when walking standing
Primary lateral sclerosis (PLS),symptoms primary lateral sclerosis years worse symptoms generally begin legs rarely plsbegins weakness tongue hands then weakness gradually moves down spinal cord legs symptoms vary symptoms stiffness weakness muscle spasms legs known spasticity rarely spasticity starts only leg moves arms hands tongue jaw slowed movement tripping being clumsy having trouble balance hand clumsiness hoarse voice well slowed slurred speech drooling trouble chewing swallowing frequent rapid intense shifts emotions rarely breathing problems bladder problems late disease
Pneumonia,signs symptoms pneumonia vary mild severe depending factors germ causing infection your age overall mild signs symptoms similar those cold flu they last longer signs symptoms pneumonia chest pain when you breathe cough confusion changes mental awareness age 65 older cough produce phlegm fatigue fever sweating shaking chills lower normal temperature older age 65 weak immune systems nausea vomiting diarrhea shortness breath newborns infants sign infection they vomit fever cough restless tired energy difficulty breathing eating your you difficulty breathing chest pain persistent fever 102 f 39 c higher persistent cough especially you're coughing up pus it's especially important these high-risk groups older age 65 younger age 2 signs symptoms underlying condition weakened immune system older heart failure chronic lung problems pneumonia quickly life-threatening condition
Pneumonitis,symptoms pneumonitis quickly slowly worsen times symptoms suddenly worse better symptoms vary greatly condition trouble breathing dry cough doesn't bring up mucus loss appetite fever joint muscle pain headache weight loss
POEMS syndrome,symptoms poems syndrome up its name symptoms weeks months they polyneuropathy numbness tingling weakness legs might affect hands involves trouble breathing polyneuropathy must poems diagnosis organomegaly enlarged spleen liver lymph nodes monoclonal protein protein atypical plasma cells bone marrow monoclonal protein goes into bloodstream must diagnosis poems syndrome monoclonal protein linked bones getting harder thicker skin changes involve having color usual skin there red spots harder black brown skin skin might thicker there might hair face legs symptoms poems syndrome name poems syndrome symptoms name poems syndrome polyneuropathy monoclonal protein symptoms poems syndrome spell out pest pest stands papilledema swelling back eyes thrombocytosis erythrocytosis these higher levels red cells platelets bloodstream
Poison ivy rash,signs symptoms poison ivy rash redness itching swelling blisters difficulty breathing you've inhaled smoke burning poison ivy severity rash depends amount urushiol your skin
Polymyositis,muscle weakness associated polymyositis involves muscles closest trunk those your hips thighs shoulders upper arms neck weakness affects left right sides your tends gradually worsen
Stomach polyps,stomach polyps don't symptoms stomach polyp enlarges open sores called ulcers its surface rarely polyp block opening your stomach your small intestine symptoms nausea blood your stool anemia
Posterior cortical atrophy,posterior cortical atrophy symptoms vary symptoms vary they tend gradually worse common symptoms having trouble reading spelling math driving getting dressed telling difference objects moving those judging how objects everyday objects tools identifying left right common symptoms confusion changes behavior personality memory problems later disease
Posterior vaginal prolapse (rectocele),small posterior vaginal prolapse rectocele might no symptoms you notice soft bulge tissue vagina might come opening vagina trouble having bowel movement rectum completely emptied bowel movement
Postpartum preeclampsia,signs symptoms postpartum preeclampsia typically symptoms preeclampsia prior delivery might severe headaches changes vision temporary loss vision blurred vision light sensitivity pain your upper belly ribs right nausea vomiting shortness breath decreased urination
Post-polio syndrome,post-polio syndrome only affects who polio common signs symptoms post-polio syndrome muscle joint weakness pain worse losing muscle tissue atrophy breathing swallowing problems sleep-related breathing disorders sleep apnea decreased tolerance cold temperatures
Post-traumatic stress disorder (PTSD),post-traumatic stress disorder symptoms start months traumatic event symptoms years event these symptoms last major problems social work situations how well you others they affect your ability your usual daily tasks generally ptsdsymptoms grouped into four types intrusive memories avoidance negative changes thinking mood changes physical emotional reactions symptoms vary vary
Post-vasectomy pain syndrome,having discomfort vasectomy common withpvpshave pain better procedure signs symptoms ofpvpsmay pain tenderness scrotum dull ache testicles pain tenderness site vasectomy swelling small c-shaped tube behind testicle where sperm stored epididymis
Pouchitis,symptoms pouchitis diarrhea belly pain joint pain cramps fever symptoms passing stool stool leakage night trouble controlling stool passage strong urge pass stool
Wolff-Parkinson-White (WPW) syndrome,heart rate number times heart beats minute fast heart rate called tachycardia tak-ih-kahr-dee-uh common symptom wolff-parkinson-white wpw syndrome heart rate greater 100 beats minute symptoms ofwpwsyndrome depend speed heartbeat underlying heart rhythm disorder withwpwsyndrome fast chaotic heart rhythm disorder called atrial fibrillation general symptoms ofwpwsyndrome rapid fluttering pounding heartbeats chest pain difficulty breathing dizziness lightheadedness fainting fatigue shortness breath
Premature birth,your baby mild symptoms premature birth more-serious problems signs being born too early small size head that's large compared features sharper rounded full-term baby's features lack cells store fat fine hair covers low temperature mainly right birth delivery room trouble breathing feeding problems
Premenstrual syndrome (PMS),physical pain emotional stress severe enough affect their daily lives symptom severity signs symptoms generally disappear four days start menstrual period small number premenstrual syndrome pms disabling symptoms pms called premenstrual dysphoric disorder pmdd joint muscle pain headache fatigue weight gain related fluid retention abdominal bloating breast tenderness acne flare-ups constipation diarrhea alcohol intolerance
Prescription drug abuse,signs symptoms prescription drug abuse depend specific drug because their mind-altering properties misused prescription drugs
Preterm labor,symptoms preterm labor regular frequent feelings belly tightening called contractions dull low backache mild belly cramps vaginal spotting light bleeding gush ongoing trickle fluid sac unborn baby called fetus breaks tears fluid vagina watery bloody filled mucus
Primary immunodeficiency,common signs primary immunodeficiency having infections frequent longer lasting harder treat infections typical immune system you infections healthy immune system likely wouldn't opportunistic infections signs symptoms differ depending primary immunodeficiency disorder they vary signs symptoms primary immunodeficiency frequent recurrent pneumonia bronchitis sinus infections ear infections meningitis skin infections inflammation infection internal organs blood disorders low platelet count anemia digestive problems cramping loss appetite nausea diarrhea delayed growth development autoimmune disorders lupus rheumatoid arthritis 1 diabetes
Prostatitis,symptoms prostatitis depend condition they pain burning when urinating called dysuria trouble urinating dribbling trouble starting stream urine keeping going urinating mostly night called nocturia urgent need urinate cloudy urine blood urine pain belly groin lower back pain scrotum rectum called perineum pain discomfort penis testicles painful ejaculation fever chills muscle aches flu-like symptoms acute bacterial prostatitis
Pseudogout,pseudogout commonly affects knees affects wrists ankles when pseudogout attack affected joints swollen warm severely painful
Pulmonary atresia with ventricular septal defect,symptoms pulmonary atresia ventricular septal defect called pa-vsd birth soon they blue gray skin change harder easier depending skin color fast breathing shortness breath tiredness poor feeding
Pulmonary valve disease,symptoms pulmonary valve disease depend specific valve condition how blood flow changed blocked babies born pulmonary valve disease symptoms noticed soon birth symptoms aren't later life general pulmonary valve disease symptoms chest pain shortness breath rest when active lying down fatigue fainting
Pulmonary valve stenosis,pulmonary valve stenosis symptoms whooshing sound called heart murmur heard stethoscope fatigue shortness breath especially activity chest pain fainting
Pyloric stenosis,symptoms pyloric stenosis 3 6 weeks birth pyloric stenosis rare babies older 3 months symptoms vomiting feeding baby vomit forcefully ejecting breast milk formula up several feet known projectile vomiting vomiting happens right feeding vomiting might mild worsen constant hunger babies who pyloric stenosis want eat soon vomiting stomach contractions wavelike ripples your baby's belly visible feeding vomiting sign stomach muscles trying move food out stomach dehydration baby signs low fluids called dehydration these signs few wet diapers lack energy dry mouth lips crying tears changes stool pyloric stenosis prevents food reaching intestines babies condition might constipated weight loss lack nutrition baby gain weight lose weight
Pyoderma gangrenosum,pyoderma gangrenosum starts small bump skin might spider bite days turn into large painful open sore sore legs anywhere surgical sites you sores they grow merge into
REM sleep behavior disorder,onset gradual sudden episodes occasionally several times night disorder worsens symptoms rem sleep behavior disorder movement kicking punching arm flailing jumping bed response action-filled violent dreams being chased defending yourself attack noises talking laughing shouting emotional outcries cursing being able recall dream you awaken episode
Tachycardia,general tachycardia these symptoms racing pounding heartbeat flopping chest called palpitations chest pain fainting lightheadedness rapid pulse shortness breath
Raynaud's disease,symptoms raynaud's disease cold fingers toes areas skin turn white then blue depending your skin color these color changes harder easier numb prickly stinging pain warming easing stress raynaud's commonly affects fingers toes affect areas nose lips ears nipples warming up return blood flow 15 minutes
Solitary rectal ulcer syndrome,signs symptoms solitary rectal ulcer syndrome constipation rectal bleeding straining bowel movements pain fullness your pelvis incomplete passing stool passing mucus your rectum fecal incontinence rectal pain
Rectovaginal fistula,common symptom rectovaginal fistula passing gas stool vagina depending fistula's size location you only minor symptoms you significant problems stool gas leakage keeping clean
Recurrent breast cancer,signs symptoms recurrent breast cancer vary depending where cancer comes back
Vesicoureteral reflux,these symptoms strong constant urge urinate burning when urinating need pass small amounts urine cloudy urine fever pain groin stomach babies small withutiscan't tell what their symptoms they fever no clear reason lack hunger fussiness bed-wetting constipation loss control bowel movements protein urine urgent need urinate urinating usual leaking urine accident called urinary incontinence
Renal artery stenosis,renal artery stenosis doesn't signs symptoms it's advanced condition discovered incidentally testing else your suspect problem you renal artery stenosis progresses signs symptoms whooshing sound blood flows narrowed vessel bruit your hears stethoscope placed your kidneys elevated protein levels urine signs problem kidney function fluid overload swelling your body's tissues treatment-resistant heart failure
Residual limb pain,residual limb pain symptoms begin soon surgery they start years amputation pain depend pain end stump pain prickling throbbing burning squeezing stabbing cramping residual limb move itself little lot
Retinal diseases,retinal diseases share common symptoms these floating specks cobwebs blurred distorted vision straight lines wavy defects vision vision loss you need try eye alone notice these changes
Retractile testicle,testicles abdomen fetal development final months development testicles gradually descend into scrotum descent isn't completed birth testicle descends few months your son retractile testicle testicle originally descended doesn't remain symptoms retractile testicle testicle moved hand groin into scrotum won't immediately retreat groin testicle might spontaneously scrotum remain there testicle might spontaneously disappear retractile testicle undescended testicle cryptorchidism undescended testicle entered scrotum
Reye's syndrome,reye's syndrome child's blood sugar drops levels ammonia acidity blood rise liver swell fats build up swelling brain seizures convulsions loss consciousness
Ringworm (body),signs symptoms ringworm scaly ring-shaped typically buttocks trunk arms legs itchiness clear scaly ring perhaps scattering bumps whose color ranges red white skin reddish purplish brown gray black brown skin round flat patch itchy skin overlapping rings
Ringworm (scalp),signs symptoms ringworm scalp up scalp scaly silvery patches broken hair you small black dots hair broken off right scalp round scaly inflamed patches where hair broken off scalp patches slowly bigger small black dots where hair broken off brittle fragile hair easily broken pulled out tender painful areas scalp
Rotator cuff injury,pain associated rotator cuff injury described dull ache deep shoulder disturb sleep difficult comb your hair reach behind your back accompanied arm weakness rotator cuff injuries don't pain
Rotavirus,healthy rotavirus infection only mild signs symptoms none
Rumination syndrome,symptoms rumination syndrome effortless regurgitation typically minutes eating fullness nausea losing weight trying rumination syndrome isn't associated retching
Ruptured spleen,signs symptoms ruptured spleen pain upper left stomach tenderness when you touch upper left stomach left shoulder pain confusion lightheadedness dizziness
Sacroiliitis,pain sacroiliitis buttocks lower back affect legs groin feet pain improve movement sacroiliitis pain worse sleeping sitting long standing long having weight leg stair climbing running taking large steps when moving forward
Seasonal affective disorder (SAD),cases seasonal affective disorder sad symptoms late fall early winter go sunnier days spring summer commonly opposite pattern symptoms begin spring summer case symptoms start out mild severe season progresses signs symptoms sad listless sad down nearly losing interest activities you enjoyed having low energy sluggish having problems sleeping too having difficulty concentrating hopeless worthless guilty having thoughts wanting live oversleeping appetite changes especially craving foods high carbohydrates weight gain tiredness low energy trouble sleeping insomnia poor appetite weight loss increased irritability
Salmonella infection,possible signs symptoms salmonella infection signs symptoms salmonella infection generally last few days diarrhea last up 10 days several months bowels return usual stool habits few varieties salmonella bacteria typhoid fever deadly disease common countries diarrhea stomach abdominal cramps fever nausea vomiting chills headache blood stool
Sarcoma,signs symptoms sarcoma lump skin painful bone pain bone breaks no clear minor injury no injury belly pain weight loss
Small intestinal bacterial overgrowth (SIBO),signs symptoms small intestinal bacterial overgrowth sibo loss appetite abdominal pain nausea bloating uncomfortable fullness eating diarrhea unintentional weight loss malnutrition
Spontaneous coronary artery dissection (SCAD),symptoms ofscadcan pain arms shoulders back jaw shortness breath unusual sweating upset stomach rapid heartbeat fluttery chest dizzy
Spinal cord injury,ability control your arms legs spinal cord injury depends factors factor where injury spinal cord factor how bad injury lowest spinal cord damaged injury known neurological level injury completeness injury refers how known sensation lost completeness classified complete ability control movement lost below spinal cord injury injury called complete incomplete control movement remain below affected injury called incomplete there varying degrees incomplete injury loss control movement known paralysis paralysis spinal cord injury referred tetraplegia known quadriplegia means your arms hands trunk legs pelvic organs affected your spinal cord injury paraplegia paralysis affects trunk legs pelvic organs arms your healthcare team performs series tests determine neurological level completeness your injury spinal cord injuries symptoms loss movement loss change sensation change ability heat cold touch loss bowel bladder control pain intense stinging sensation damage nerve fibers spinal cord trouble breathing coughing clearing secretions lungs
Scorpion sting,symptoms site scorpion sting pain intense numbness tingling slight swelling warmth symptoms venom affect whole who stung hard breathing muscle twitching thrashing unusual head neck eye movements drooling sweating slurred speech nausea vomiting fast heart rate tachycardia
Sebaceous carcinoma,symptoms sebaceous carcinoma vary based where starts cancer happens eyelid symptoms sebaceous carcinoma eyelid small painless lump upper eyelid lump pink red-brown yellow eyelid skin thicker swelling irritation eyelid lump skin lump yellow tan dark brown copper-colored depending your skin color lump forms head neck trunk arm leg
Tonic-clonic (grand mal) seizure,tonic-clonic seizures stages tonic phase tonic phase sound groan yell muscles suddenly stiff fall down loss consciousness phase tends last 10 20 seconds symptoms tonic-clonic seizures loss bowel bladder function happen seizure responding convulsions conscious several minutes convulsions ended confusion disoriented tonic-clonic seizure referred postictal confusion fatigue sleepiness common tonic-clonic seizure bad headache headaches tonic-clonic seizure
Temporal lobe seizure,odd called aura happen temporal lobe seizure aura acts warning who temporal lobe seizures auras who auras remembers them aura focal seizure loss consciousness sudden sense fear joy what's happening happened known deja vu sudden strange odor taste rising belly being roller coaster temporal lobe seizures keep responding others temporal lobe seizure lasts 30 seconds 2 minutes symptoms temporal lobe seizure being aware you staring lip smacking swallowing chewing finger movements picking motions temporal lobe seizure you confused trouble speaking unable recall what happened seizure unaware having seizure sleepy what starts temporal lobe seizure generalized tonic-clonic seizure seizure shaking known convulsions loss consciousness called grand mal seizure
Selective IgA deficiency,selective iga deficiency no symptoms illnesses typical they particular illness returns having frequent illnesses doesn't necessarily mean selective iga deficiency selective iga deficiency frequent repeat episodes ear infections particularly young colds sinus infections lung illnesses bronchitis pneumonia giardiasis parasitic illness digestive system diarrhea frequent illnesses eat well gain weight typical their age
Separation anxiety disorder,repeated intense distress when thinking separation when home loved ones being clingy having tantrums separation last longer severe kids age constant intense worry losing parent loved illness death disaster harm coming them constant worry bad happen being lost kidnapped causing separation parents loved ones wanting refusing home because fear separation repeated nightmares separation repeated complaints headaches stomachaches symptoms separation parent loved
Ventricular septal defect (VSD),symptoms serious heart problems birth congenital heart defects few days weeks months child's life symptoms ventricular septal defect vsd depend size hole there heart problems small vsd symptoms general vsd symptoms baby symptoms ventricular septal defect poor eating slow no physical growth failure thrive fast breathing breathlessness easy tiring whooshing sound when listening heart stethoscope heart murmur whooshing sound when listening heart stethoscope heart murmur
Sexually transmitted diseases (STDs),stisymptoms might sores bumps genitals oral rectal painful burning urination discharge penis unusual odorous vaginal discharge unusual vaginal bleeding sore swollen lymph nodes particularly groin widespread lower abdominal pain fever rash trunk hands feet
Shigella infection,symptoms shigella infection start contact germs illness up start symptoms diarrhea contain blood mucus last days stomach pain cramps needing pass stool when bowel empty fever upset stomach vomiting symptoms tend last up seven days they last longer no symptoms they've been infected shigella germs able spread stool up few weeks
Sjogren's syndrome,main symptoms sjogren's syndrome dry eyes your eyes might burn itch gritty there's sand them dry mouth your mouth might it's full cotton making difficult swallow speak sjogren's syndrome joint pain swelling stiffness swollen salivary glands particularly set located behind your jaw front your ears skin rashes dry skin vaginal dryness persistent dry cough prolonged fatigue
Stevens-Johnson syndrome,days rash you early signs stevens-johnson syndrome condition signs symptoms fever sore mouth throat fatigue burning eyes red purple rash spreads blisters your skin mucous membranes mouth nose eyes genitals shedding skin days blisters
Skull base tumors,symptoms skull base tumors based size tumor tumor where tumor growing skull base common symptoms skull base tumors headaches neck pain changes vision blurry double vision loss vision changes hearing hearing loss ringing ears problems walking balance clumsiness problems coordination hoarse voice problems breathing swallowing changes sense smell nosebleeds skull base tumors symptoms symptoms mild general symptoms headaches problems balance skull base tumors accident imaging scans tests symptoms
Sleep apnea,symptoms obstructive central sleep apneas overlap making difficult determine you common symptoms obstructive central sleep apneas loud snoring episodes you stop breathing sleep reported another gasping air sleep awakening dry mouth morning headache difficulty staying asleep known insomnia difficulty paying attention awake irritability
Small bowel cancer,symptoms small bowel cancer abdominal pain yellowing skin whites eyes called jaundice weak tired nausea vomiting losing weight trying blood stool might red black watery diarrhea skin flushing
Small bowel prolapse (enterocele),pulling sensation your pelvis eases when you lie down low back pain eases when you lie down soft bulge tissue your vagina vaginal discomfort painful intercourse dyspareunia
Snoring,snoring associated sleep disorder called obstructive sleep apnea osa snorers osa snoring accompanied symptoms indication evaluation osa witnessed breathing pauses sleep difficulty concentrating morning headaches sore throat awakening restless sleep gasping choking night chest pain night your snoring loud it's disrupting your partner's sleep poor attention span behavioral issues poor performance school osa characterized loud snoring followed periods silence when breathing stops nearly stops eventually reduction pause breathing signal you wake up you awaken loud snort gasping sound you sleep lightly disrupted sleep pattern breathing pauses repeated times night
Specific phobias,common types specific phobias fears situations airplanes driving enclosed spaces going school nature thunderstorms heights dark animals insects dogs snakes spiders blood shots injuries needles accidents medical procedures others choking throwing up loud noises clowns no matter what specific phobia you you know your fears reasonable big you think they you cannot control them trouble daily activities because your fear physical reactions feelings sweating rapid heartbeat tight chest trouble breathing throwing up you dizzy faint especially blood injuries tantrums they cling cry refuse leave parent's approach their fear when childhood fears fear dark monsters being left alone common outgrow them your ongoing strong fear interferes how they act school work daily talk your child's right therapy help sooner you ask help likely therapy effective
Spider bites,typically spider bite bug bite red inflamed itchy painful bump your skin go unnoticed harmless spider bites don't produce symptoms skin sores bacterial infection bites spiders widow spiders recluse spiders might serious signs symptoms signs symptoms widow spider bite symptoms last 1 3 days signs symptoms recluse spider bite you might pain swelling bite spread into your abdomen back chest increasing pain eight hours bite fever chills aches bite wound pale center turns dark blue purple red ring bite wound grows into open sore ulcer skin dying
Spina bifida,symptoms spina bifida vary another spina bifida occulta typically there aren't symptoms spina bifida occulta because spinal nerves aren't involved you symptoms newborn's skin above small gap spine you might tuft hair small dimple birthmark these skin marks symptoms spinal cord issue withmrior spinal ultrasound newborn meningocele affect bladder bowel function
Spinal cord tumor,spinal cord tumors signs symptoms when symptoms happen they might start spine tumor spinal cord tumor grows hurt nearby nerves symptoms parts spine spinal cord tumor symptoms pain spot where tumor forms pain worse night pain worse spinal cord tumor grows hurt nearby nerves symptoms happen those nerves symptoms changes being sensitive pain heat cold loss bowel bladder function muscle weakness trouble walking falls spinal cord tumors happen rarely symptoms spinal cord tumors curve spine back neck pain worse night changes walks falling tripping usual muscle weakness
Staph infections,mrsa infections start out small red bumps quickly turn into deep painful abscesses skin infections staph bacteria boils common staph infection boil pocket pus hair follicle oil gland skin infected red swollen boil breaks open probably drain pus boils arms groin buttocks septic arthritis staph infection bacteria target knees shoulders hips fingers toes artificial joints risk infection signs symptoms contagious painful rash staph bacteria impetigo large blisters ooze fluid honey-colored crust cellulitis infection deeper layers skin redness swelling surface your skin sores areas oozing discharge too nausea vomiting diarrhea dehydration internal organs your brain meningitis heart endocarditis lungs pneumonia bones muscles surgically implanted devices artificial joints cardiac pacemakers high fever nausea vomiting rash your palms soles sunburn confusion muscle aches diarrhea stomach pain joint swelling severe pain affected joint fever
Trigger finger,symptoms trigger finger progress mild severe finger stiffness particularly morning popping clicking sensation finger moves tenderness bump palm base affected finger finger catching locking bent position suddenly pops straight finger locked bent position trigger finger affect finger thumb finger affected hands might involved triggering worse morning
Stress incontinence,you stress incontinence you leak urine when you cough sneeze laugh bend lift heavy
Suicide and suicidal thoughts,suicide warning signs suicidal thoughts getting means your own life buying gun stockpiling pills withdrawing social contact wanting left alone being preoccupied death dying violence trapped hopeless situation increasing alcohol drugs changing normal routine eating sleeping patterns doing risky self-destructive drugs driving recklessly saying goodbye they won't warning signs aren't obvious they vary their intentions clear others keep suicidal thoughts feelings secret
Sun allergy,how skin sun allergy varies widely depending color your skin what's causing symptoms signs symptoms itchiness pruritus stinging tiny bumps merge into raised patches blisters hives
Supraventricular tachycardia,main symptom supraventricular tachycardia svt fast heartbeat last few minutes few days heart beats 100 times minute duringsvt heart beats 150 220 times minute fast heartbeat come go suddenly symptoms supraventricular tachycardia pounding fluttering feelings chest called palpitations pounding sensation neck chest pain fainting almost fainting lightheadedness dizziness shortness breath sweating withsvtdo notice symptoms infants young symptoms ofsvtmay vague symptoms sweating poor feeding change skin color rapid pulse your infant young these symptoms talk healthcare professional
Suspicious breast lumps,breast tissue typically might lumpy ropy you breast tenderness comes goes your menstrual period you problem affects your breasts you might notice changes how your breasts these changes round smooth firm breast lump lump firm moves easily skin hard breast lump irregular edges skin changed color skin dimpling orange changes breast size shape fluid leaking nipple
Swollen knee,signs symptoms typically skin your kneecap puff up noticeably especially when you compare affected knee your depending fluid buildup your knee might painful point it's impossible bear weight
Synovial sarcoma,signs symptoms synovial sarcoma depend where cancer starts notice painless lump bump slowly bigger lump starts knee ankle synovial sarcoma symptoms lump bump skin slowly bigger joint stiffness pain swelling synovial sarcoma happens head neck symptoms these problems breathing difficulty swallowing changes voice sounds
Systemic mastocytosis,signs symptoms systemic mastocytosis flushing itching hives abdominal pain diarrhea nausea vomiting anemia bleeding disorders bone muscle pain enlarged liver spleen lymph nodes mast cells triggered produce substances inflammation symptoms triggers common ones alcohol skin irritation spicy foods insect stings certain medications when talk your you problems flushing hives you concerns signs symptoms above
Tapeworm infection,symptoms depend mostly where infection happens
Total anomalous pulmonary venous return (TAPVR),symptoms oftapvrmay soon birth don't symptoms later life serious congenital heart defects diagnosed soon born you think your baby symptoms total anomalous pulmonary venous return tapvr call your child's healthcare professional
Tuberculosis,when tb germs survive multiply lungs called tb infection tb infection stages symptoms stage primary tb infection stage called primary infection immune system cells capture germs immune system completely destroy germs captured germs survive multiply don't symptoms primary infection flu-like symptoms latent tb infection primary infection followed stage called latent tb infection immune system cells build wall lung tissue tb germs germs can't harm immune system keeps them control germs survive there no symptoms latent tb infection active tb disease active tb disease happens when immune system can't control infection germs disease throughout lungs parts active tb disease happen right primary infection happens months years latent tb infection symptoms active tb disease lungs begin gradually worsen few weeks they common sites active tb disease lungs active tb disease symptoms active tb disease vary typically symptoms age low fever tiredness cough cough coughing up blood mucus chest pain pain breathing coughing fever chills night sweats weight loss wanting eat tiredness well general fever chills night sweats weight loss wanting eat tiredness well general pain site infection kidneys liver fluid surrounding brain spinal cord heart muscles genitals lymph nodes bones joints skin walls blood vessels symptoms similar symptoms younger fever won't go weight loss being sluggish active unusually fussy vomiting poor feeding bulging soft spot head being sluggish active unusually fussy vomiting poor feeding bulging soft spot head
Teeth grinding (bruxism),teeth grinding clenching loud enough wake up your sleep partner teeth flattened fractured chipped loose tooth pain sensitivity tired tight jaw muscles locked jaw won't open your jaw pop click jaw neck face pain soreness pain earache it's really problem your ear dull headache starting your temples sides your head your forehead ears sleep problems your dentist healthcare professional you symptoms grinding clenching your teeth you concerns your teeth jaws
TEN,widespread skin pain spreading rash covering 30 blisters large areas peeling skin sores swelling crusting mucous membranes mouth eyes vagina
Thrombocytosis,headache confusion changes speech chest pain shortness breath nausea weakness burning pain hands feet commonly high platelet levels bleeding nosebleeds bruising bleeding your mouth gums bloody stool
Thyroid nodules,thyroid nodules don't signs symptoms occasionally nodules large they swelling base your neck increased sweating tremor nervousness rapid irregular heartbeat
Transient ischemic attack (TIA),transient ischemic attacks last few minutes symptoms disappear hour rarely symptoms last up 24 hours symptoms atiaare similar those early stroke symptoms happen suddenly weakness numbness paralysis face arm leg typically slurred speech trouble understanding others blindness eyes double vision dizziness loss balance coordination you onetia their symptoms similar depending brain involved
Tongue cancer,when tongue cancer happens mouth sign sore tongue doesn't heal symptoms pain bleeding mouth lump thickening tongue when tongue cancer happens throat sign swollen lymph nodes neck symptoms coughing up blood weight loss ear pain there lump back mouth throat neck tongue cancer symptoms red white patch tongue lining mouth sore throat doesn't go caught throat numbness mouth tongue difficulty pain chewing swallowing moving jaws tongue swelling jaw change voice
Tonsil cancer,signs symptoms tonsil cancer difficulty swallowing sensation caught back throat swelling pain neck earache jaw stiffness
Tricuspid valve disease,symptoms tricuspid valve disease depend specific valve condition how severe tricuspid stenosis symptoms mild symptoms fast pounding heartbeat fluttering neck fatigue tricuspid regurgitation symptoms condition vague symptoms weakness fatigue swelling legs belly there pulsing neck veins tricuspid atresia ebstein anomaly symptoms birth they blue gray skin lips depending skin color these changes easier harder difficulty breathing slow growth poor weight gain tiring easily especially feedings types tricuspid valve disease symptoms right-sided heart failure right-sided heart failure symptoms fatigue weakness shortness breath swelling legs ankles feet swelling belly condition called ascites sudden weight gain buildup fluid
Tricuspid valve regurgitation,tricuspid valve regurgitation doesn't symptoms condition severe when medical tests done another reason symptoms tricuspid valve regurgitation shortness breath activity feelings rapid pounding heartbeat pounding pulsing neck swelling belly legs neck veins
Triple X syndrome,occasionally significant symptoms vary individuals these signs symptoms up delayed development speech language skills well motor skills sitting up walking learning disabilities difficulty reading understanding math behavioral problems attention-deficit hyperactivity disorder adhd symptoms autism spectrum disorder problems fine gross motor skills memory judgment information processing vertical folds skin cover inner corners eyes epicanthal folds widely spaced eyes curved pinky fingers flat feet breastbone inward bowed shape weak muscle tone hypotonia seizures problems kidneys ovaries don't work properly young age premature ovarian failure
Ulnar wrist pain,symptoms ulnar wrist pain pain worsens when gripping twisting wrist loss strength when trying grip firmly trouble moving wrist rotating forearm popping clicking sound when moving wrist
Ureteral cancer,signs symptoms ureteral cancer blood urine urine red pink cola colored back pain pain when urinating losing weight trying tired
Urinary tract infection (UTI),utis don't symptoms when they they strong urge urinate doesn't go burning when urinating urinating passing small amounts urine urine cloudy urine red bright pink cola-colored signs blood urine strong-smelling urine pelvic pain especially center pelvis pubic bone older utis overlooked mistaken conditions
Urine color,regular color urine varies depends how water you drink fluids dilute yellow pigments urine you drink clearer your urine when you drink yellow color stronger urine turn colors what's typical red blue green orange dark brown cloudy white
Vaginal agenesis,vaginal agenesis goes unnoticed females reach their teens don't menstruate amenorrhea signs puberty follow typical female development vaginal agenesis these features genitals typical female there no uterus that's only partially there's tissue lining uterus endometrium monthly cramping chronic abdominal pain ovaries typically fully functional they unusual location abdomen pair tubes eggs travel ovaries uterus fallopian tubes absent typically vaginal agenesis associated issues problems development kidneys urinary tract developmental changes bones spine ribs wrists hearing problems congenital conditions involve heart gastrointestinal tract limb growth
Vaginal fistula,vaginal fistula symptoms leaking urine stool passing gas vagina urinary tract infections happen urine unusual odor contains blood vaginal fluid called discharge smells unusual pain swelling irritation vagina anus called perineum repeated infections vagina
Vaginitis,vaginitis signs symptoms change color odor amount discharge your vagina vaginal itching irritation painful urination light vaginal bleeding spotting main symptom itching you might thick white discharge resembles cottage cheese infection called trichomoniasis trik-o-moe-nie-uh-sis greenish-yellow frothy discharge
Vascular rings,vascular ring don't symptoms symptoms aren't noticed later life symptoms vascular ring wheezing coughing especially coughing long-term called chronic doesn't go cold noisy breathing heartburn frequent respiratory infections trouble swallowing spitting up choking difficulty eating prefer soft foods eat slowly chew thoroughly vascular ring born heart conditions specific symptoms depend types heart conditions congenital heart conditions vascular rings diagnosed soon born your baby symptoms heart condition call your child's healthcare professional you sent trained heart diseases called cardiologist help right your baby trouble breathing call your baby's healthcare professional your symptoms vascular ring coughing wheezing noisy breathing difficulty feeding swallowing
Vertebral tumor,signs symptoms vertebral tumors back pain tumor back pain radiates shoots back nearby back pain that's worse night changes sensation numbness pins needles loss ability move loss control bladder bowels muscle weakness
Vocal cord paralysis,vocal cord paralysis involves loss control only vocal cord paralysis vocal cords rare serious condition hard speak trouble breathing swallowing symptoms vocal cord paralysis breathy quality voice hoarseness noisy breathing shortness breath loss vocal pitch choking coughing swallowing food drink saliva need several breaths speaking inability speak loudly ineffective coughing frequent throat clearing
Whiplash,symptoms whiplash start days injury they neck pain stiffness pain worse neck movement loss range motion neck headaches starting base skull tenderness pain shoulder upper back arms tingling numbness arms tiredness dizziness blurred vision ringing ears called tinnitus trouble sleeping crankiness trouble focusing memory problems
X-linked agammaglobulinemia,when these antibodies leave their systems babies begin repeat bacterial infections infections life-threatening infections might involve ears lungs sinuses skin small tonsils small no lymph nodes
Zenker's diverticulum,small zenker's diverticulum symptoms bulge bigger trap food mucus pills symptoms might trouble swallowing called dysphagia burping gurgling noise back throat coughing hoarseness bad breath choking pouch big enough what's spill into throat then zenker's diverticulum symptoms might food stuck throat coughing up spitting up food 1 2 hours eating called regurgitation breathing food into lungs called aspirating
Acne,comedones papules pustules nodules cysts scarring
Rosacea,facial redness swollen red bumps eye problems enlarged nose
Alopecia,hair loss bald patches thinning hair
Bacterial skin infections,redness swelling pain warmth pus-filled lesions
Cutaneous adverse drug reactions,rash itching hives swelling blisters
Dermatophytosis,red itchy scaly patches blisters peeling skin
Eczema/Dermatitis,dry red itchy skin inflammation rash blisters crusting
Immunobullous dermatoses,fluid-filled blisters erosions crusting itching pain
Psoriasis,red scaly patches silvery scales itching burning swollen joints
Rationale use of Topical Steroids,depends condition being treated specific steroid
Scabies,intense itching rash small red bumps scales
Urticaria,raised itchy welts swelling redness burning stinging
Varicella and Herpes,blisters itching fatigue fever headache
Vitiligo,loss skin color patchy depigmentation premature whitening hair
Neonatal Hypoglycemia,refer history delayed cry birth abnormal value follow appropriate stw neonatal triage check vitals blood glucose
Neonatal Jaundice,jaundice transitional stools minor birth trauma minor malformations breastfeeding difficulty regurgitation
Neonatal Seizures,maintain tabc check blood glucose administer dextrose iv calcium gluconate iv phenobarbitone iv
Neonatal Triage,temperature heart rate respiratory rate oxygen saturation capillary refill blood glucose
Post Asphyxial Management of Neonates,lethargy coma irritability absent spontaneous movements
Supracondylar fracture of Humerus in Children,cover skin defects warm saline gauze maintain hydration consult surgeon
Constipation,decreased frequency bowel motions passage hard large stools painful bowel motions difficulty pushing out
Empyema,chest pain shortness breath cough fever sweating rapid heartbeat
Hernia in children/ Congenital Hernia,visible bulge abdomen groin pain discomfort swelling lump
Undescended Testes,absence testes scrotum empty scrotum smaller normal scrotum
Infertility,difficulty conceiving regular unprotected intercourse
Female Infertility,difficulty conceiving regular unprotected intercourse irregular menstrual cycles hormonal imbalances
Haemolytic Anaemia,fatigue weakness pale yellowish skin shortness breath dizziness rapid heart rate
Epidermolysis bullosa,blistering skin response minor injury friction fragile skin thickened skin palms soles
Congenital syphilis,rash fever swollen liver spleen jaundice anemia bone deformities meningitis
